-14.001299999999999,-0.0141
-14.001299999999999,-0.0141
-14.001299999999999,0.0423
-14.0154,0.0423
-14.0154,0.0423
-14.0154,0.0423
-14.001299999999999,0.0423
-14.001299999999999,0.0423
-14.001299999999999,0.0423
-14.0436,0.0423
-14.0154,0.0423
-14.0154,-2.1713999999999998
-14.057699999999999,-2.1713999999999998
-14.114099999999999,-2.1713999999999998
-14.114099999999999,-7.4448
-14.1,-7.4448
-14.1,-7.4448
-14.1,-10.9416
-14.170499999999999,-10.9416
-14.170499999999999,-10.9416
-14.170499999999999,-11.745299999999999
-14.2128,-11.745299999999999
-14.226899999999999,-11.745299999999999
-14.226899999999999,-12.408
-14.311499999999999,-12.408
-14.311499999999999,-12.408
-14.311499999999999,-12.5631
-14.311499999999999,-12.5631
-14.311499999999999,-12.5631
-14.311499999999999,-10.0533
-14.311499999999999,-10.0533
-14.2974,-10.0533
-14.2974,-6.8526
-14.241,-6.8526
-14.241,-5.2593
-14.241,-5.2593
-14.198699999999999,-5.2593
-14.198699999999999,-4.9632
-14.198699999999999,-4.9632
-14.142299999999999,-4.9632
-14.142299999999999,-4.7799000000000005
-14.142299999999999,-4.7799000000000005
-14.0718,-4.7799000000000005
-14.0718,-4.4979
-14.0718,-4.4979
-13.860299999999999,-4.4979
-13.7616,-5.1042
-13.7616,-5.1042
-13.5924,-5.1042
-13.5642,-9.0522
-13.5642,-9.0522
-13.324499999999999,-9.0522
-13.3104,-10.8147
-13.3104,-10.8147
-12.9015,-10.8147
-12.8028,-11.5338
-12.8028,-11.5338
-12.3798,-11.5338
-12.2388,-12.0414
-12.2388,-12.0414
-11.858099999999999,-12.0414
-11.858099999999999,-12.2529
-11.858099999999999,-12.2529
-11.463299999999998,-12.2529
-11.463299999999998,-12.2529
-9.165000000000001,-10.716
-8.8266,-10.716
-8.8407,-10.716
-11.0826,-8.3895
-10.8711,-8.3895
-10.9839,-8.3895
-8.7279,-7.1346
-8.5305,-6.063
-8.600999999999999,-6.063
-8.600999999999999,-6.063
-8.488199999999999,-5.5272
-8.572799999999999,-5.5272
-8.572799999999999,-5.5272
-8.600999999999999,-5.1183
-8.600999999999999,-5.1183
-8.600999999999999,-5.1183
-8.3613,-4.5261
-8.375399999999999,-4.5261
-8.375399999999999,-4.5261
-7.994699999999999,-5.2593
-8.1357,-5.2593
-8.1357,-5.2593
-7.938299999999999,-5.2593
-6.1758,-7.4166
-6.1758,-7.4166
-5.9079,-7.4166
-5.9925,-7.797300000000001
-5.9925,-7.797300000000001
-5.7387,-7.797300000000001
-5.654100000000001,-8.488199999999999
-5.654100000000001,-8.488199999999999
-5.3157,-8.488199999999999
-5.3157,-8.8689
-5.3157,-8.8689
-5.0619,-8.8689
-5.0619,-8.9817
-5.0619,-8.9817
-5.0478,-8.9817
-5.0901,-7.1346
-5.0901,-7.1346
-5.1042,-7.1346
-5.1042,-5.1183
-5.1042,-5.1183
-5.0619,-5.1183
-4.7799000000000005,-4.4415
-4.7799000000000005,-4.4415
-4.6389000000000005,-4.4415
-3.9902999999999995,-3.5814
-3.9902999999999995,-3.5814
-4.1312999999999995,-2.9469
-4.1312999999999995,-2.9469
-4.1312999999999995,-2.9469
-3.8916000000000004,-2.679
-3.8916000000000004,-2.679
-3.8916000000000004,-2.679
-3.6801,-2.9892
-3.6801,-2.9892
-2.9469,-2.9892
-2.7636,-4.4697
-2.7636,-4.4697
-2.7636,-4.4697
-2.5098,-5.5554
-2.5098,-5.5554
-2.5098,-5.5554
-2.1008999999999998,-6.1335
-2.1008999999999998,-6.1335
-1.8189,-6.1335
-1.551,-6.627
-1.551,-6.627
-1.4664,-6.627
-1.0151999999999999,-6.6552
-1.0151999999999999,-6.6552
-1.0151999999999999,-6.6552
-0.8178,-5.2734
-0.8178,-5.2734
-0.3102,-5.2734
-0.1833,-3.9339000000000004
-0.1833,-3.9339000000000004
-0.0282,-3.9339000000000004
0.1128,-2.8341000000000003
0.1128,-2.8341000000000003
0.1128,-2.8341000000000003
0.25379999999999997,-1.9317000000000002
0.25379999999999997,-1.9317000000000002
0.6345,-1.9317000000000002
0.8037,-1.0715999999999999
0.8037,-1.0715999999999999
0.8037,-0.7896
0.9447,-0.7896
0.9447,-0.7896
0.9447,-1.3536
1.0715999999999999,-1.3536
1.0715999999999999,-1.3536
1.4523,-1.6074
1.7202,-1.6074
1.7202,-1.6074
1.7202,-1.8189
2.3124000000000002,-1.8189
2.3124000000000002,-1.8189
2.3124000000000002,-2.2137
2.8059000000000003,-2.2137
2.8059000000000003,-2.2137
3.2994,-2.7072
3.4404,-2.7072
3.4404,-2.7072
3.4404,-2.961
3.5109,-2.961
3.5109,-2.961
3.5109,-2.3547000000000002
4.0607999999999995,-2.3547000000000002
4.0607999999999995,-2.3547000000000002
4.4274,-1.6779
4.4697,-1.6779
4.4697,-1.6779
4.4697,-0.6909
5.0619,-0.6909
5.0619,-0.6909
5.0619,0.7332
5.217,0.7332
5.217,0.7332
4.4556,1.3818
4.3709999999999996,1.3818
4.3709999999999996,1.3818
4.3709999999999996,1.7484
4.9209,1.7484
4.9209,1.7484
4.9209,1.7484
5.2311,1.9317000000000002
5.2311,1.9599000000000002
5.781,1.9599000000000002
5.724600000000001,1.9599000000000002
5.724600000000001,1.9599000000000002
5.724600000000001,1.9599000000000002
6.5424,1.9599000000000002
6.5424,1.833
6.5424,1.833
7.1205,1.833
7.1205,0.6345
7.1205,0.6345
5.654100000000001,0.6345
5.654100000000001,0.141
5.654100000000001,0.141
6.2322,0.141
6.2322,0.3807
6.2322,0.3807
6.7116,0.3807
6.7116,0.9447
7.2051,0.9447
6.9795,0.9447
6.9795,0.9447
5.625900000000001,1.4523
6.1194,1.4523
6.1194,1.4523
7.670400000000001,2.7072
8.5023,2.7072
8.5023,2.7072
6.7116,3.3981
6.5565,3.3981
6.5565,3.3981
6.5565,3.3981
7.740900000000001,3.3981
7.740900000000001,3.3981
7.740900000000001,3.6942
6.486,3.6942
6.486,3.6942
6.486,3.8211000000000004
6.8949,3.2571
6.8949,3.2571
6.8949,3.2571
7.332,3.1725
7.332,3.1725
7.332,3.1725
6.3873,2.4957
6.3873,2.4957
6.3873,2.4957
6.9936,2.4957
8.770199999999999,2.6508
7.740900000000001,2.6508
7.5999,2.6508
7.5999,3.0879
7.5999,3.0879
8.2203,3.0879
8.2203,2.7213
8.2203,2.7213
8.770199999999999,2.7213
8.770199999999999,3.2994
8.770199999999999,3.2994
9.475200000000001,3.2994
7.3884,3.666
7.3884,3.666
8.036999999999999,3.666
8.036999999999999,4.4697
8.036999999999999,4.4697
8.4741,4.4697
8.4741,5.2593
8.4741,5.2593
9.165000000000001,5.2593
9.165000000000001,5.1324
9.165000000000001,5.1324
10.0956,5.1324
10.0956,5.4708
10.0956,5.4708
8.3613,5.4708
8.3613,5.4708
9.249600000000001,5.4708
8.9958,5.4708
8.9958,4.7235000000000005
10.0392,4.7235000000000005
9.729,4.5966000000000005
9.729,4.5966000000000005
9.729,4.5966000000000005
10.6878,4.5684000000000005
10.6878,4.5684000000000005
10.6878,4.5684000000000005
8.6433,5.4849
8.6433,5.4849
8.6433,5.4849
9.306000000000001,5.625900000000001
9.306000000000001,5.625900000000001
9.306000000000001,5.625900000000001
10.1379,5.076
10.1379,5.076
10.1379,5.076
9.743099999999998,6.1053
9.743099999999998,6.1053
9.743099999999998,6.1053
11.4351,7.0782
11.4351,7.0782
11.4351,7.0782
9.616200000000001,6.8385
9.616200000000001,6.8385
10.3494,6.8385
10.0251,6.0348
10.0251,6.0348
10.0251,6.0348
10.8147,6.4578
10.8147,6.4578
10.8147,6.4578
11.6466,7.0077
11.6466,7.0077
9.912299999999998,7.0077
12.4785,6.9231
12.4785,6.9231
12.4785,6.9231
13.465499999999999,6.768
13.465499999999999,6.768
13.465499999999999,6.6693
11.2377,6.6693
11.2377,6.6693
12.0414,7.3179
11.858099999999999,7.3179
11.858099999999999,7.3179
15.566400000000002,7.684500000000001
12.6477,7.684500000000001
12.6477,7.684500000000001
12.6477,7.5717
13.521899999999999,7.5717
13.521899999999999,7.5717
14.6922,7.896000000000001
14.4666,7.896000000000001
14.4666,7.896000000000001
14.4666,9.588000000000001
11.829899999999999,9.588000000000001
11.829899999999999,9.588000000000001
15.072899999999999,9.912299999999998
16.0881,9.912299999999998
16.0881,9.912299999999998
16.0881,9.249600000000001
16.807199999999998,9.249600000000001
16.807199999999998,9.249600000000001
13.0143,9.6867
13.6206,9.6867
13.6206,9.6867
13.6206,10.5327
14.396099999999999,10.5327
14.396099999999999,10.5327
14.396099999999999,10.5327
14.819099999999999,9.6303
14.819099999999999,9.6303
15.721499999999999,9.6303
15.213899999999999,9.4893
15.213899999999999,9.4893
15.213899999999999,9.4893
15.749699999999999,11.6748
15.749699999999999,11.6748
15.749699999999999,11.6748
16.215,11.3223
16.215,10.0251
16.215,10.0251
13.662899999999999,10.0251
13.662899999999999,9.940499999999998
13.662899999999999,9.940499999999998
13.719299999999999,9.940499999999998
13.719299999999999,10.6878
13.719299999999999,10.6878
13.719299999999999,10.6878
13.719299999999999,11.8722
13.719299999999999,11.8722
13.803899999999999,11.8722
11.7594,11.547899999999998
11.7594,11.547899999999998
11.7312,11.547899999999998
11.7312,11.604299999999999
13.8744,11.604299999999999
14.001299999999999,11.604299999999999
14.001299999999999,11.604299999999999
11.7312,11.858099999999999
11.773499999999999,11.858099999999999
11.773499999999999,11.858099999999999
11.773499999999999,10.8147
11.999099999999999,10.8147
11.999099999999999,10.8147
11.999099999999999,9.940499999999998
12.4362,9.940499999999998
12.4362,9.940499999999998
12.4362,9.024
12.972,9.024
12.972,9.024
11.547899999999998,8.9394
11.9568,8.9394
11.9568,8.9394
13.578299999999999,9.1227
12.6336,9.1227
12.6336,9.1227
13.803899999999999,8.657399999999999
13.268099999999999,9.3483
13.268099999999999,9.3483
13.268099999999999,9.3483
13.860299999999999,9.3483
13.860299999999999,10.5609
13.860299999999999,10.5609
14.678099999999999,10.5609
12.1119,11.449200000000001
12.1119,11.449200000000001
12.9438,11.449200000000001
15.848400000000002,11.562
15.848400000000002,11.562
13.606499999999999,11.562
13.606499999999999,11.4774
13.606499999999999,11.4774
14.6358,11.4774
14.6358,11.604299999999999
14.6358,11.604299999999999
15.665099999999999,11.604299999999999
15.665099999999999,11.8722
15.665099999999999,11.8722
16.919999999999998,11.8722
16.919999999999998,11.0685
16.919999999999998,11.0685
15.101099999999999,11.0685
15.101099999999999,11.195400000000001
15.101099999999999,11.195400000000001
15.848400000000002,11.195400000000001
19.2606,11.999099999999999
19.2606,11.999099999999999
16.9341,11.999099999999999
16.9341,11.703
16.9341,11.703
17.8506,11.703
17.8506,12.1683
17.8506,12.1683
17.343,12.1683
21.5448,13.6206
21.5448,13.6206
19.6836,13.6206
19.6836,14.085899999999999
19.6836,14.085899999999999
16.243199999999998,14.5794
16.243199999999998,14.5794
17.582700000000003,14.5794
22.390800000000002,15.284400000000002
22.390800000000002,15.284400000000002
22.390800000000002,15.284400000000002
18.005699999999997,15.016499999999999
18.005699999999997,15.016499999999999
18.005699999999997,15.016499999999999
18.837600000000002,15.157499999999999
18.837600000000002,15.157499999999999
20.0643,15.157499999999999
19.824599999999997,15.397200000000002
19.824599999999997,15.397200000000002
19.824599999999997,15.397200000000002
20.727,14.480699999999999
20.727,14.480699999999999
20.727,14.480699999999999
21.6858,14.7768
21.6858,14.7768
23.025299999999998,14.7768
22.729200000000002,15.622800000000002
22.729200000000002,15.622800000000002
23.8431,15.622800000000002
17.8647,14.649899999999999
17.8647,14.649899999999999
17.8647,14.649899999999999
24.5622,14.9178
24.5622,14.9178
25.563299999999998,14.9178
19.0491,16.3137
19.0491,16.3137
19.8387,16.3137
19.542599999999997,17.625
19.542599999999997,17.625
19.542599999999997,17.625
19.9233,17.625
19.9233,18.231299999999997
20.586,17.3853
20.2194,17.3853
20.2194,17.3853
20.2194,18.2454
20.5437,18.2454
20.5437,18.2454
20.5437,21.3756
20.6988,21.3756
20.6988,21.3756
21.2346,19.3593
20.7693,19.3593
20.7693,19.3593
20.7693,16.0035
20.7411,16.0035
20.7411,16.0035
20.7411,15.538200000000002
16.468799999999998,15.538200000000002
16.468799999999998,15.538200000000002
16.976399999999998,15.721499999999999
16.4829,15.721499999999999
16.4829,15.721499999999999
16.4829,14.8896
15.848400000000002,14.8896
15.848400000000002,14.8896
15.848400000000002,14.8896
15.1152,14.142299999999999
15.1152,14.142299999999999
16.299599999999998,14.142299999999999
15.524099999999999,16.355999999999998
15.524099999999999,16.355999999999998
15.524099999999999,16.355999999999998
11.745299999999999,16.637999999999998
11.745299999999999,16.637999999999998
11.745299999999999,16.637999999999998
11.336400000000001,15.087
11.336400000000001,15.087
11.688899999999999,15.087
10.9557,14.988299999999999
10.9557,14.988299999999999
10.9557,14.988299999999999
10.6173,15.0024
10.6173,14.706299999999999
10.6173,14.706299999999999
10.5327,14.706299999999999
10.5327,13.7334
8.149799999999999,13.7334
7.5999,13.7334
7.5999,11.886299999999999
7.5999,11.886299999999999
7.5858,11.886299999999999
7.5858,11.886299999999999
10.6878,10.7019
10.8993,10.7019
10.8993,10.7019
8.347199999999999,10.857
7.867800000000001,10.857
7.867800000000001,10.857
7.867800000000001,10.7583
8.1639,10.7583
8.1639,10.7583
8.1639,9.8418
8.516399999999999,9.8418
8.516399999999999,9.8418
9.5175,9.4047
9.0099,9.4047
9.0099,9.4047
9.0099,11.4774
6.5706,11.4774
6.5706,11.4774
9.6303,12.2811
10.4763,12.2811
10.4763,12.2811
8.008799999999999,11.167200000000001
7.4871,11.167200000000001
7.4871,11.167200000000001
8.6433,11.0685
8.2767,11.0685
8.2767,11.0685
8.2767,12.2529
8.9958,12.2529
8.9958,11.9568
8.9958,11.9568
9.8418,11.9568
9.8418,10.9416
7.5576,10.9416
7.1487,10.9416
7.1487,10.857
7.1487,10.857
7.740900000000001,10.857
7.740900000000001,10.5609
7.740900000000001,10.5609
8.206199999999999,10.5609
8.206199999999999,10.0392
8.206199999999999,10.0392
8.741999999999999,10.0392
8.741999999999999,10.0392
8.741999999999999,10.0392
9.2073,10.0392
6.0207,10.4904
6.0207,10.4904
6.2322,10.4904
9.6303,10.2225
6.9372,10.2225
6.5847,10.2225
6.5847,9.531600000000001
6.5847,9.531600000000001
6.6975,9.531600000000001
6.6975,9.8418
6.6975,9.8418
6.9936,9.8418
6.9936,10.5327
4.2863999999999995,10.5327
3.8916000000000004,10.5327
3.8916000000000004,9.8418
3.8916000000000004,9.8418
3.9057000000000004,9.8418
3.9057000000000004,8.6997
3.9057000000000004,8.6997
3.9480000000000004,8.6997
3.9480000000000004,8.8266
4.4274,8.8266
4.0325999999999995,8.9817
4.0325999999999995,8.9817
4.0325999999999995,8.9817
4.2299999999999995,8.9817
4.2299999999999995,8.9817
4.2299999999999995,8.9817
1.6074,7.726800000000001
1.6074,7.726800000000001
1.9599000000000002,7.726800000000001
4.6107000000000005,5.9502
4.6107000000000005,5.9502
1.9880999999999998,5.9502
1.6779,6.2886
1.6779,6.2886
1.6779,6.2886
1.692,6.6411
1.692,6.6411
2.1149999999999998,6.6411
1.7907,6.6411
1.7907,6.6411
1.7907,6.6411
1.6638,6.1053
1.6638,6.1053
1.6638,6.1053
-0.7191,7.1205
-0.7191,7.1205
-0.3102,7.1205
-0.6486,7.797300000000001
-0.6486,7.797300000000001
-0.6486,7.797300000000001
-0.6204,7.797300000000001
-0.6204,6.0207
-0.6204,6.0207
-0.6063,6.0207
-2.7213,5.625900000000001
-2.538,5.625900000000001
-2.7636,5.625900000000001
-0.4653,5.5695
-2.3970000000000002,4.1171999999999995
-2.5239,4.1171999999999995
-2.5239,4.1171999999999995
-2.5239,2.3265000000000002
-2.3688000000000002,2.3265000000000002
-2.3688000000000002,2.3265000000000002
-2.1290999999999998,1.8612
-2.2137,1.8612
-2.2137,1.8612
-2.2137,1.9599000000000002
-4.3991999999999996,1.9599000000000002
-4.3991999999999996,1.9599000000000002
-4.3991999999999996,2.0867999999999998
-4.3991999999999996,2.0867999999999998
-4.3991999999999996,2.0867999999999998
-4.1453999999999995,1.6779
-4.4133,1.6779
-4.4133,1.6779
-4.4133,1.6779
-4.4415,2.7213
-4.4415,2.7213
-4.4415,2.7213
-6.8244,3.6237
-6.8244,3.6237
-6.7116,3.6237
-6.909,3.1584
-6.909,3.1584
-6.9231,3.1584
-7.0782,1.9035
-7.0782,1.9035
-7.0782,1.9035
-7.05,1.6356
-7.05,1.6356
-9.9969,1.6356
-9.7854,1.1421000000000001
-9.7854,1.1421000000000001
-10.1238,1.1421000000000001
-10.0533,-0.8742
-10.0533,-0.8742
-10.0533,-0.8742
-10.2789,-2.3265000000000002
-10.2789,-2.3829000000000002
-10.4763,-2.3829000000000002
-10.2648,-2.3829000000000002
-10.2648,-2.3829000000000002
-10.6455,-2.2419
-10.3635,-2.2419
-10.3635,-2.2419
-10.3635,-3.0315
-13.296299999999999,-3.0315
-13.296299999999999,-3.0315
-13.944899999999999,-4.6812000000000005
-13.719299999999999,-4.6812000000000005
-13.719299999999999,-4.6812000000000005
-14.6076,-4.4556
-14.480699999999999,-4.4556
-14.480699999999999,-4.4556
-14.480699999999999,-3.3981
-15.044699999999999,-3.3981
-15.044699999999999,-3.3981
-15.044699999999999,-3.1725
-15.510000000000002,-3.1725
-15.510000000000002,-3.1725
-16.2714,-3.2148
-15.975299999999999,-3.2148
-15.975299999999999,-3.2148
-18.8799,-3.8916000000000004
-19.937399999999997,-3.8916000000000004
-19.937399999999997,-3.8916000000000004
-16.8777,-5.2734
-21.0231,-5.2734
-21.0231,-5.2734
-22.3062,-6.486
-21.8127,-6.486
-21.8127,-6.486
-21.8127,-7.614
-22.5882,-7.614
-22.5882,-7.614
-22.5882,-8.9253
-23.688,-8.9253
-24.9852,-10.5891
-24.9852,-10.5891
-25.6902,-10.5891
-25.6902,-12.408
-25.6902,-12.408
-26.592599999999997,-12.408
-26.592599999999997,-13.1976
-26.592599999999997,-13.1976
-27.8475,-13.1976
-27.8475,-13.4232
-30.032999999999998,-13.4232
-28.961399999999998,-13.4232
-28.961399999999998,-13.7334
-28.961399999999998,-13.7334
-30.2304,-13.7334
-30.272699999999997,-13.959
-30.272699999999997,-13.959
-31.457099999999997,-13.959
-31.457099999999997,-14.0154
-31.457099999999997,-14.0154
-32.6697,-14.0154
-32.6697,-14.0154
-32.6697,-14.0154
-33.7695,-14.0154
-33.7695,-14.649899999999999
-33.7695,-14.649899999999999
-34.827000000000005,-14.649899999999999
-34.827000000000005,-16.3419
-37.491899999999994,-16.3419
-33.7554,-16.3419
-33.7554,-17.6532
-33.7554,-17.6532
-34.686,-17.6532
-34.686,-19.3875
-34.686,-19.3875
-35.25,-19.3875
-35.25,-21.0513
-37.7457,-21.0513
-35.814,-21.0513
-35.814,-22.4895
-35.814,-22.4895
-33.7836,-24.1533
-33.7836,-24.1533
-33.7836,-24.1533
-34.4322,-24.3789
-34.4322,-24.3789
-36.998400000000004,-24.3789
-35.2359,-23.0535
-35.2359,-23.0535
-35.2359,-23.0535
-36.236999999999995,-22.9971
-36.236999999999995,-22.9971
-36.236999999999995,-22.9971
-38.055899999999994,-22.6446
-38.055899999999994,-22.6446
-42.3705,-22.6446
-35.5179,-20.163
-35.5179,-20.163
-35.5179,-20.163
-37.1817,-19.317
-37.1817,-19.317
-37.1817,-19.317
-39.2262,-20.6424
-39.2262,-20.6424
-43.230599999999995,-20.6424
-41.1297,-20.6424
-41.1297,-22.5318
-41.1297,-22.5318
-36.786899999999996,-22.5318
-36.786899999999996,-24.3789
-36.786899999999996,-24.3789
-38.394299999999994,-24.3789
-38.394299999999994,-25.8171
-41.7642,-25.8171
-40.044,-25.8171
-40.044,-26.9592
-40.044,-26.9592
-41.975699999999996,-26.9592
-41.975699999999996,-27.762900000000002
-41.975699999999996,-27.8052
-44.556,-27.8052
-44.556,-27.8052
-44.556,-27.5796
-35.8281,-27.5796
-38.8173,-27.5796
-38.8173,-27.1989
-40.3683,-27.1989
-40.3683,-27.1989
-40.3683,-27.6783
-42.765299999999996,-27.6783
-42.765299999999996,-27.6783
-42.765299999999996,-27.6783
-41.2143,-27.7347
-45.0636,-27.7347
-45.0636,-27.7347
-47.6298,-27.8052
-47.6298,-27.8052
-47.6298,-27.8052
-40.622099999999996,-27.1989
-40.622099999999996,-27.1989
-44.0484,-27.1989
-42.765299999999996,-26.987399999999997
-42.765299999999996,-26.987399999999997
-42.765299999999996,-26.987399999999997
-44.259899999999995,-27.706500000000002
-44.259899999999995,-27.706500000000002
-44.259899999999995,-27.706500000000002
-46.417199999999994,-27.776999999999997
-46.417199999999994,-27.776999999999997
-46.417199999999994,-27.776999999999997
-45.1764,-27.776999999999997
-40.5093,-27.776999999999997
-40.5093,-27.776999999999997
-47.502900000000004,-27.8052
-47.502900000000004,-27.8052
-47.502900000000004,-27.8052
-36.462599999999995,-27.8052
-36.462599999999995,-27.8052
-36.462599999999995,-27.8052
-37.506,-27.833399999999997
-37.506,-27.833399999999997
-37.506,-27.833399999999997
-38.5917,-27.833399999999997
-38.5917,-27.833399999999997
-38.5917,-27.833399999999997
-39.5646,-27.833399999999997
-39.5646,-27.833399999999997
-39.5646,-27.833399999999997
-38.5212,-27.833399999999997
-38.5212,-27.833399999999997
-35.433299999999996,-27.833399999999997
-34.4886,-27.833399999999997
-34.4886,-27.833399999999997
-41.9334,-27.8052
-35.052600000000005,-27.8052
-35.052600000000005,-27.8052
-35.052600000000005,-27.833399999999997
-30.0048,-27.833399999999997
-30.0048,-27.833399999999997
-35.9409,-27.833399999999997
-30.3432,-27.833399999999997
-30.3432,-27.833399999999997
-30.3432,-27.833399999999997
-30.611099999999997,-27.833399999999997
-30.611099999999997,-27.833399999999997
-30.611099999999997,-27.833399999999997
-30.935399999999998,-27.833399999999997
-30.935399999999998,-27.833399999999997
-32.373599999999996,-27.8052
-31.231499999999997,-27.8052
-31.231499999999997,-27.8052
-31.231499999999997,-27.833399999999997
-25.958099999999998,-27.833399999999997
-25.958099999999998,-27.833399999999997
-31.2597,-27.8052
-26.0004,-27.8052
-26.0004,-27.8052
-27.3399,-27.7347
-25.9722,-27.7347
-25.9722,-27.7347
-25.9722,-27.7347
-25.9722,-27.7347
-21.9255,-27.7347
-21.9255,-27.7347
-21.4602,-27.7347
-21.4602,-27.7347
-22.743299999999998,-27.7347
-21.15,-27.7347
-21.15,-27.7347
-21.15,-27.7347
-20.5719,-27.7347
-20.5719,-27.7347
-20.5719,-27.7347
-20.022,-27.7347
-16.7649,-27.7347
-18.0339,-27.7347
-16.3701,-27.7347
-16.3701,-26.79
-16.3701,-26.79
-15.792000000000002,-26.79
-13.395,-24.4071
-13.395,-24.4071
-12.69,-24.4071
-12.69,-23.941799999999997
-13.691099999999999,-23.941799999999997
-12.1542,-23.941799999999997
-12.1542,-23.2509
-12.1542,-23.2509
-11.6748,-23.2509
-11.6748,-21.2064
-11.6748,-21.2064
-9.4893,-21.2064
-9.4893,-19.9797
-10.3494,-19.9797
-8.9676,-19.9797
-8.9676,-19.9797
-8.9676,-19.1055
-8.6151,-19.1055
-8.6151,-19.1055
-8.6151,-18.6543
-7.0218,-18.189
-7.0218,-18.189
-7.896000000000001,-18.189
-6.6411,-17.371199999999998
-6.6411,-17.371199999999998
-6.6411,-17.371199999999998
-6.3732,-16.863599999999998
-6.3732,-16.863599999999998
-6.3732,-16.863599999999998
-5.0619,-16.525199999999998
-5.0619,-16.525199999999998
-5.8797,-16.525199999999998
-4.8363000000000005,-16.497
-4.8363000000000005,-16.497
-4.8363000000000005,-16.497
-4.512,-16.1445
-4.512,-16.1445
-4.512,-16.1445
-3.666,-15.524099999999999
-3.666,-15.524099999999999
-4.2158999999999995,-15.524099999999999
-3.2148,-15.524099999999999
-3.2148,-15.397200000000002
-3.2148,-15.397200000000002
-3.0597,-15.397200000000002
-3.0597,-14.762699999999999
-3.0597,-14.762699999999999
-2.6226,-14.762699999999999
-2.6226,-13.7898
-2.9046,-13.7898
-2.0585999999999998,-13.7898
-2.0585999999999998,-13.254
-2.0585999999999998,-13.254
-1.692,-13.254
-1.5228,-12.69
-1.5228,-12.69
-1.0010999999999999,-12.69
-1.0010999999999999,-12.0414
-1.0292999999999999,-11.5902
-0.23970000000000002,-11.5902
-0.23970000000000002,-11.5902
-0.23970000000000002,-11.5056
0.1833,-11.5056
0.1833,-11.5056
0.1833,-11.5056
0.9870000000000001,-11.195400000000001
0.9870000000000001,-11.195400000000001
1.0292999999999999,-11.195400000000001
1.7061,-10.6314
1.7061,-10.6314
1.5933,-10.6314
2.1572999999999998,-10.1802
2.1572999999999998,-10.1802
2.1572999999999998,-10.1802
2.9328,-9.827699999999998
2.9328,-9.827699999999998
3.3276,-9.827699999999998
3.8352000000000004,-9.4047
3.8352000000000004,-9.4047
3.8352000000000004,-9.4047
4.3709999999999996,-8.6433
4.3709999999999996,-8.6433
4.3709999999999996,-8.6433
4.9068,-7.867800000000001
4.9068,-7.867800000000001
4.9068,-7.867800000000001
5.9079,-7.3602
5.9079,-7.3602
6.5001,-7.3602
6.7962,-6.7257
6.7962,-6.7257
6.7962,-6.7257
6.6129,-5.7951
6.6129,-5.7951
6.6129,-5.7951
7.712700000000001,-5.1888
7.712700000000001,-5.1888
8.6151,-5.1888
7.4307,-4.8504
7.4307,-4.8504
8.8407,-4.2863999999999995
8.318999999999999,-4.2863999999999995
8.318999999999999,-4.2863999999999995
8.318999999999999,-3.3981
9.4047,-3.3981
9.4047,-3.3981
10.6032,-2.8341000000000003
10.716,-2.8341000000000003
10.716,-2.8341000000000003
10.716,-2.7636
11.9286,-2.7636
11.9286,-2.7636
11.9286,-2.3547000000000002
11.1249,-2.3547000000000002
11.1249,-2.3547000000000002
12.2388,-1.4805
12.3093,-1.4805
12.3093,-1.4805
12.3093,-1.5087
13.5924,-1.5087
13.5924,-1.5087
13.5924,-1.3254
15.087,-1.3254
15.087,-1.3254
14.029499999999999,-0.0705
13.916699999999999,-0.0705
13.916699999999999,-0.0705
16.4406,0.7755
15.072899999999999,0.7755
15.072899999999999,0.7755
15.072899999999999,1.5933
16.412399999999998,1.5933
16.412399999999998,1.5933
16.412399999999998,2.5662
17.596799999999998,2.5662
17.596799999999998,2.5662
14.875499999999999,4.1453999999999995
15.932999999999998,4.1453999999999995
15.932999999999998,4.4133
15.932999999999998,4.4133
17.1174,4.4133
17.1174,4.0748999999999995
17.1174,4.0748999999999995
16.8354,4.0748999999999995
18.3159,4.4697
18.3159,4.4697
19.6272,4.4697
19.6272,5.076
19.6272,5.076
21.0231,5.076
21.0231,5.9502
21.0231,5.9502
19.035,5.9502
19.035,5.5272
19.035,5.5272
20.1348,5.5272
20.1348,4.9068
20.1348,4.9068
21.389699999999998,4.9068
21.389699999999998,6.6411
22.9407,6.6411
22.5318,6.6411
22.5318,7.642200000000001
22.5318,7.642200000000001
23.97,7.642200000000001
23.97,7.642200000000001
23.97,8.741999999999999
21.432,8.741999999999999
21.432,8.741999999999999
22.8843,9.0945
22.419,9.0945
22.419,9.0945
22.419,9.4329
23.4765,9.4329
23.4765,9.4329
23.4765,11.1249
24.5481,11.1249
24.5481,11.1249
26.1132,11.801699999999999
21.7422,11.886299999999999
21.7422,11.886299999999999
22.9407,11.886299999999999
26.818199999999997,11.985
26.818199999999997,11.985
26.818199999999997,11.985
23.5611,11.4069
23.5611,11.4069
24.816,11.4069
24.393,12.0978
24.393,12.0978
25.788899999999998,12.0978
25.4364,12.0978
25.4364,12.7887
25.4364,12.7887
26.3106,12.7887
26.3106,12.0414
27.6924,12.0414
27.2553,12.0414
27.2553,12.4221
27.2553,12.4221
28.228199999999998,12.4221
28.228199999999998,14.1846
28.228199999999998,14.1846
29.0883,14.1846
24.4353,13.8744
25.563299999999998,13.8744
25.1544,13.8744
30.0753,14.114099999999999
26.3106,14.114099999999999
25.8594,14.114099999999999
25.8594,15.495899999999999
25.8594,15.495899999999999
26.592599999999997,15.495899999999999
26.592599999999997,16.9905
27.551399999999997,16.9905
27.156599999999997,16.9905
27.156599999999997,17.596799999999998
28.3269,17.596799999999998
27.819300000000002,17.0046
27.819300000000002,17.0046
27.819300000000002,17.0046
28.6089,17.2725
28.6089,17.2725
29.765100000000004,17.2725
29.2716,18.5415
29.2716,18.5415
30.3432,18.5415
29.8497,17.258399999999998
29.8497,17.258399999999998
29.8497,17.258399999999998
25.4787,17.0046
25.4787,17.0046
25.4787,17.0046
25.9158,16.919999999999998
25.9158,16.919999999999998
26.79,16.919999999999998
26.3106,17.7942
26.3106,17.7942
26.3106,17.7942
26.7477,18.3723
26.7477,18.3723
26.7477,18.3723
27.043799999999997,19.3311
27.043799999999997,19.3311
27.946199999999997,19.3311
27.4104,19.486199999999997
27.4104,19.486199999999997
28.284599999999998,19.486199999999997
27.7488,18.2031
27.7488,18.2031
27.7488,18.2031
23.2932,18.2031
23.2932,18.2031
24.054599999999997,18.2031
28.3692,18.287699999999997
28.3692,18.287699999999997
28.3692,18.287699999999997
23.6175,18.499200000000002
23.6175,18.499200000000002
23.6175,18.6402
23.7585,18.6402
23.7585,18.6402
24.6327,19.2042
23.8995,19.2042
23.8995,19.2042
24.7878,20.1348
24.0969,20.1348
24.0969,20.1348
24.0969,19.8951
24.0687,19.8951
24.0687,19.8951
20.6988,19.8951
20.0361,19.8951
20.0361,19.8951
25.098,20.2476
24.3507,20.2476
24.3507,20.2476
20.0502,18.456899999999997
20.1489,18.456899999999997
20.1489,18.456899999999997
20.9526,18.3582
20.3181,18.3582
20.3181,18.3582
21.15,18.048
20.5719,18.048
20.5719,18.048
20.5719,16.6662
20.868,16.6662
20.868,16.6662
20.868,16.017599999999998
20.2476,16.017599999999998
20.2476,16.017599999999998
20.2476,17.314799999999998
21.6435,17.314799999999998
21.6435,17.314799999999998
21.6435,17.314799999999998
22.0524,16.5534
22.0524,16.5534
23.2368,16.5534
22.6023,16.5534
18.4287,17.5545
19.3593,17.5545
18.795299999999997,17.5545
18.795299999999997,18.471
18.795299999999997,18.471
19.3029,18.471
19.3029,18.626099999999997
20.3322,18.626099999999997
19.6977,18.626099999999997
19.6977,18.894000000000002
20.7552,18.894000000000002
20.163,18.894000000000002
20.163,20.2617
20.163,20.2617
20.7552,20.2617
20.7552,19.9797
21.953699999999998,19.9797
21.432,19.9797
21.432,19.9797
22.5318,17.2302
21.9819,17.2302
21.9819,17.2302
21.9819,16.694399999999998
22.6023,16.694399999999998
22.6023,16.694399999999998
23.8149,17.314799999999998
23.208599999999997,17.314799999999998
23.208599999999997,17.314799999999998
19.6413,17.1597
18.964499999999997,17.1597
18.964499999999997,17.1597
18.964499999999997,16.7931
19.2606,16.7931
19.2606,16.7931
20.1066,18.6402
19.3875,18.6402
19.3875,18.6402
20.2335,20.5155
19.4439,21.1077
19.4439,21.1077
19.4439,21.1077
19.6836,21.671699999999998
19.6836,21.671699999999998
16.525199999999998,21.671699999999998
15.820200000000002,21.671699999999998
15.820200000000002,20.3322
16.4829,20.3322
15.777899999999999,20.3322
15.777899999999999,18.894000000000002
15.777899999999999,18.894000000000002
15.904799999999998,18.894000000000002
15.904799999999998,18.386400000000002
15.904799999999998,18.386400000000002
15.862499999999999,18.386400000000002
15.862499999999999,16.4406
16.7085,16.4406
16.0599,16.4406
16.0599,15.594600000000002
16.0599,15.594600000000002
16.3137,15.594600000000002
16.3137,14.3256
16.3137,14.3256
13.2258,14.3256
13.2258,13.606499999999999
14.0436,13.606499999999999
13.352699999999999,13.606499999999999
13.352699999999999,14.0436
13.352699999999999,14.0436
13.3386,14.0436
13.3386,15.157499999999999
13.3386,15.157499999999999
13.2822,15.157499999999999
13.2822,16.2714
14.085899999999999,16.2714
13.3104,16.2714
13.3104,17.371199999999998
13.3104,17.371199999999998
13.5078,17.1174
13.5078,17.1174
13.5078,17.1174
12.7464,16.2573
12.7464,16.2573
14.8896,16.2573
11.2095,15.975299999999999
11.2095,15.975299999999999
11.2095,15.975299999999999
11.4351,15.453600000000002
11.4351,15.453600000000002
11.4351,15.453600000000002
11.801699999999999,14.5794
11.801699999999999,14.5794
11.801699999999999,14.5794
12.3093,13.6206
12.3093,13.6206
12.3093,13.6206
12.8169,13.268099999999999
12.8169,13.268099999999999
12.8169,13.268099999999999
13.4232,12.4503
13.4232,12.4503
11.7876,12.4503
11.195400000000001,12.1965
11.195400000000001,12.1965
11.195400000000001,12.1965
11.5338,12.6054
11.5338,12.6054
11.5338,12.6054
11.9568,13.7898
11.9568,13.7898
13.0143,13.7898
12.3516,14.649899999999999
12.3516,14.649899999999999
12.3516,14.649899999999999
12.7041,15.665099999999999
12.7041,15.665099999999999
12.7041,15.665099999999999
10.4481,15.693299999999999
10.4481,15.693299999999999
11.449200000000001,14.7768
10.857,14.7768
10.857,14.7768
10.857,14.565299999999999
11.0967,14.565299999999999
11.0967,14.565299999999999
11.0967,14.565299999999999
10.5609,14.565299999999999
10.5609,14.565299999999999
12.6195,14.114099999999999
12.0837,14.114099999999999
12.0837,14.114099999999999
12.0837,13.0707
12.5772,13.0707
12.5772,13.0707
9.9969,12.4926
10.4058,12.4926
10.4058,12.4926
10.4058,12.1119
10.7865,12.1119
10.7865,12.1119
10.7865,11.6748
11.0262,11.6748
11.0262,11.6748
11.0262,12.0978
11.392800000000001,12.0978
11.392800000000001,12.0978
12.2811,13.324499999999999
11.660699999999999,13.324499999999999
11.660699999999999,13.324499999999999
11.660699999999999,13.324499999999999
9.221400000000001,13.550099999999999
9.221400000000001,13.550099999999999
9.221400000000001,13.550099999999999
9.334200000000001,13.1271
9.334200000000001,13.1271
10.1379,13.1271
13.0143,13.268099999999999
9.616200000000001,13.578299999999999
9.616200000000001,13.578299999999999
9.884099999999998,13.578299999999999
9.884099999999998,13.465499999999999
9.884099999999998,13.465499999999999
10.0815,13.465499999999999
10.0815,12.9438
11.0262,12.9438
10.4481,12.9438
10.4481,11.6748
10.4481,11.6748
10.8993,11.6748
10.8993,10.8711
10.8993,10.8711
8.7279,10.8711
8.7279,10.8711
11.280000000000001,10.9134
10.7583,10.9134
11.8158,10.9134
11.8158,10.857
12.4644,10.857
12.4644,10.857
12.4644,11.0685
9.729,11.0685
9.729,11.0685
10.5891,12.0414
9.9828,12.0414
9.9828,12.0414
9.9828,12.8451
10.2366,12.8451
10.2366,12.8451
10.2366,13.550099999999999
10.4481,13.550099999999999
10.4481,13.550099999999999
11.3505,13.832099999999999
10.6455,13.832099999999999
10.6455,13.832099999999999
9.221400000000001,14.2974
8.657399999999999,14.2974
8.657399999999999,14.2974
8.657399999999999,13.5924
8.9112,13.5924
8.9112,11.801699999999999
8.9112,11.801699999999999
9.1509,11.801699999999999
9.1509,11.1531
9.1509,11.1531
9.362400000000001,11.1531
9.362400000000001,10.9134
9.362400000000001,10.9134
9.7572,10.9134
9.7572,10.5327
9.7572,10.5327
8.121599999999999,10.5327
10.0392,9.4047
10.998,9.4047
10.3353,9.4047
8.234399999999999,9.024
8.234399999999999,9.024
8.5305,9.024
8.5305,10.434
8.5305,10.434
8.657399999999999,10.434
8.657399999999999,10.9416
9.5457,10.9416
8.883,10.9416
8.883,11.449200000000001
8.883,11.449200000000001
9.277800000000001,11.449200000000001
9.277800000000001,12.2952
9.277800000000001,12.2952
7.952399999999999,12.2952
9.6585,12.5349
10.8852,12.5349
10.2789,12.5349
8.318999999999999,11.4069
8.318999999999999,11.4069
8.713799999999999,11.4069
8.713799999999999,10.7019
8.713799999999999,10.7019
9.249600000000001,10.293
9.249600000000001,10.293
10.4622,10.293
9.968699999999998,9.912299999999998
9.968699999999998,9.912299999999998
9.968699999999998,9.912299999999998
10.6596,9.0945
10.6596,9.0945
10.6596,9.0945
11.5902,9.0663
11.5902,9.0663
10.7442,9.0663
12.5208,9.672600000000001
12.5208,9.672600000000001
12.5208,9.672600000000001
10.8852,10.0956
10.8852,10.0956
10.8852,10.0956
11.632499999999999,11.251800000000001
11.632499999999999,11.251800000000001
12.7464,11.251800000000001
12.1683,12.3234
12.1683,12.3234
12.1683,12.3234
11.5338,13.3104
11.5338,13.3104
11.5338,13.3104
13.437299999999999,13.959
13.437299999999999,13.959
13.437299999999999,13.959
12.7746,13.634699999999999
12.7746,13.634699999999999
12.7746,13.634699999999999
11.5902,12.6054
11.5902,12.6054
11.5902,12.6054
12.0555,12.1542
12.0555,12.1542
13.0566,12.1542
12.4221,12.1542
12.4221,11.223600000000001
13.3386,10.8429
12.6618,10.8429
12.6618,10.8429
12.6618,11.308200000000001
10.293,11.308200000000001
10.293,11.308200000000001
11.0967,11.4069
10.434,11.4069
10.434,11.4069
11.167200000000001,11.308200000000001
10.4622,11.308200000000001
10.4622,11.308200000000001
10.4622,11.308200000000001
10.5468,11.308200000000001
10.5468,11.308200000000001
8.770199999999999,12.7887
8.1357,12.7887
8.1357,12.7887
8.770199999999999,12.4785
8.1075,12.4785
8.1075,12.4785
8.1075,12.4785
8.206199999999999,11.308200000000001
8.206199999999999,11.308200000000001
9.0663,11.308200000000001
8.431799999999999,11.1813
8.431799999999999,11.1813
9.277800000000001,11.1813
6.627,11.195400000000001
6.627,11.195400000000001
6.627,11.195400000000001
9.306000000000001,9.6867
9.306000000000001,9.6867
7.684500000000001,9.6867
7.2192,8.0511
7.2192,8.0511
8.065199999999999,8.0511
7.5858,8.234399999999999
7.5858,8.9817
7.5858,8.9817
8.1357,8.9817
8.1357,8.516399999999999
9.2355,8.516399999999999
8.8125,8.516399999999999
8.8125,7.698600000000001
8.8125,7.698600000000001
8.347199999999999,7.698600000000001
8.347199999999999,7.698600000000001
8.347199999999999,8.177999999999999
10.1802,8.177999999999999
10.1802,8.177999999999999
8.5023,10.152
8.065199999999999,10.152
8.065199999999999,10.152
8.065199999999999,10.5891
8.657399999999999,10.5891
8.657399999999999,10.5891
12.1119,10.6032
9.3201,10.6032
9.3201,10.6032
10.434,11.6748
9.968699999999998,11.6748
9.968699999999998,11.6748
9.968699999999998,11.7312
10.857,11.7312
10.857,11.7312
10.857,10.5891
11.6748,10.5891
11.6748,10.5891
9.447000000000001,9.4329
8.9817,9.4329
8.9817,9.4329
8.9817,10.3776
9.5457,10.3776
9.5457,10.3776
9.5457,11.0685
10.0251,11.0685
10.0251,11.0685
10.0251,9.8136
10.4622,9.8136
10.4622,10.011
10.4622,10.011
8.234399999999999,10.011
10.8993,11.251800000000001
10.8993,11.251800000000001
11.4069,11.251800000000001
8.516399999999999,11.2941
8.516399999999999,11.2941
8.7279,11.2941
8.7279,10.434
9.4893,10.434
8.9112,10.434
8.9112,10.0815
8.9112,10.0815
9.0804,10.0815
7.0641,10.1943
7.0641,10.1943
7.1628,10.1943
9.334200000000001,10.6314
9.334200000000001,10.6314
7.3461,10.6314
7.3461,9.644400000000001
7.3461,9.644400000000001
7.5294,9.644400000000001
7.5294,8.8266
7.5294,8.8266
7.712700000000001,8.8266
7.712700000000001,9.249600000000001
8.572799999999999,9.249600000000001
7.980599999999999,9.249600000000001
6.0489,8.9535
6.0489,8.9535
6.2745,8.9535
6.2745,8.5869
6.2745,8.5869
6.4437,8.5869
6.4437,8.8689
7.2615,8.8689
6.6834,8.798399999999999
6.6834,8.798399999999999
6.6834,8.798399999999999
4.7940000000000005,9.1509
4.7940000000000005,9.1509
4.7940000000000005,9.1509
5.1324,9.362400000000001
5.1324,9.362400000000001
5.8797,9.362400000000001
5.4003,8.657399999999999
5.4003,8.657399999999999
5.4003,8.657399999999999
5.7387,8.1357
5.7387,8.1357
5.7387,8.1357
6.3732,8.1357
6.3732,8.1357
6.3732,8.1357
6.0066,7.3884
6.9372,7.3884
6.9372,7.3884
4.7094000000000005,6.1758
4.7094000000000005,6.1758
4.7094000000000005,6.1758
5.3016,6.1758
5.3016,6.1758
6.1335,6.1758
5.7528,6.9231
5.7528,6.9231
5.7528,6.9231
6.3168,6.9231
6.3168,7.5435
6.3168,7.5435
4.3145999999999995,7.5435
4.3145999999999995,8.2767
5.0901,8.2767
4.6812000000000005,8.2767
4.6812000000000005,8.544599999999999
4.6812000000000005,8.544599999999999
5.0478,8.544599999999999
5.0478,8.3049
5.0478,8.262599999999999
5.4144,8.262599999999999
5.4144,8.262599999999999
5.4144,8.1075
5.0478,8.1075
5.9643,8.1075
3.5955,7.2756
3.8916000000000004,7.2756
3.8916000000000004,7.2756
3.8916000000000004,6.1476
4.2158999999999995,6.1476
4.2158999999999995,6.1476
4.9068,5.8938
4.5966000000000005,5.8938
4.5966000000000005,5.8938
4.5966000000000005,5.8938
4.9209,5.8797
4.9209,5.8797
4.9209,5.8797
2.4675,5.9079
2.4675,5.9079
3.0879,5.9079
2.7354,5.922
2.7354,5.922
2.7354,5.922
2.8059000000000003,5.9502
2.8059000000000003,5.9502
2.8059000000000003,5.9502
2.9469,6.7257
2.9469,6.7257
3.4827,6.7257
0.7614,7.1064
0.7614,7.1064
0.7614,7.1064
3.3558,6.6693
3.3558,6.6693
3.3558,6.6693
0.9447,5.5131
0.9447,5.3298
1.4100000000000001,5.3298
1.1139,5.3298
1.1139,5.3298
1.1139,5.0055
1.2267,5.0055
1.2267,5.0055
1.2267,4.7658000000000005
1.7061,4.7658000000000005
1.7061,4.7658000000000005
-0.1692,3.666
-0.1128,3.666
-0.1128,3.666
0.25379999999999997,3.0174
0.0141,3.0174
0.0141,3.0174
0.0141,4.1312999999999995
0.2115,4.1312999999999995
0.2115,4.1312999999999995
0.2115,3.9761999999999995
0.5216999999999999,3.9761999999999995
0.5216999999999999,3.9761999999999995
0.5216999999999999,3.8211000000000004
0.7332,3.8211000000000004
0.7332,3.8211000000000004
-0.8601,3.7224
-0.7191,3.7224
-0.7191,3.7224
-0.7191,3.6519
-0.4653,3.6519
-0.4653,3.6519
-0.0141,3.6801
-0.25379999999999997,3.6801
-0.25379999999999997,3.6801
-0.25379999999999997,3.2148
0.0705,3.2148
0.0705,3.2148
0.0705,3.1866
0.35250000000000004,3.1866
0.35250000000000004,3.1866
0.35250000000000004,2.9328
-1.1562000000000001,2.9328
0.7050000000000001,2.2983000000000002
0.7050000000000001,2.2983000000000002
-0.846,2.2983000000000002
-0.846,2.2419
-0.846,2.2419
-0.7191,2.2419
-0.7191,2.2419
-0.1833,2.2419
-0.3102,2.2419
-0.3102,2.2419
-0.3102,2.2419
-1.269,2.2419
0.0423,2.7354
0.0423,2.7354
-1.2549,2.7354
-1.2549,3.4404
-0.8742,3.4404
-1.0292999999999999,3.4404
-1.0292999999999999,3.384
-1.0292999999999999,3.384
-0.7614,3.384
-0.7614,2.679
-0.7614,2.679
-1.5228,2.679
-1.5228,2.5662
-1.5228,2.5662
-1.269,2.5662
-0.1974,2.5662
-0.1974,2.5662
-1.0997999999999999,2.5662
-1.0997999999999999,1.833
-1.0997999999999999,1.833
-0.8883,1.833
-0.8883,0.8319
-1.2126,0.8319
-1.2972,0.8319
-1.2972,0.7896
-1.1139,0.7896
-1.1844000000000001,0.9447
-1.1844000000000001,0.9447
-1.1844000000000001,0.9447
-0.9729000000000001,0.9870000000000001
-0.9729000000000001,0.9870000000000001
-0.6909,0.9870000000000001
-0.7473,1.269
-0.7473,1.269
-0.8742,1.269
-0.9870000000000001,1.2126
-0.9870000000000001,1.2126
-0.9870000000000001,1.2126
-0.8601,1.4241000000000001
-0.8601,1.4241000000000001
-0.5781000000000001,1.4241000000000001
-0.7050000000000001,1.7484
-0.7050000000000001,1.7484
-0.6909,1.7484
-0.5216999999999999,1.7766
-0.5216999999999999,1.7766
-0.5216999999999999,1.7766
-0.6486,1.7766
-0.6486,1.7766
-0.3102,1.7766
-0.4512,1.7766
-0.4512,1.7766
-0.141,1.7766
-0.25379999999999997,1.7766
-0.25379999999999997,1.5228
-0.25379999999999997,1.5228
-0.0141,1.5228
-0.0141,1.1703000000000001
-0.7050000000000001,1.1703000000000001
-0.7896,1.1703000000000001
-0.7896,1.1421000000000001
-0.5498999999999999,1.1421000000000001
-0.6909,1.1421000000000001
-0.6909,1.0715999999999999
-0.6909,1.0715999999999999
-0.8601,1.0715999999999999
-0.8601,0.9588000000000001
-0.1833,0.9588000000000001
-0.3384,0.9588000000000001
-0.3384,0.9588000000000001
-0.35250000000000004,1.1421000000000001
-0.4512,1.1421000000000001
-0.4512,1.1421000000000001
-0.4512,1.2972
-0.282,1.2972
-0.282,1.2972
0.1551,1.2972
0.0564,1.1844000000000001
0.0564,1.1844000000000001
0.47940000000000005,1.1844000000000001
0.3948,1.0151999999999999
0.3948,1.0151999999999999
0.3948,1.0151999999999999
0.0282,0.9870000000000001
0.0282,0.9870000000000001
0.5216999999999999,0.9870000000000001
0.423,1.0151999999999999
0.423,1.0151999999999999
0.846,1.0151999999999999
0.7614,1.0151999999999999
0.7614,1.0151999999999999
0.7614,1.0151999999999999
1.1562000000000001,1.0715999999999999
1.1562000000000001,1.0715999999999999
1.1562000000000001,1.0715999999999999
0.6204,1.4664
0.6204,1.4664
1.128,1.4664
1.0715999999999999,1.6074
1.0715999999999999,1.6074
1.0715999999999999,1.6074
1.5228,1.6074
1.5228,1.6074
1.5228,1.6074
1.8471,1.5933
1.8471,1.5933
0.4371,1.7907
0.3666,1.7907
0.3666,1.7907
0.3666,1.9599000000000002
0.7755,1.9599000000000002
0.7755,1.9599000000000002
0.7755,1.7625
1.0292999999999999,1.7625
1.0292999999999999,1.7625
1.5228,1.7484
1.4382,1.7484
1.4382,1.7484
1.4382,1.7061
2.0021999999999998,1.7061
2.0021999999999998,1.7061
2.0021999999999998,1.5228
1.5651,1.5228
1.5651,1.5228
1.5651,0.9165
1.8894,0.9165
1.8894,0.9165
1.8894,0.8178
2.3265000000000002,0.8178
2.3265000000000002,0.8178
2.3265000000000002,1.1844000000000001
2.7072,1.1844000000000001
2.7072,1.1844000000000001
3.2007,1.6074
3.0597,1.6074
3.0597,1.6074
3.0597,1.9880999999999998
1.9458000000000002,1.9880999999999998
1.9458000000000002,1.9880999999999998
1.9458000000000002,2.3265000000000002
2.1008999999999998,2.3265000000000002
2.1008999999999998,2.3265000000000002
2.5098,2.7354
2.3688000000000002,2.7354
2.3688000000000002,2.7354
2.9328,3.1725
2.7072,3.1725
2.7072,3.2148
2.7072,3.2148
1.6638,3.2148
3.0456,3.243
2.0726999999999998,3.243
1.9317000000000002,3.243
1.9317000000000002,3.0315
1.9317000000000002,3.0315
2.2419,3.0315
2.2419,2.1149999999999998
2.2419,2.1149999999999998
2.6508,2.1149999999999998
2.6508,1.8894
3.1443,1.8894
2.9751,1.8894
2.9751,1.7484
2.9751,1.7484
3.525,1.7484
2.1995999999999998,1.7061
2.1995999999999998,1.7061
2.0585999999999998,1.7061
3.3558,1.5792
2.9892,1.5792
2.8764,1.5792
2.8764,1.3959000000000001
2.8764,1.3959000000000001
3.1443,1.3959000000000001
3.1443,2.3265000000000002
3.1443,2.3265000000000002
3.6942,2.3265000000000002
3.6942,2.3265000000000002
4.3991999999999996,2.9046
4.2017999999999995,2.9046
4.2017999999999995,2.9046
4.2017999999999995,2.961
4.7235000000000005,2.961
4.7235000000000005,2.961
4.7235000000000005,2.8623000000000003
3.7083,3.1443
3.7083,3.1443
3.7083,3.1443
3.5673,3.2148
3.5673,3.2148
3.5673,3.2148
4.7235000000000005,3.2148
4.7235000000000005,3.2148
4.7235000000000005,3.2148
5.3157,3.2148
5.3157,3.2148
6.204,3.2148
5.9925,3.3699
5.9925,3.3699
5.9925,3.3699
5.358,3.6237
5.358,3.6237
5.358,3.6237
5.9502,3.6237
5.9502,2.9751
6.6411,2.9751
6.3873,2.9751
6.3873,2.961
5.9361,2.961
5.640000000000001,2.961
6.8526,3.7788
6.8526,3.7788
7.642200000000001,3.7788
6.1758,4.3991999999999996
6.8103,4.3991999999999996
6.5565,4.3991999999999996
6.5565,4.5684000000000005
6.5565,4.5684000000000005
6.9795,4.5684000000000005
6.9795,4.5966000000000005
6.9795,4.5966000000000005
6.6693,4.5966000000000005
6.6693,5.2875
8.403599999999999,5.2875
8.036999999999999,5.2875
8.036999999999999,5.640000000000001
7.698600000000001,5.4144
7.3602,5.4144
7.3602,5.4144
7.3602,5.4144
7.896000000000001,4.9209
7.896000000000001,4.9209
8.798399999999999,4.9209
8.431799999999999,4.9209
8.431799999999999,4.9209
9.4047,4.9209
9.0945,5.076
9.0945,5.076
9.0945,5.076
9.8418,5.358
9.8418,5.358
9.8418,5.358
9.221400000000001,5.5413
9.221400000000001,5.5413
10.2789,5.5413
9.8982,5.499
9.8982,5.499
10.9275,5.499
10.5327,6.1476
10.5327,6.1476
10.5327,6.1476
11.280000000000001,6.8526
11.280000000000001,6.8526
12.7464,6.8526
12.2811,7.4307
12.2811,7.4307
12.2811,7.4307
11.3787,7.5999
11.3787,7.5999
11.3787,7.5999
12.0132,7.614
12.0132,7.614
13.3104,7.614
12.9015,7.938299999999999
12.9015,7.938299999999999
12.9015,8.2767
13.818,8.2767
13.818,8.2767
13.818,8.629199999999999
14.847299999999999,8.629199999999999
14.847299999999999,8.629199999999999
16.243199999999998,8.9817
15.792000000000002,8.9817
15.792000000000002,8.9817
15.792000000000002,8.9676
14.4384,8.9676
14.4384,8.9676
14.4384,8.9958
15.228,8.9958
15.228,8.9958
16.6521,9.6021
16.0881,9.6021
16.0881,9.6021
16.0881,9.6867
15.495899999999999,9.6867
15.495899999999999,9.6867
15.495899999999999,11.195400000000001
17.9775,11.195400000000001
17.9775,11.195400000000001
17.9775,11.914499999999999
17.3289,11.914499999999999
17.3289,11.914499999999999
17.3289,11.745299999999999
16.694399999999998,11.745299999999999
16.694399999999998,11.745299999999999
16.694399999999998,11.4774
17.427599999999998,11.4774
17.427599999999998,11.4774
18.753,11.858099999999999
18.062099999999997,11.858099999999999
18.062099999999997,11.858099999999999
18.062099999999997,12.267
18.8235,12.267
18.8235,12.267
18.8235,12.5631
16.468799999999998,12.5631
16.468799999999998,12.1683
17.667299999999997,12.1683
17.032799999999998,12.1683
17.032799999999998,11.9568
17.032799999999998,11.9568
17.667299999999997,11.9568
17.667299999999997,12.1401
17.667299999999997,12.1401
18.400499999999997,12.1401
18.400499999999997,12.9861
19.768199999999997,12.9861
19.1055,12.9861
19.1055,13.550099999999999
20.6001,13.550099999999999
19.8951,13.550099999999999
19.8951,13.7616
19.8951,13.7616
17.6391,13.7616
17.6391,13.536
18.9363,13.536
18.287699999999997,13.536
18.287699999999997,13.395
19.655399999999997,13.395
19.035,13.395
19.035,13.395
19.035,14.396099999999999
18.400499999999997,14.396099999999999
18.400499999999997,14.396099999999999
21.446099999999998,15.1716
20.7834,15.1716
20.7834,15.1716
20.7834,15.340800000000002
18.2031,15.340800000000002
18.2031,15.340800000000002
21.558899999999998,15.0588
22.6023,15.0588
22.6023,15.0588
20.304,14.8614
19.6836,15.0024
19.6836,15.0024
20.9667,15.0024
20.304,14.988299999999999
20.304,14.988299999999999
20.304,14.988299999999999
19.6695,15.552299999999999
19.6695,15.552299999999999
22.461299999999998,15.552299999999999
21.728099999999998,14.8614
21.728099999999998,14.8614
23.138099999999998,14.8614
18.9363,14.8614
18.9363,15.087
18.9363,15.087
19.3029,15.087
19.3029,16.468799999999998
20.445,16.468799999999998
19.6977,16.468799999999998
19.6977,15.975299999999999
19.6977,15.975299999999999
19.937399999999997,15.975299999999999
19.937399999999997,15.876599999999998
19.937399999999997,15.876599999999998
20.2335,15.876599999999998
17.2725,16.2573
17.2725,16.2573
17.5686,16.2573
17.5686,16.9341
17.5686,16.9341
17.7378,16.9341
17.7378,15.425400000000002
17.7378,15.425400000000002
17.9775,15.425400000000002
17.9775,15.213899999999999
17.9775,15.213899999999999
18.330000000000002,15.213899999999999
18.330000000000002,15.862499999999999
19.486199999999997,15.862499999999999
18.753,15.862499999999999
18.753,15.552299999999999
18.753,15.552299999999999
19.4157,14.0718
19.4157,14.0718
19.4157,14.0718
20.0361,13.803899999999999
20.0361,13.803899999999999
20.0361,13.803899999999999
17.3289,14.170499999999999
17.3289,14.170499999999999
17.3289,14.170499999999999
17.907,15.425400000000002
17.907,15.425400000000002
17.907,15.425400000000002
18.4146,15.777899999999999
18.4146,15.777899999999999
18.4146,15.777899999999999
19.0491,16.694399999999998
19.0491,16.694399999999998
19.0491,16.694399999999998
19.8669,18.2595
19.8669,18.2595
19.8669,18.2595
20.7834,18.174899999999997
20.7834,18.174899999999997
22.5318,18.174899999999997
21.897299999999998,16.7085
21.897299999999998,16.7085
21.897299999999998,16.7085
22.982999999999997,16.3419
22.982999999999997,16.3419
22.982999999999997,16.3419
24.1392,16.3419
24.1392,16.3419
21.1923,16.3419
20.586,16.2291
20.586,16.2291
20.586,16.2291
21.276899999999998,16.0317
21.276899999999998,16.0317
21.276899999999998,17.314799999999998
22.0806,17.314799999999998
22.0806,17.314799999999998
23.490599999999997,19.345200000000002
22.7574,19.345200000000002
22.7574,19.345200000000002
22.7574,20.304
23.490599999999997,20.304
23.490599999999997,20.304
23.490599999999997,20.2335
24.1251,20.2335
24.1251,20.2335
25.563299999999998,19.4157
24.745499999999996,19.4157
24.745499999999996,19.4157
21.3756,19.063200000000002
20.6283,19.063200000000002
20.6283,19.063200000000002
20.6283,18.9927
20.9526,18.9927
20.9526,18.9927
21.9678,18.851699999999997
21.164099999999998,18.851699999999997
21.164099999999998,18.851699999999997
21.164099999999998,18.4851
21.4179,18.4851
21.4179,18.4851
21.4179,19.6836
21.6435,19.6836
21.6435,19.6836
21.6435,19.7259
20.6988,19.7259
20.6988,19.7259
20.6988,19.7259
17.766,18.2454
17.766,18.2454
17.766,18.2454
17.6391,18.2031
17.6391,18.2031
18.5979,18.2031
17.6109,18.7671
17.6109,18.950400000000002
17.6109,18.950400000000002
17.6391,18.950400000000002
17.6391,18.738899999999997
17.6391,18.738899999999997
17.582700000000003,18.738899999999997
17.582700000000003,18.231299999999997
18.5838,18.231299999999997
17.625,18.231299999999997
17.625,17.4417
18.8658,17.4417
17.9211,17.4417
14.593499999999999,16.9341
14.593499999999999,16.9341
14.6358,16.9341
14.6358,16.525199999999998
15.622800000000002,16.525199999999998
14.7204,16.525199999999998
14.7204,16.525199999999998
15.834299999999999,15.989399999999998
14.9178,15.989399999999998
14.9178,15.989399999999998
14.9178,16.2291
15.284400000000002,16.2291
15.284400000000002,16.2291
16.6521,17.357100000000003
15.820200000000002,17.357100000000003
15.820200000000002,17.357100000000003
15.820200000000002,16.9623
16.3842,16.9623
16.3842,16.9623
16.3842,15.651000000000002
17.1033,15.651000000000002
17.1033,15.651000000000002
15.213899999999999,16.073999999999998
14.4666,16.073999999999998
14.4666,16.073999999999998
15.679200000000002,16.3137
14.960099999999999,16.0035
14.960099999999999,16.0035
14.960099999999999,16.0035
15.777899999999999,15.989399999999998
15.777899999999999,15.989399999999998
17.1738,15.989399999999998
16.468799999999998,15.989399999999998
16.468799999999998,15.932999999999998
16.468799999999998,15.932999999999998
17.3853,15.932999999999998
17.3853,16.7085
17.3853,16.7085
18.3582,16.7085
18.3582,16.9482
19.9656,16.9482
19.3029,16.9482
19.3029,15.749699999999999
20.868,15.749699999999999
20.2476,15.749699999999999
20.2476,15.777899999999999
20.2476,15.777899999999999
21.3192,15.777899999999999
21.3192,16.581599999999998
21.3192,16.581599999999998
22.4754,16.581599999999998
22.4754,16.9905
18.781200000000002,16.9905
18.2595,16.9905
23.5611,17.371199999999998
25.3659,17.371199999999998
24.7596,17.371199999999998
18.9927,18.5415
18.9927,18.5415
19.7823,18.5415
19.7823,20.0079
21.0654,20.0079
20.5578,20.0079
20.5578,20.6283
20.5578,20.6283
21.2346,20.6283
21.2346,21.276899999999998
21.2346,21.276899999999998
21.9678,21.9678
21.9678,21.9678
23.1804,21.9678
22.7715,22.8279
22.7715,22.8279
22.7715,22.8279
23.6175,21.4884
23.6175,21.4884
23.6175,21.4884
24.3225,18.626099999999997
24.3225,18.626099999999997
25.5774,18.626099999999997
25.2108,18.3018
25.2108,18.3018
26.2542,18.3018
25.8876,18.0198
25.8876,18.0198
25.8876,18.0198
26.6631,17.7378
26.6631,17.7378
27.650100000000002,17.7378
20.6847,18.2454
20.6847,18.2454
20.6847,18.2454
27.4527,21.432
27.4527,21.432
27.4527,21.432
27.7488,22.8279
27.7488,22.8279
27.7488,22.8279
20.7975,24.1956
20.7975,24.1956
20.7975,24.1956
20.7552,25.3518
20.7552,25.3518
20.7552,25.3518
20.0784,23.7585
20.0784,23.7585
21.276899999999998,22.6446
20.6142,22.6446
20.6142,22.6446
20.6142,23.5893
20.3604,23.5893
20.3604,23.5893
20.3604,23.5752
20.3463,23.5752
20.3463,23.5752
21.0231,20.5437
20.3745,20.5437
20.3745,20.5437
20.3745,16.4829
20.2335,16.4829
20.2335,16.4829
20.2335,16.5957
20.1771,16.5957
20.1771,16.5957
20.1771,17.2302
19.429799999999997,17.2302
19.429799999999997,17.2302
19.429799999999997,16.5675
15.298499999999999,16.5675
15.298499999999999,16.5675
15.298499999999999,17.2302
15.016499999999999,17.2302
15.016499999999999,17.2302
15.665099999999999,20.1771
14.790899999999999,20.1771
14.790899999999999,20.1771
14.790899999999999,20.1771
14.6076,21.7986
14.6076,21.7986
14.6076,21.7986
14.480699999999999,21.6576
14.480699999999999,21.6576
15.228,21.6576
14.480699999999999,19.8105
14.480699999999999,19.8105
15.284400000000002,19.8105
14.565299999999999,17.8788
14.565299999999999,16.0599
14.565299999999999,16.0599
12.1542,16.0599
12.1542,14.762699999999999
13.0143,14.762699999999999
12.4785,14.762699999999999
15.439499999999999,13.832099999999999
15.439499999999999,13.832099999999999
12.8028,13.832099999999999
12.8028,13.0143
12.8028,13.0143
13.0425,13.0143
13.0425,13.0143
14.0718,13.7052
13.409099999999999,13.7052
13.409099999999999,13.7052
14.4102,15.608699999999999
13.6488,15.608699999999999
13.6488,15.608699999999999
13.6488,16.6521
11.3223,16.6521
11.3223,16.6521
15.0024,17.9634
14.226899999999999,17.9634
14.226899999999999,17.9634
12.4644,18.6966
11.773499999999999,18.6966
11.773499999999999,18.6966
11.773499999999999,18.2454
12.126,18.2454
12.126,18.2454
13.1835,17.625
12.5208,17.625
12.5208,17.625
13.550099999999999,16.2291
12.972,16.2291
12.972,16.2291
12.972,15.439499999999999
13.437299999999999,15.439499999999999
13.437299999999999,13.959
13.437299999999999,13.959
10.7019,13.959
10.7019,12.3234
10.7019,12.3234
11.0262,12.3234
11.0262,12.1401
11.0262,12.1401
11.2941,12.1401
11.2941,12.1965
11.2941,12.1965
11.449200000000001,12.1965
11.449200000000001,13.395
12.3375,13.395
11.5338,13.395
8.7561,15.2562
8.7561,15.2562
8.6997,15.2562
8.6997,15.904799999999998
8.6997,15.904799999999998
8.657399999999999,15.904799999999998
8.657399999999999,15.707400000000002
9.3201,15.707400000000002
8.4459,15.707400000000002
8.4459,15.707400000000002
8.4459,15.707400000000002
8.657399999999999,15.707400000000002
8.657399999999999,15.481800000000002
8.657399999999999,15.481800000000002
6.1335,15.481800000000002
6.1335,13.0848
6.1335,13.0848
6.1617,13.0848
6.1617,10.7865
6.1617,10.7865
6.345,10.7865
6.345,10.3494
6.345,10.3494
6.4578,10.3494
6.4578,9.968699999999998
5.3721,9.968699999999998
6.6693,9.743099999999998
6.6693,9.743099999999998
6.6693,9.743099999999998
5.1042,8.6433
5.1042,8.6433
5.1042,8.6433
5.1324,8.149799999999999
5.1324,8.149799999999999
5.8938,8.149799999999999
5.3298,9.9969
5.3298,9.9969
5.3298,9.9969
5.499,11.1249
5.499,11.1249
5.499,11.1249
5.682300000000001,11.604299999999999
5.682300000000001,11.604299999999999
3.0315,11.604299999999999
2.4957,11.7312
2.4957,11.7312
2.4957,11.7312
2.4957,11.703
2.4957,11.703
2.4957,11.703
2.679,10.857
2.679,10.857
3.384,10.857
2.8905,9.799499999999998
2.8905,9.799499999999998
2.8905,9.799499999999998
3.2853,8.9817
3.2853,8.9817
3.2853,8.9817
0.6486,7.1487
3.5814,7.1487
4.5684000000000005,7.1487
4.2299999999999995,7.1487
0.9729000000000001,5.5695
1.4805,5.4708
1.1421000000000001,5.4708
1.1421000000000001,5.4708
1.1421000000000001,6.1053
1.1985000000000001,6.1053
1.1985000000000001,6.1053
1.8048,6.4296
1.4382,6.4296
1.4382,6.4296
1.4382,6.768
1.5369,6.768
1.5369,6.768
-1.3677,8.2485
-1.5087,8.2485
-1.5087,8.2485
1.6356,8.6997
1.2267,8.6997
1.2267,8.6997
-1.2267,7.740900000000001
-1.6779,7.740900000000001
-1.6779,7.740900000000001
-1.6779,7.1769
-1.6074,7.1769
-1.6074,7.1769
-1.1985000000000001,7.1769
-1.3959000000000001,6.7962
-1.3959000000000001,6.7962
-4.1453999999999995,6.7962
-1.1703000000000001,4.4697
-1.1703000000000001,4.4697
-1.1703000000000001,4.4697
-1.0010999999999999,3.2712
-1.0010999999999999,3.2712
-4.1876999999999995,3.2712
-4.3991999999999996,3.2853
-4.3991999999999996,3.2853
-4.2158999999999995,3.2853
-4.4133,2.5662
-4.4133,2.5662
-4.4133,2.5662
-4.4133,2.4957
-4.4133,3.1443
-4.3145999999999995,3.1443
-4.5684000000000005,3.1443
-4.5684000000000005,4.1594999999999995
-4.5684000000000005,4.1594999999999995
-4.7799000000000005,4.1594999999999995
-4.7799000000000005,4.1594999999999995
-4.7799000000000005,3.4686
-4.4133,3.4686
-4.4133,3.4686
-7.4871,2.4816
-7.6281,2.4816
-7.6281,2.4816
-7.6281,2.2419
-7.684500000000001,2.2419
-7.684500000000001,2.2419
-7.684500000000001,1.9317000000000002
-7.797300000000001,1.9317000000000002
-7.797300000000001,1.9317000000000002
-7.797300000000001,0.9870000000000001
-8.008799999999999,0.9870000000000001
-8.008799999999999,0.9870000000000001
-10.5186,0.29610000000000003
-10.5327,0.29610000000000003
-10.5327,0.29610000000000003
-7.980599999999999,-0.7896
-8.008799999999999,-0.7896
-8.008799999999999,-0.7896
-10.7583,-1.5087
-10.998,-1.5087
-10.998,-1.5087
-11.167200000000001,-1.7061
-11.0403,-1.7061
-11.0403,-1.7061
-11.0403,-1.7907
-11.5056,-1.7907
-11.5056,-1.7907
-11.5056,-2.3547000000000002
-13.3668,-2.3547000000000002
-11.6184,-2.5098
-11.942699999999999,-2.5098
-11.7594,-2.5098
-13.677,-2.0162999999999998
-13.677,-2.0162999999999998
-14.029499999999999,-2.0162999999999998
-14.029499999999999,-3.1443
-14.029499999999999,-3.1443
-14.367899999999999,-3.1443
-14.367899999999999,-3.4968
-14.367899999999999,-3.4968
-14.029499999999999,-3.4968
-14.029499999999999,-3.9621000000000004
-14.029499999999999,-3.9621000000000004
-15.129299999999999,-3.9621000000000004
-15.129299999999999,-4.2863999999999995
-15.129299999999999,-4.2863999999999995
-15.862499999999999,-4.2863999999999995
-15.862499999999999,-5.5272
-16.7649,-5.5272
-16.3701,-5.5272
-16.3701,-6.5988
-16.3701,-6.5988
-17.089199999999998,-6.5988
-17.089199999999998,-6.6693
-17.089199999999998,-6.6693
-17.6814,-6.6693
-17.6814,-6.8244
-18.8658,-6.8244
-18.344099999999997,-6.8244
-18.344099999999997,-7.332
-18.344099999999997,-7.332
-19.317,-7.332
-19.317,-8.1357
-19.317,-8.1357
-18.8658,-8.1357
-18.8658,-8.431799999999999
-21.897299999999998,-8.431799999999999
-21.2628,-8.431799999999999
-21.2628,-8.3613
-21.2628,-8.3613
-22.7715,-9.4611
-22.7715,-9.4611
-22.7715,-9.4611
-24.2802,-10.3917
-24.2802,-10.3917
-24.7596,-10.3917
-24.1533,-10.6314
-24.1533,-10.6314
-24.1533,-10.6314
-25.3518,-10.9275
-25.3518,-10.9275
-25.3518,-10.9275
-26.79,-11.463299999999998
-26.79,-11.463299999999998
-29.581799999999998,-11.463299999999998
-24.971099999999996,-13.0143
-24.971099999999996,-13.0143
-24.971099999999996,-13.0143
-26.1696,-14.0718
-26.1696,-14.0718
-26.1696,-14.0718
-27.368100000000002,-14.805
-27.368100000000002,-14.805
-29.6241,-14.805
-28.5948,-15.608699999999999
-28.5948,-15.608699999999999
-30.949499999999997,-15.608699999999999
-29.990699999999997,-16.863599999999998
-25.337699999999998,-16.863599999999998
-25.337699999999998,-16.863599999999998
-26.4939,-16.863599999999998
-26.4939,-16.807199999999998
-28.453799999999998,-16.807199999999998
-27.551399999999997,-16.807199999999998
-27.551399999999997,-15.806099999999999
-29.5113,-15.806099999999999
-28.566599999999998,-15.806099999999999
-28.566599999999998,-16.299599999999998
-28.566599999999998,-17.1879
-24.4494,-17.1879
-24.4494,-17.1879
-26.0991,-16.468799999999998
-25.2672,-16.468799999999998
-25.2672,-16.468799999999998
-26.9169,-15.270299999999999
-25.958099999999998,-15.270299999999999
-25.958099999999998,-15.270299999999999
-25.958099999999998,-16.3419
-26.79,-16.3419
-26.79,-16.3419
-28.792199999999998,-18.1044
-22.701,-18.1044
-22.701,-18.1044
-24.1392,-18.1044
-23.2791,-17.4981
-23.2791,-17.4981
-23.2791,-17.4981
-23.603399999999997,-16.0317
-23.603399999999997,-16.0317
-25.281299999999998,-16.0317
-24.3084,-17.6532
-24.3084,-17.6532
-20.8539,-17.6532
-20.0925,-18.8094
-20.0925,-18.8094
-20.0925,-18.8094
-20.5578,-17.2161
-20.5578,-17.2161
-21.9114,-17.2161
-20.9667,-15.369000000000002
-20.9667,-15.369000000000002
-20.9667,-15.369000000000002
-17.1315,-16.5534
-17.1315,-16.5534
-17.1315,-16.5534
-17.4981,-17.2725
-17.4981,-17.2725
-18.724800000000002,-17.2725
-17.892899999999997,-15.552299999999999
-17.892899999999997,-15.552299999999999
-19.0914,-13.7898
-18.231299999999997,-13.7898
-18.231299999999997,-13.7898
-18.231299999999997,-15.1434
-18.6543,-15.1434
-18.6543,-15.1434
-16.1022,-16.243199999999998
-15.411299999999999,-16.243199999999998
-15.411299999999999,-16.243199999999998
-16.4547,-15.1434
-15.665099999999999,-15.1434
-15.665099999999999,-15.1434
-15.665099999999999,-13.380899999999999
-15.904799999999998,-13.380899999999999
-15.904799999999998,-13.380899999999999
-15.904799999999998,-15.425400000000002
-12.9579,-15.425400000000002
-12.9579,-15.425400000000002
-16.3137,-16.186799999999998
-16.9482,-16.186799999999998
-16.9482,-16.186799999999998
-13.268099999999999,-14.170499999999999
-13.380899999999999,-14.170499999999999
-13.380899999999999,-14.170499999999999
-13.380899999999999,-13.2258
-13.521899999999999,-13.2258
-13.521899999999999,-13.2258
-14.593499999999999,-14.1
-13.860299999999999,-14.1
-13.860299999999999,-14.1
-13.860299999999999,-14.226899999999999
-14.382,-14.226899999999999
-14.382,-14.226899999999999
-11.421000000000001,-13.2822
-11.519699999999998,-13.2822
-11.519699999999998,-13.2822
-12.2388,-12.6618
-11.604299999999999,-12.6618
-11.604299999999999,-12.5913
-11.604299999999999,-12.5913
-10.9275,-12.5913
-10.9275,-12.8733
-10.9275,-12.8733
-9.2919,-12.8733
-12.1965,-12.8451
-9.940499999999998,-12.8451
-9.277800000000001,-12.8451
-9.277800000000001,-12.8169
-9.277800000000001,-12.8169
-9.249600000000001,-12.8169
-9.249600000000001,-12.2952
-9.249600000000001,-12.2952
-6.345,-12.2952
-6.345,-11.717099999999999
-6.8667,-11.717099999999999
-6.2886,-11.717099999999999
-6.2886,-11.660699999999999
-6.2886,-11.660699999999999
-5.9925,-11.660699999999999
-5.9925,-11.5902
-5.9925,-11.5902
-5.8515,-11.5902
-5.8515,-11.1249
-6.2463,-11.1249
-5.7387,-11.1249
-5.7387,-9.8982
-6.1335,-9.8982
-5.7528,-9.8982
-5.7528,-9.2355
-5.7528,-9.2355
-5.358,-9.2355
-5.358,-8.036999999999999
-6.0771,-8.036999999999999
-5.696400000000001,-8.036999999999999
-5.696400000000001,-7.5012
-5.696400000000001,-7.5012
-3.5532,-7.5012
-3.5532,-7.5012
-3.5532,-7.3602
-3.0597,-7.726800000000001
-3.0597,-7.726800000000001
-3.1161,-7.726800000000001
-2.7213,-8.1357
-2.7213,-8.1357
-2.9046,-8.1357
-1.2408,-8.1357
-1.2408,-8.1357
-1.2408,-8.1357
-1.7625,-8.3331
-1.7625,-8.3331
-0.564,-8.3331
-0.1551,-8.6715
-0.1551,-8.6715
0.0282,-8.6715
0.3948,-7.5435
0.3948,-7.5435
0.3948,-7.5435
0.9447,-6.6975
0.9447,-6.6975
1.8048,-6.6975
1.9880999999999998,-5.5554
1.9880999999999998,-5.5554
2.3124000000000002,-5.5554
2.4675,-5.5554
2.4675,-4.7799000000000005
2.4675,-4.7799000000000005
2.9751,-4.7799000000000005
2.9751,-3.8916000000000004
3.3417,-3.8916000000000004
3.4122,-3.8916000000000004
3.5391,-2.961
3.5391,-2.961
3.9480000000000004,-2.961
3.9480000000000004,-2.9469
3.9480000000000004,-2.9469
4.512,-2.9469
4.512,-2.9328
4.512,-2.679
4.5966000000000005,-2.679
5.2734,-2.679
5.2734,-2.6226
5.3157,-2.6226
5.3157,-2.6226
6.0771,-2.3265000000000002
6.1194,-2.3265000000000002
6.1194,-2.3265000000000002
6.9936,-2.3265000000000002
6.9654,-2.1713999999999998
6.9654,-2.1713999999999998
6.9654,-2.1713999999999998
7.924200000000001,-1.8894
7.924200000000001,-1.8894
7.924200000000001,-1.8894
7.5294,-1.3959000000000001
7.5294,-1.3959000000000001
8.459999999999999,-1.3959000000000001
8.4459,-0.9165
8.4459,-0.9165
8.4459,-0.9165
9.2355,-0.1692
9.2355,-0.1692
9.2355,-0.1692
8.5023,0.6063
8.5023,0.6063
8.5023,0.6063
11.3787,1.4946
11.3787,1.4946
10.5327,1.4946
10.4199,1.833
10.4199,1.833
10.4199,1.833
11.2659,1.9317000000000002
11.2659,1.9317000000000002
11.2659,1.9317000000000002
10.2789,2.4675
10.2789,2.4675
11.1531,2.4675
10.8711,2.5662
10.8711,2.5662
10.8711,2.7213
10.6737,2.7213
10.6737,2.7213
10.6737,3.525
13.0989,3.525
13.0989,3.525
14.396099999999999,3.5391
14.114099999999999,3.5391
14.114099999999999,3.5391
14.114099999999999,3.7224
12.3798,3.7224
12.3798,3.7224
12.3798,4.2440999999999995
13.239899999999999,4.2440999999999995
13.239899999999999,4.2440999999999995
14.3256,4.2722999999999995
14.1282,4.2722999999999995
14.1282,4.2722999999999995
14.1282,4.1030999999999995
12.1965,4.1030999999999995
12.1965,4.1030999999999995
15.1434,4.8363000000000005
16.2573,4.8363000000000005
16.2573,4.8363000000000005
14.1,6.768
13.832099999999999,6.768
13.832099999999999,6.768
13.832099999999999,6.4578
14.8614,6.4578
14.8614,6.4578
14.8614,6.2604
15.594600000000002,6.2604
15.594600000000002,6.2604
16.7931,6.9936
16.4547,6.9936
16.4547,6.9936
17.7378,7.642200000000001
17.469900000000003,7.642200000000001
13.9026,7.966499999999999
13.9026,7.966499999999999
14.523,7.966499999999999
14.523,6.9513
15.580499999999999,6.9513
15.340800000000002,6.9513
15.340800000000002,7.4871
16.4265,7.4871
16.1445,7.4871
16.1445,8.177999999999999
16.1445,8.177999999999999
16.7649,8.177999999999999
16.7649,8.9535
17.7942,8.9535
17.5545,8.9535
17.5545,8.5023
17.5545,8.5023
18.3018,8.5023
18.3018,7.642200000000001
18.3018,7.642200000000001
13.888499999999999,7.642200000000001
13.888499999999999,8.9958
14.7204,8.9958
14.396099999999999,8.9958
14.396099999999999,9.6867
15.213899999999999,9.6867
14.9178,9.6867
14.9178,9.940499999999998
14.9178,9.940499999999998
15.326699999999999,9.940499999999998
15.326699999999999,10.716
16.073999999999998,10.716
15.834299999999999,10.716
15.834299999999999,10.716
15.834299999999999,11.7312
16.355999999999998,11.7312
16.355999999999998,11.7312
11.7876,11.280000000000001
11.970899999999999,11.280000000000001
11.970899999999999,11.280000000000001
12.5913,9.221400000000001
12.2811,9.024
12.2811,9.024
12.2811,9.024
12.4926,8.9394
12.4926,8.9394
12.4926,8.9394
12.6618,9.024
12.6618,9.024
13.2822,9.024
12.9861,9.193200000000001
12.9861,9.193200000000001
12.9861,9.193200000000001
13.2822,8.008799999999999
13.2822,8.008799999999999
13.2822,8.008799999999999
13.4796,8.008799999999999
13.4796,7.1346
9.855899999999998,7.1346
9.447000000000001,7.1346
9.447000000000001,8.206199999999999
9.447000000000001,8.206199999999999
9.4329,8.206199999999999
9.4329,8.5869
9.4329,8.5869
9.362400000000001,8.5869
9.362400000000001,8.8407
9.912299999999998,8.8407
9.2919,8.8407
9.2919,9.6303
9.2919,9.6303
9.447000000000001,9.6303
9.447000000000001,10.9134
9.447000000000001,10.9134
9.6585,10.9134
9.6585,9.968699999999998
7.0077,9.968699999999998
6.5706,9.968699999999998
6.5706,7.5999
6.5706,7.1769
6.7962,7.1769
6.7962,7.1769
6.7962,7.1769
6.9513,6.7257
6.9513,6.7257
6.9513,6.7257
4.3568999999999996,6.3591
4.3568999999999996,6.3591
4.3568999999999996,6.3591
7.769100000000001,6.0066
7.769100000000001,6.0066
7.769100000000001,6.0066
5.0196,4.6953000000000005
5.0196,4.6953000000000005
5.0196,4.6953000000000005
4.7658000000000005,4.5684000000000005
5.499,4.5684000000000005
5.499,4.5684000000000005
5.1465,6.1758
5.1465,6.1758
5.1465,6.1758
6.5001,5.640000000000001
6.5001,5.640000000000001
6.5001,5.640000000000001
3.9621000000000004,6.1053
3.9621000000000004,6.1053
3.9621000000000004,6.1053
7.642200000000001,7.2333
7.642200000000001,7.2333
7.642200000000001,7.2333
4.7799000000000005,6.8385
4.7799000000000005,6.8385
4.7799000000000005,6.8385
5.3721,6.204
5.3721,6.204
5.3721,6.204
5.9079,6.0771
5.9079,6.0771
5.9079,6.0771
6.4014,6.0771
6.4014,6.0771
6.4014,5.625900000000001
7.332,5.625900000000001
7.332,5.625900000000001
7.332,6.5988
4.0325999999999995,6.5988
4.0325999999999995,6.5988
8.1075,6.0066
7.952399999999999,6.0066
7.952399999999999,6.0066
7.952399999999999,5.2593
4.7094000000000005,5.2593
4.7094000000000005,5.2593
5.2875,5.611800000000001
5.1747,5.611800000000001
5.1747,5.611800000000001
5.1747,6.3873
5.217,6.3873
5.217,6.3873
5.217,6.8526
5.3862,6.8526
5.3862,6.8526
5.3862,7.4307
5.696400000000001,7.4307
5.696400000000001,7.4307
1.8612,8.3049
1.8894,8.3049
1.8894,8.3049
1.8894,7.712700000000001
1.8471,7.712700000000001
1.8471,7.712700000000001
1.8471,5.9361
1.5933,5.9361
1.9176000000000002,5.9361
1.9176000000000002,5.3439
2.0162999999999998,5.3439
2.0162999999999998,5.3439
2.0162999999999998,5.0337
2.1431999999999998,5.0337
2.1431999999999998,3.0033
2.1431999999999998,3.0033
2.0726999999999998,3.0033
-1.1562000000000001,1.0574999999999999
-1.1562000000000001,1.0574999999999999
-1.1139,1.0574999999999999
-1.1139,1.0433999999999999
-1.1139,1.0433999999999999
-1.0715999999999999,1.0433999999999999
-1.0715999999999999,1.3959000000000001
-1.0715999999999999,1.3959000000000001
-1.3959000000000001,1.3959000000000001
-1.3818,2.4816
-1.3818,2.4816
-1.5228,2.4816
-1.5228,3.4968
-1.5228,3.4968
-1.4664,3.4968
-1.4664,4.2299999999999995
-1.2267,4.2299999999999995
-1.4664,4.2299999999999995
-4.3709999999999996,3.6519
-4.3709999999999996,3.6519
-4.5402,3.6519
-4.5402,3.3417
-4.5402,3.3417
-4.5825000000000005,3.3417
-4.5825000000000005,3.3417
-4.5825000000000005,2.6085
-4.5825000000000005,2.6085
-4.5825000000000005,2.6085
-4.5825000000000005,1.1985000000000001
-4.3709999999999996,1.1985000000000001
-4.3709999999999996,1.1985000000000001
-4.3709999999999996,0.5216999999999999
-6.9936,0.5216999999999999
-6.9936,0.5216999999999999
-7.1205,-0.8883
-7.0077,-0.8883
-7.0077,-0.8883
-7.0077,-2.1008999999999998
-7.0218,-2.1713999999999998
-7.0218,-2.1713999999999998
-7.0218,-2.1713999999999998
-6.9654,-2.1995999999999998
-6.9654,-2.1995999999999998
-6.9654,-2.1995999999999998
-6.9372,-1.9740000000000002
-8.9535,-1.9740000000000002
-8.9535,-1.9740000000000002
-9.249600000000001,-1.6497
-9.249600000000001,-1.6497
-9.249600000000001,-1.6497
-9.6585,-1.6497
-9.6585,-2.4816
-9.6585,-2.4816
-9.6585,-2.4816
-9.9828,-1.9599000000000002
-9.9828,-1.9599000000000002
-10.2366,-1.9599000000000002
-11.4069,-1.4241000000000001
-11.4069,-1.4241000000000001
-11.703,-1.4241000000000001
-11.703,-1.9740000000000002
-11.703,-1.9740000000000002
-12.0837,-1.9740000000000002
-12.0837,-3.5532
-12.0837,-3.5532
-12.5067,-3.5532
-12.5067,-4.0889999999999995
-12.5067,-4.0889999999999995
-13.0002,-4.0889999999999995
-12.7887,-4.4697
-12.7887,-4.4697
-12.3657,-4.4697
-13.3668,-5.9643
-13.3668,-5.9643
-13.7616,-5.9643
-13.7616,-7.0359
-13.7616,-7.0359
-14.2974,-7.0782
-14.2974,-7.0782
-14.2974,-7.0782
-14.593499999999999,-6.8244
-14.593499999999999,-6.8244
-14.593499999999999,-6.8244
-14.241,-6.909
-14.241,-6.909
-14.241,-6.909
-15.326699999999999,-7.1628
-15.326699999999999,-7.1628
-15.326699999999999,-7.1628
-15.834299999999999,-7.1346
-15.834299999999999,-7.1346
-15.834299999999999,-7.1346
-15.665099999999999,-7.1346
-15.665099999999999,-7.1346
-15.665099999999999,-7.1346
-17.314799999999998,-7.191
-17.314799999999998,-7.191
-17.314799999999998,-7.191
-16.863599999999998,-7.642200000000001
-16.863599999999998,-7.642200000000001
-16.863599999999998,-7.642200000000001
-17.2866,-8.0793
-17.2866,-8.0793
-17.2866,-8.0793
-16.1586,-8.9253
-16.1586,-8.9253
-16.1586,-8.9253
-16.3278,-9.5175
-16.3278,-9.5175
-16.3278,-9.5175
-16.8918,-10.2225
-16.8918,-10.2225
-16.8918,-10.2225
-16.9341,-11.0826
-16.9341,-11.0826
-16.9341,-11.0826
