-21.0513,0.0
-21.0795,0.0
-21.0795,0.0
-21.0795,0.0
-21.1218,0.0
-21.1218,0.0
-21.1218,0.0
-21.0654,0.0
-21.0654,0.0
-20.3322,-1.0433999999999999
-20.3463,-1.0433999999999999
-20.3463,-1.0433999999999999
-14.3256,-3.1725
-14.339699999999999,-3.1725
-14.339699999999999,-3.1725
-16.9623,-5.9079
-17.061,-5.9079
-17.061,-5.9079
-17.061,-5.9079
-13.6488,-10.8429
-13.6488,-10.8429
-13.6488,-10.8429
-10.4481,-15.453600000000002
-3.2571,-19.1901
-3.2571,-19.1901
-3.2853,-19.1901
-7.3038,-19.9515
-7.3038,-19.9515
-7.2615,-19.9515
-9.0381,-17.3994
-9.0381,-17.3994
-9.0663,-17.3994
-10.4199,-15.453600000000002
-10.4199,-15.453600000000002
-10.3635,-15.453600000000002
-10.5186,-15.326699999999999
-10.5186,-15.326699999999999
-10.434,-15.326699999999999
-13.239899999999999,-11.3223
-13.239899999999999,-11.3223
-13.1412,-11.3223
-11.1531,-7.670400000000001
-11.1531,-7.670400000000001
-11.0544,-7.670400000000001
-11.0544,-7.670400000000001
-10.8852,-7.924200000000001
-10.7865,-7.924200000000001
-10.7865,-7.924200000000001
-9.771299999999998,-9.362400000000001
-9.503400000000001,-9.362400000000001
-9.503400000000001,-9.362400000000001
-8.9112,-10.2084
-8.6715,-10.2084
-8.6151,-10.2084
-7.5576,-11.717099999999999
-7.1769,-11.717099999999999
-7.1769,-11.717099999999999
-6.7539,-12.3234
-6.4296,-12.3234
-6.4296,-12.3234
-4.4697,-10.998
-4.7799000000000005,-10.2789
-4.7799000000000005,-10.2789
-4.7799000000000005,-10.2789
-4.5684000000000005,-9.249600000000001
-5.2875,-9.249600000000001
-5.2875,-9.249600000000001
-5.640000000000001,-8.6433
-5.640000000000001,-8.6433
-5.640000000000001,-8.6433
-5.5413,-8.6433
-6.1194,-7.825500000000001
-6.1194,-7.825500000000001
-6.0207,-7.825500000000001
-6.909,-6.7539
-6.909,-6.7539
-6.909,-6.7539
-7.811400000000001,-5.4708
-7.811400000000001,-5.4708
-7.5576,-5.4708
-7.980599999999999,-4.8786
-7.980599999999999,-4.8786
-7.881900000000001,-4.8786
-8.1075,-5.1465
-8.1075,-5.1465
-8.2203,-5.1465
-7.825500000000001,-5.724600000000001
-7.825500000000001,-5.724600000000001
-7.6281,-5.724600000000001
-7.5999,-6.3168
-7.5999,-6.3168
-7.2897,-6.3168
-5.0196,-7.1346
-5.0196,-7.1346
-5.2593,-7.1346
-4.8645,-7.698600000000001
-4.8645,-7.698600000000001
-4.7235000000000005,-7.698600000000001
-4.8927,-7.881900000000001
-4.8927,-7.881900000000001
-4.7094000000000005,-7.881900000000001
-4.9773,-7.980599999999999
-4.9773,-7.980599999999999
-5.3862,-7.853700000000001
-5.3862,-7.853700000000001
-5.3862,-7.853700000000001
-5.5554,-7.3602
-6.0489,-7.3602
-6.0489,-7.3602
-6.7398,-6.345
-4.7517000000000005,-6.345
-4.7517000000000005,-6.345
-6.0912,-4.935
-6.0912,-4.935
-6.0912,-4.935
-6.1476,-4.6953000000000005
-6.6129,-4.6953000000000005
-6.6129,-4.6953000000000005
-6.486,-4.7799000000000005
-6.7962,-4.7799000000000005
-6.7962,-4.7799000000000005
-4.5543000000000005,-5.2593
-4.5543000000000005,-5.2593
-4.5543000000000005,-5.2593
-6.0207,-5.9079
-6.0207,-5.9079
-6.0207,-5.9079
-5.583600000000001,-6.3732
-4.1453999999999995,-6.3732
-4.1453999999999995,-6.3732
-4.1030999999999995,-6.1899
-4.1030999999999995,-6.1899
-4.1030999999999995,-6.1899
-4.4133,-6.1335
-4.4133,-6.1335
-4.4133,-6.1335
-4.7094000000000005,-5.5272
-4.7094000000000005,-5.5272
-4.7094000000000005,-5.5272
-5.3298,-4.9914
-5.3298,-4.9914
-4.0748999999999995,-4.8786
-3.9480000000000004,-4.8786
-4.1453999999999995,-4.8786
-4.6953000000000005,-4.0889999999999995
-4.6389000000000005,-4.0889999999999995
-4.8363000000000005,-4.0889999999999995
-4.8786,-4.0325999999999995
-4.6953000000000005,-4.0325999999999995
-4.7658000000000005,-4.0325999999999995
-3.4968,-4.0325999999999995
-3.4122,-4.0325999999999995
-3.5673,-4.0325999999999995
-3.3981,-4.2722999999999995
-3.2853,-4.2722999999999995
-3.4545,-4.2722999999999995
-3.3135,-4.4697
-3.1866,-4.4697
-3.1866,-4.4697
-3.2853,-4.3286999999999995
-3.4122,-4.3286999999999995
-3.4122,-4.3286999999999995
-3.3417,-4.4274
-3.2571,-4.4274
-3.3558,-4.4274
-2.3970000000000002,-4.2158999999999995
-2.3406000000000002,-4.2158999999999995
-2.3406000000000002,-4.2158999999999995
-4.0325999999999995,-3.4263
-3.9339000000000004,-3.4263
-2.9328,-3.4263
-2.9328,-3.4263
-2.9328,-3.1725
-2.9469,-3.1725
-2.9469,-3.1725
-3.1443,-3.1443
-3.1443,-3.1443
-3.1443,-3.1443
-3.0738,-3.1161
-2.1713999999999998,-3.1161
-2.1713999999999998,-3.1161
-2.1572999999999998,-3.0174
-3.4122,-2.7636
-3.4122,-2.7636
-3.2853,-2.7636
-1.8471,-3.4545
-1.8471,-3.4545
-1.9035,-3.4545
-2.2137,-3.0174
-2.2137,-3.0174
-2.1290999999999998,-3.0174
-2.1854999999999998,-2.9469
-2.1854999999999998,-2.9469
-2.0867999999999998,-2.9469
-2.1713999999999998,-2.9469
-2.3265000000000002,-2.7354
-2.4252,-2.7354
-2.4252,-2.7354
-1.7061,-2.5239
-1.6497,-2.5239
-1.5228,-2.5239
-1.3959000000000001,-2.7072
-1.2972,-2.7072
-1.2972,-2.7072
-1.7202,-2.1008999999999998
-1.8189,-2.1008999999999998
-1.8189,-2.1008999999999998
-1.833,-2.0867999999999998
-1.7625,-2.0867999999999998
-1.6638,-2.0867999999999998
-1.6638,-2.0867999999999998
-1.6638,-2.0867999999999998
-1.5228,-2.0867999999999998
-0.9165,-2.0867999999999998
-0.9447,-2.0867999999999998
-0.9447,-2.0867999999999998
-1.2126,-1.7061
-1.0997999999999999,-1.7061
-1.0997999999999999,-1.7061
-1.3254,-1.3818
-1.3254,-1.3818
-1.1844000000000001,-1.4523
-1.1844000000000001,-1.4523
-1.0433999999999999,-1.4523
-0.8742,-1.692
-0.8742,-1.692
-0.846,-1.692
-0.49350000000000005,-1.692
-0.49350000000000005,-1.692
-0.423,-1.692
-0.9165,-1.2408
-0.9165,-1.2408
-0.6204,-1.2408
-0.8319,-0.9447
-0.8319,-0.9447
-0.4371,-0.9447
-0.7614,-0.9588000000000001
-0.7614,-0.9588000000000001
-0.8178,-0.9588000000000001
-0.7473,-0.9447
-0.7473,-0.9447
-0.5357999999999999,-0.9447
-0.25379999999999997,-0.9165
-0.25379999999999997,-0.9165
-0.12689999999999999,-0.9165
-0.3666,-0.5781000000000001
-0.3666,-0.5781000000000001
-0.3666,-0.5781000000000001
-0.141,-0.5922000000000001
-0.141,-0.5922000000000001
-0.0282,-0.5922000000000001
0.0705,-0.7614
0.0705,-0.7614
0.2115,-0.7614
0.2115,-0.7614
0.2115,-0.7614
0.2256,-0.7614
0.3948,-0.7191
0.3948,-0.7191
0.6909,-0.7191
0.3948,-0.29610000000000003
0.3948,-0.29610000000000003
0.564,-0.2256
0.564,-0.2256
0.564,-0.2256
0.5922000000000001,-0.0987
0.7473,-0.0987
0.7473,-0.0987
0.846,0.0987
0.846,0.0987
0.846,0.0987
1.0715999999999999,0.1974
1.0715999999999999,0.1974
1.0715999999999999,0.1974
0.8883,0.3807
1.0574999999999999,0.3807
1.0574999999999999,0.3807
1.128,0.5781000000000001
1.128,0.5781000000000001
1.128,0.5781000000000001
0.9447,0.5781000000000001
0.9447,0.5781000000000001
0.9447,0.5781000000000001
1.0997999999999999,0.6345
1.2267,0.6345
1.2267,0.6345
1.3113,0.9165
1.3113,0.9165
1.3113,0.9165
1.5933,1.0151999999999999
1.5933,1.0151999999999999
1.5933,1.0151999999999999
1.6497,1.0151999999999999
2.1854999999999998,1.0151999999999999
2.1854999999999998,1.0151999999999999
1.7625,1.0574999999999999
1.7625,1.0574999999999999
1.7625,1.0574999999999999
1.7343,1.0574999999999999
2.2137,1.0574999999999999
2.1713999999999998,1.1139
2.1290999999999998,1.1139
2.6508,1.1139
2.4534,1.3959000000000001
2.9892,1.3959000000000001
2.9892,1.3959000000000001
2.8905,1.551
3.5955,1.551
3.5955,1.551
3.4122,1.8048
3.4404,1.8048
3.2148,1.8048
3.0879,2.0021999999999998
3.6096,2.0021999999999998
3.6096,2.0021999999999998
3.6096,2.0021999999999998
4.3286999999999995,2.0021999999999998
4.3286999999999995,2.0021999999999998
4.1876999999999995,2.1995999999999998
4.0889999999999995,2.1995999999999998
4.9914,2.1995999999999998
4.3004999999999995,3.1866
4.1735999999999995,3.1866
5.0055,3.1866
5.0055,3.1866
3.8493000000000004,3.525
3.8493000000000004,3.525
3.8493000000000004,3.525
3.7788,3.525
4.3850999999999996,3.525
4.3850999999999996,3.525
4.1171999999999995,3.7929
5.0901,3.7929
5.0901,3.7929
5.4849,4.1594999999999995
5.4849,4.1594999999999995
5.4849,4.1594999999999995
6.2463,4.1453999999999995
6.2463,4.1453999999999995
6.2463,4.1453999999999995
7.0077,4.1453999999999995
7.2333,3.8352000000000004
7.2333,3.8352000000000004
7.1205,3.8352000000000004
7.1769,3.7506
7.1769,3.7506
8.9112,3.7506
8.403599999999999,4.4697
8.403599999999999,4.4697
8.262599999999999,4.4697
6.5988,4.4697
6.1758,5.076
6.768,5.076
6.768,5.076
6.345,5.668200000000001
6.9513,5.668200000000001
6.9513,5.668200000000001
6.1758,6.768
6.0771,6.768
6.7962,6.768
6.5424,7.1205
7.1346,7.1205
7.1346,7.1205
6.7821,7.614
7.2474,7.614
7.2474,7.614
7.2897,7.5576
7.811400000000001,7.5576
7.811400000000001,7.5576
8.6433,6.3591
9.0663,6.3591
9.0663,6.3591
9.165000000000001,6.2181
9.475200000000001,6.2181
9.475200000000001,6.2181
9.503400000000001,6.1617
9.2919,6.1617
9.855899999999998,6.1617
7.656300000000001,6.3168
7.924200000000001,6.3168
7.5012,6.9231
7.5012,6.9231
7.656300000000001,6.9231
7.1205,7.698600000000001
7.1205,7.698600000000001
6.768,7.698600000000001
6.4296,8.6715
6.4296,8.6715
6.4437,8.6715
6.1476,9.0804
6.1476,9.0804
6.2181,9.0804
5.9502,9.4611
5.9502,9.4611
5.654100000000001,9.4611
6.3591,8.9676
6.3591,8.9676
6.3732,8.9676
5.8515,7.4448
5.8515,7.4448
6.1194,7.4448
8.3895,6.627
8.3895,6.627
8.1075,6.627
7.2333,6.204
7.2333,6.204
7.698600000000001,6.204
7.867800000000001,5.9502
7.867800000000001,5.9502
8.234399999999999,5.9502
8.290799999999999,5.8797
8.290799999999999,5.8797
8.0229,5.8797
7.994699999999999,5.922
7.994699999999999,5.922
9.2073,5.922
8.6151,6.768
8.6151,6.768
9.334200000000001,6.768
8.629199999999999,7.769100000000001
8.629199999999999,7.769100000000001
8.488199999999999,7.5435
9.6303,7.5435
9.6303,7.5435
7.5858,7.712700000000001
8.459999999999999,7.712700000000001
8.459999999999999,7.712700000000001
8.1075,7.938299999999999
9.0099,7.938299999999999
9.0099,7.938299999999999
8.459999999999999,8.347199999999999
9.559800000000001,8.347199999999999
9.559800000000001,8.347199999999999
8.798399999999999,9.0804
10.1238,9.0804
10.1238,9.0804
9.827699999999998,9.0945
9.827699999999998,9.0945
9.827699999999998,9.0945
10.2225,8.149799999999999
10.2225,8.149799999999999
10.2225,8.149799999999999
10.6878,8.0229
10.6878,8.0229
10.6878,8.0229
10.7583,9.0945
10.7583,9.0945
10.7583,9.0945
10.1097,9.616200000000001
11.449200000000001,9.616200000000001
11.449200000000001,9.616200000000001
11.167200000000001,9.616200000000001
12.2247,9.8136
12.2247,9.8136
13.1553,9.8136
13.1412,9.8418
13.1412,9.8418
12.8451,9.8418
13.677,10.2507
13.4514,10.5609
10.7301,10.5609
10.7301,10.5609
10.4904,10.9134
11.1813,10.9134
11.1813,10.9134
10.9275,11.2659
10.6032,11.2659
11.449200000000001,11.2659
10.9134,12.0132
10.5891,12.0132
7.938299999999999,12.0132
11.1813,12.831
10.7865,12.831
11.745299999999999,12.831
12.267,12.0696
11.886299999999999,12.0696
12.7887,12.0696
12.7887,12.0696
9.8982,10.8993
9.8982,10.8993
9.8982,10.8993
10.3212,10.8429
10.3212,10.8429
10.3212,10.8429
10.2225,10.5045
11.1813,10.5045
11.1813,10.5045
7.4025,10.4622
7.994699999999999,10.4622
7.994699999999999,10.4622
7.924200000000001,11.0544
7.924200000000001,11.0544
7.924200000000001,11.0544
7.5858,11.0967
8.3613,11.0967
8.3613,11.0967
8.657399999999999,10.1238
9.418800000000001,10.1238
9.418800000000001,10.1238
10.0251,10.0956
10.7019,9.1227
10.7019,9.1227
10.3917,9.1227
8.600999999999999,9.1227
9.6585,7.614
9.390600000000001,7.614
10.1661,7.614
10.1661,7.614
10.7724,7.614
10.7724,7.614
10.5327,7.952399999999999
10.1943,7.952399999999999
11.0544,7.952399999999999
10.5186,8.713799999999999
10.1943,8.713799999999999
8.4459,8.713799999999999
10.4199,9.729
8.1921,9.729
8.1921,9.729
7.853700000000001,10.2225
8.375399999999999,10.2225
8.375399999999999,10.2225
8.5869,9.9264
8.3049,9.9264
8.3049,9.9264
8.290799999999999,9.940499999999998
6.9372,9.940499999999998
6.9372,9.940499999999998
9.559800000000001,10.2507
9.2355,10.2507
7.2897,10.2507
7.2333,10.3212
7.05,10.3212
7.910100000000001,10.3212
8.4459,9.559800000000001
9.0945,9.559800000000001
9.0945,9.559800000000001
10.0674,8.177999999999999
9.884099999999998,8.177999999999999
10.8147,8.177999999999999
10.8147,8.177999999999999
10.6173,8.177999999999999
8.713799999999999,8.3895
8.713799999999999,8.3895
9.306000000000001,8.3895
9.3765,8.290799999999999
9.3765,8.290799999999999
10.011,8.290799999999999
10.4622,7.642200000000001
10.4622,7.642200000000001
10.2648,7.642200000000001
10.7301,8.1357
10.7301,8.1357
11.3223,8.1357
10.2225,9.714899999999998
10.2225,9.714899999999998
10.7865,9.714899999999998
10.6173,9.968699999999998
10.6173,9.968699999999998
10.4199,9.968699999999998
11.844,9.0945
11.844,9.0945
9.503400000000001,9.0945
9.2919,9.4047
9.2919,9.4047
9.714899999999998,9.4047
9.0945,10.293
9.0945,10.293
8.883,10.293
8.7843,10.434
8.7843,10.434
8.544599999999999,10.434
8.544599999999999,10.4199
8.544599999999999,10.4199
8.2767,10.4199
8.065199999999999,10.716
8.065199999999999,10.716
7.825500000000001,10.716
7.656300000000001,10.716
7.712700000000001,10.6314
8.4459,9.277800000000001
8.4459,9.277800000000001
8.4459,9.277800000000001
7.191,8.9253
7.191,8.9253
7.191,8.9253
7.2051,8.5869
7.642200000000001,8.5869
7.642200000000001,8.5869
5.9784,8.290799999999999
5.9784,8.290799999999999
5.9784,8.290799999999999
8.5869,7.952399999999999
8.5869,7.952399999999999
8.5869,7.952399999999999
8.3613,7.867800000000001
6.6975,7.867800000000001
6.6975,7.867800000000001
6.4578,7.867800000000001
6.8949,7.867800000000001
6.8949,7.867800000000001
7.473,7.4589
7.473,7.4589
7.473,7.4589
7.2474,7.4589
8.1639,6.909
8.1639,6.909
6.5001,6.909
6.4719,6.9513
6.4719,6.9513
6.7116,6.9513
6.3168,7.5153
6.3168,7.5153
6.0912,7.5153
7.1769,6.8526
7.1769,6.8526
7.5576,6.8526
7.5576,6.8526
6.9513,7.726800000000001
6.7116,7.726800000000001
5.3157,7.726800000000001
7.6281,7.3884
7.4307,7.3884
7.4307,7.3884
7.952399999999999,6.6411
7.769100000000001,6.6411
6.9372,6.6411
7.1628,6.3168
6.9936,6.3168
6.9936,6.3168
6.9936,6.3168
6.7116,6.486
5.9361,6.486
5.9361,6.486
5.4003,6.9513
6.0489,6.9513
6.0489,6.9513
4.5261,6.9513
4.5261,6.9513
4.5261,6.9513
3.9761999999999995,7.4589
4.5402,7.4589
4.5402,7.4589
6.5283,7.4871
4.9632,7.4871
4.9632,7.4871
5.2593,6.8808
5.2593,6.8808
5.2593,6.8808
5.7387,6.0066
4.4979,6.0066
4.4979,6.0066
5.1606,4.9068
5.597700000000001,4.9068
5.597700000000001,4.9068
4.3709999999999996,4.2158999999999995
4.3709999999999996,4.2158999999999995
4.3709999999999996,4.2158999999999995
5.9502,4.9068
6.486,4.9068
5.9079,5.7387
5.781,5.7387
3.9480000000000004,5.7387
4.2722999999999995,5.2593
4.5684000000000005,5.2593
4.5684000000000005,5.2593
2.6931,4.8786
2.6226,4.8786
2.9751,4.8786
3.0597,4.7517000000000005
2.9328,4.7517000000000005
3.3276,4.7517000000000005
3.2148,4.9209
3.4686,4.9209
3.4686,4.9209
3.4686,4.9209
3.3135,4.9209
1.6638,4.9209
3.5814,5.076
3.4545,5.076
3.8916000000000004,5.076
2.8623000000000003,3.5391
2.7636,3.5391
3.0738,3.5391
3.5532,2.8482000000000003
3.4404,2.8482000000000003
3.7788,2.8482000000000003
3.7788,2.8482000000000003
3.6519,2.8482000000000003
3.6519,2.8482000000000003
3.4122,3.1866
1.3818,3.1866
1.3818,3.1866
1.1844000000000001,3.4545
1.2549,3.4545
1.2549,3.4545
1.3395,3.3417
1.2408,3.3417
1.7343,3.0597
1.7343,3.0597
-0.3807,3.0597
1.8189,3.3417
1.8189,3.3417
2.0162999999999998,3.3417
-0.6063,3.4968
-0.6063,3.4968
-0.6486,3.4968
0.12689999999999999,2.7354
0.12689999999999999,2.7354
0.3384,2.7354
1.2549,1.4241000000000001
1.2549,1.4241000000000001
1.1844000000000001,1.4241000000000001
1.6074,1.2972
1.6074,1.2972
1.5792,1.2972
1.7484,1.551
1.7484,1.551
-1.0433999999999999,1.551
2.6649,0.7332
2.6649,0.7332
2.6085,0.7332
0.3243,-0.12689999999999999
0.3243,-0.12689999999999999
0.25379999999999997,-0.12689999999999999
0.1551,0.47940000000000005
0.1551,0.47940000000000005
0.4371,0.47940000000000005
-0.1692,1.3677
-0.1692,1.3677
-0.3102,1.3677
0.0564,1.3677
-0.0987,1.6074
-0.1551,1.6074
0.0987,1.6074
-0.282,2.1713999999999998
0.0987,2.1713999999999998
0.0987,2.1713999999999998
0.423,1.7061
1.3113,0.3807
1.8753,0.3807
1.8753,0.3807
1.9317000000000002,0.2256
-2.4111000000000002,0.2256
-2.4111000000000002,0.2256
-2.3406000000000002,0.141
-2.3406000000000002,0.141
-2.3406000000000002,0.141
-1.9035,-0.0987
-1.9035,-0.0987
-1.9035,-0.0987
-1.9740000000000002,-0.0987
-1.9317000000000002,-0.0987
-1.9317000000000002,-0.0987
-2.5944,0.8319
-2.4957,0.8319
-2.4957,0.8319
-2.0444999999999998,0.8319
-1.4664,0.0
-1.4664,0.0
-1.2549,0.0
0.25379999999999997,-2.1713999999999998
0.25379999999999997,-2.1713999999999998
0.3102,-2.1713999999999998
0.564,-2.1995999999999998
0.564,-2.1995999999999998
1.1844000000000001,-2.1995999999999998
1.0292999999999999,-1.9740000000000002
1.0292999999999999,-1.9740000000000002
-6.6552,-1.9740000000000002
-7.0641,-1.9740000000000002
-7.0641,-1.9740000000000002
-7.0641,-1.9740000000000002
-7.2333,-2.0726999999999998
-7.2333,-2.0726999999999998
-7.4025,-2.0726999999999998
-8.431799999999999,-0.6063
-9.0804,0.3243
-9.0945,0.3243
-9.334200000000001,0.3243
-9.6021,0.7050000000000001
-9.277800000000001,0.7050000000000001
-9.5739,0.7050000000000001
-9.5739,0.7050000000000001
-7.797300000000001,-1.9880999999999998
-7.797300000000001,-1.9880999999999998
-7.797300000000001,-1.9880999999999998
-4.9632,-6.1194
-4.9632,-6.1194
-4.9632,-6.1194
-3.7506,-6.9513
-4.0748999999999995,-6.9513
-4.0748999999999995,-6.9513
-3.2148,-8.0511
-3.2148,-8.0511
-3.2148,-8.0511
-2.5803,-9.024
-2.5803,-9.024
-2.5803,-9.024
-2.3547000000000002,-8.713799999999999
-3.2853,-8.713799999999999
-3.2853,-8.713799999999999
-5.5554,-6.345
-5.5554,-6.345
-5.5554,-6.345
-30.625200000000003,-4.2722999999999995
-30.625200000000003,-4.2722999999999995
-30.625200000000003,-4.2722999999999995
-31.020000000000003,-3.525
-36.2511,-3.525
-36.2511,-3.525
-43.329299999999996,-2.8623000000000003
-43.329299999999996,-2.8623000000000003
-43.329299999999996,-2.8623000000000003
-52.7622,-2.3970000000000002
-52.7622,-2.3970000000000002
-52.7622,-2.3970000000000002
-50.9433,-3.7365
-63.562799999999996,-3.7365
-60.8415,-7.614
-75.9144,-7.614
-75.9144,-7.614
-72.4035,-12.6336
-92.5101,-12.6336
-92.5101,-12.6336
-89.253,-17.2866
-86.3202,-17.2866
-120.0897,-17.2866
-116.7198,-22.1088
-156.46769999999998,-22.1088
-156.46769999999998,-22.1088
-153.43619999999999,-26.4516
-88.6467,-26.4516
-88.6467,-26.4516
-87.7725,-27.706500000000002
-86.72909999999999,-27.706500000000002
-94.2726,-27.706500000000002
-94.2303,-27.762900000000002
-98.7987,-27.762900000000002
-98.7987,-27.762900000000002
-98.7705,-27.8052
-98.37570000000001,-27.8052
-100.9842,-27.8052
-100.97009999999999,-27.833399999999997
-100.9278,-27.833399999999997
-99.9831,-27.833399999999997
-100.01129999999999,-27.8052
-100.2792,-27.8052
-93.46889999999999,-27.8052
-93.4548,-27.833399999999997
-86.8137,-27.833399999999997
-86.8137,-27.833399999999997
-86.8137,-27.833399999999997
-61.0248,-27.833399999999997
-58.656,-27.833399999999997
-58.656,-27.833399999999997
-55.779599999999995,-27.833399999999997
-55.793699999999994,-27.8052
-55.793699999999994,-27.8052
-41.862899999999996,-27.8052
-53.3262,-27.8052
-53.3262,-27.8052
-41.1579,-27.8052
-40.1145,-27.8052
-40.1145,-27.8052
-40.3542,-27.8052
-38.9865,-27.833399999999997
-38.9865,-27.833399999999997
-38.126400000000004,-27.833399999999997
-38.154599999999995,-27.8052
-38.154599999999995,-27.8052
-29.4408,-27.8052
-29.1024,-27.833399999999997
-29.1024,-27.833399999999997
-29.1729,-27.833399999999997
-28.679399999999998,-27.8052
-28.679399999999998,-27.8052
-28.8063,-27.8052
-28.7781,-27.833399999999997
-28.7781,-27.833399999999997
-28.8345,-27.833399999999997
-21.6858,-27.8052
-21.6858,-27.8052
-21.671699999999998,-27.8052
-21.671699999999998,-27.8052
-21.671699999999998,-27.8052
-21.446099999999998,-27.8052
-21.446099999999998,-27.8052
-21.4743,-27.762900000000002
-21.3615,-27.762900000000002
-21.3474,-27.762900000000002
-16.0599,-27.762900000000002
-15.989399999999998,-27.762900000000002
-15.989399999999998,-27.762900000000002
-15.989399999999998,-27.762900000000002
-15.820200000000002,-27.762900000000002
-15.820200000000002,-27.762900000000002
-18.231299999999997,-24.3225
-19.9515,-21.5166
-20.1912,-21.5166
-20.1912,-21.5166
-16.130399999999998,-21.389699999999998
-16.130399999999998,-21.389699999999998
-16.130399999999998,-21.389699999999998
-20.3181,-21.1359
-16.3842,-21.1359
-16.3842,-21.1359
-18.1044,-18.386400000000002
-18.1044,-18.386400000000002
-18.1044,-18.386400000000002
-17.8224,-18.386400000000002
-19.655399999999997,-15.777899999999999
-19.655399999999997,-15.777899999999999
-20.5014,-15.777899999999999
-19.176000000000002,-17.6814
-19.176000000000002,-17.6814
-18.9927,-17.6814
-15.524099999999999,-18.1326
-15.524099999999999,-18.1326
-15.312600000000002,-18.1326
-17.1315,-16.1163
-17.1315,-16.1163
-16.9059,-16.1163
-16.7085,-17.0046
-16.7085,-17.0046
-16.4829,-17.0046
-15.904799999999998,-18.4146
-15.904799999999998,-18.4146
-15.749699999999999,-18.4146
-15.594600000000002,-19.1055
-15.594600000000002,-19.1055
-15.453600000000002,-19.1055
-16.919999999999998,-17.343
-16.919999999999998,-17.343
-16.7931,-17.343
-15.369000000000002,-15.989399999999998
-15.369000000000002,-15.989399999999998
-14.8896,-16.497
-15.326699999999999,-16.497
-15.326699999999999,-16.497
-15.636899999999999,-16.299599999999998
-15.636899999999999,-16.299599999999998
-15.636899999999999,-16.299599999999998
-15.989399999999998,-15.651000000000002
-16.186799999999998,-15.651000000000002
-16.186799999999998,-15.651000000000002
-16.2573,-15.425400000000002
-16.5111,-15.425400000000002
-16.5111,-15.425400000000002
-14.001299999999999,-15.608699999999999
-14.339699999999999,-15.608699999999999
-14.339699999999999,-15.608699999999999
-14.170499999999999,-15.707400000000002
-14.4384,-15.707400000000002
-14.4384,-15.707400000000002
-14.819099999999999,-15.0588
-15.101099999999999,-15.0588
-15.101099999999999,-15.0588
-15.0024,-15.397200000000002
-15.0024,-15.397200000000002
-15.0024,-15.397200000000002
-14.649899999999999,-15.806099999999999
-14.8332,-15.806099999999999
-14.8332,-15.806099999999999
-15.1998,-15.228
-13.4514,-15.228
-13.4514,-15.228
-14.4384,-13.9872
-14.4384,-13.9872
-14.4384,-13.9872
-14.3538,-14.0436
-14.523,-14.0436
-14.523,-14.0436
-14.1564,-14.523
-14.367899999999999,-14.523
-14.367899999999999,-14.523
-14.396099999999999,-14.6358
-14.396099999999999,-14.6358
-14.6358,-14.2974
-14.6076,-14.2974
-14.734499999999999,-14.2974
-15.383099999999999,-13.380899999999999
-15.354899999999999,-13.380899999999999
-15.481800000000002,-13.380899999999999
-15.411299999999999,-13.4796
-13.8744,-13.4796
-13.8744,-13.4796
-13.437299999999999,-14.1
-13.409099999999999,-14.1
-13.5924,-14.1
-13.550099999999999,-14.170499999999999
-13.5078,-14.170499999999999
-13.677,-14.170499999999999
-13.634699999999999,-14.241
-13.606499999999999,-14.241
-13.677,-14.241
-13.3386,-14.734499999999999
-13.4514,-14.734499999999999
-13.4514,-14.734499999999999
-13.1553,-15.1716
-13.1271,-15.1716
-13.2258,-15.1716
-13.662899999999999,-14.5512
-13.719299999999999,-14.5512
-13.719299999999999,-14.5512
-14.537099999999999,-13.380899999999999
-14.6076,-13.380899999999999
-14.6076,-13.380899999999999
-14.621699999999999,-13.352699999999999
-14.621699999999999,-13.352699999999999
-14.734499999999999,-13.352699999999999
-14.734499999999999,-13.352699999999999
-14.762699999999999,-13.352699999999999
-14.762699999999999,-13.352699999999999
-14.762699999999999,-13.352699999999999
-13.5642,-13.1976
-13.677,-13.0425
-13.677,-13.0425
-13.662899999999999,-13.0425
-13.3104,-13.7052
-13.3104,-13.7052
-13.380899999999999,-13.7052
-13.0002,-14.255099999999999
-13.0002,-14.255099999999999
-13.0566,-14.255099999999999
-12.9579,-14.396099999999999
-12.9579,-14.396099999999999
-12.9579,-14.396099999999999
-12.9438,-14.523
-12.9438,-14.523
-12.9297,-14.523
-13.113,-14.3256
-13.113,-14.3256
-13.2117,-14.3256
-13.8462,-13.4232
-13.8462,-13.4232
-13.832099999999999,-13.4232
-13.8744,-13.4232
-14.142299999999999,-13.0425
-14.198699999999999,-13.0425
-14.198699999999999,-13.0425
-14.367899999999999,-12.7887
-14.367899999999999,-12.7887
-14.4384,-12.7887
-14.4666,-12.7605
-14.4666,-12.7605
-14.480699999999999,-12.7605
-13.1553,-12.7605
-13.2117,-12.7605
-13.2117,-12.7605
-14.382,-12.972
-13.0425,-12.972
-13.1271,-12.972
-12.6336,-13.691099999999999
-11.1813,-13.691099999999999
-11.280000000000001,-13.691099999999999
-11.0685,-13.9872
-10.8852,-14.170499999999999
-10.9839,-14.170499999999999
-10.9839,-14.170499999999999
-11.0121,-14.255099999999999
-11.0121,-14.255099999999999
-11.0121,-14.255099999999999
-10.9557,-14.255099999999999
-11.280000000000001,-13.944899999999999
-11.280000000000001,-13.944899999999999
-11.336400000000001,-13.944899999999999
-11.9286,-13.0989
-11.9286,-13.0989
-12.0132,-13.0989
-12.69,-12.126
-12.69,-12.126
-11.1108,-12.126
-13.6488,-10.8993
-13.6488,-10.8993
-13.5924,-10.8993
-12.2811,-10.8429
-12.2811,-10.8429
-12.3939,-10.8429
-12.3939,-10.8429
-12.3939,-10.8429
-12.3234,-10.8429
-12.3093,-11.1531
-12.3093,-11.1531
-12.2247,-11.1531
-10.293,-12.0414
-10.293,-12.0414
-10.434,-12.0414
-9.8418,-12.8874
-9.8418,-12.8874
-9.7572,-12.8874
-9.87,-13.0707
-9.87,-13.0707
-9.771299999999998,-13.0707
-10.5609,-12.3234
-10.5609,-12.3234
-9.362400000000001,-12.2247
-9.362400000000001,-12.2247
-9.362400000000001,-12.2247
-9.968699999999998,-11.223600000000001
-10.2366,-11.223600000000001
-10.2366,-11.223600000000001
-10.857,-10.2366
-11.1531,-10.2366
-11.1531,-10.2366
-10.0956,-9.9546
-10.0956,-9.9546
-10.0956,-9.9546
-10.2507,-9.644400000000001
-10.5609,-9.644400000000001
-10.5609,-9.644400000000001
-10.6314,-9.4329
-10.9557,-9.4329
-10.9557,-9.4329
-11.251800000000001,-9.334200000000001
-11.251800000000001,-9.334200000000001
-11.251800000000001,-9.334200000000001
-9.531600000000001,-10.2084
-9.531600000000001,-10.2084
-9.531600000000001,-10.2084
-9.2637,-10.4622
-9.6021,-10.4622
-9.6021,-10.4622
-8.7843,-10.1802
-8.7843,-10.1802
-8.7843,-10.1802
-7.867800000000001,-10.1238
-7.867800000000001,-10.1238
-7.867800000000001,-10.1238
-7.4448,-10.5891
-7.4448,-10.5891
-7.4448,-10.5891
-8.036999999999999,-10.4904
-8.036999999999999,-10.4904
-8.036999999999999,-10.4904
-8.5869,-9.559800000000001
-8.9112,-9.559800000000001
-9.2073,-9.136800000000001
-9.108600000000001,-9.136800000000001
-6.3168,-9.136800000000001
-6.6411,-8.6715
-6.8385,-8.6715
-6.8385,-8.6715
-7.1487,-8.234399999999999
7.5576,-8.234399999999999
7.5576,-8.234399999999999
7.0782,-7.5435
-6.768,-7.5435
7.2756,-7.5435
7.191,-7.4166
7.4025,-7.4166
7.4025,-7.4166
7.980599999999999,-8.234399999999999
8.149799999999999,-8.234399999999999
8.149799999999999,-8.234399999999999
-4.1453999999999995,-8.1075
-4.1312999999999995,-8.1075
8.1921,-8.1075
5.7669,-4.6530000000000005
5.9643,-4.6530000000000005
5.9643,-4.6530000000000005
5.8515,-4.4979
5.8233,-4.4979
5.922,-4.4979
5.922,-4.4979
5.0478,-3.3558
4.2440999999999995,-3.3558
4.2440999999999995,-3.3558
-0.282,1.8894
-0.282,1.8894
-0.282,1.8894
-0.0423,1.4523
-0.0423,1.4523
-0.0423,1.4523
0.9165,1.3254
-2.8623000000000003,5.4144
-2.8623000000000003,5.4144
-2.8764,5.4144
-2.8764,5.4144
-2.8764,5.4144
-2.8623000000000003,5.4144
-2.2419,4.5261
-2.2419,4.5261
-2.256,4.5261
-1.551,2.0303999999999998
-1.551,2.0303999999999998
-1.5087,2.0303999999999998
0.0,-0.12689999999999999
0.0,-0.12689999999999999
0.0846,-0.12689999999999999
0.0846,-0.12689999999999999
0.846,-1.2267
0.8742,-1.2267
0.9165,-1.2267
2.0021999999999998,-2.7636
2.0303999999999998,-2.7636
2.1290999999999998,-2.7636
2.1290999999999998,-2.7636
2.1995999999999998,-2.7636
2.1995999999999998,-2.7636
1.6356,-1.9599000000000002
1.6215,-1.9599000000000002
1.7061,-1.9599000000000002
0.9447,-0.8742
0.9165,-0.8742
0.9165,-0.8742
-0.0564,0.5216999999999999
-1.3818,0.5216999999999999
-1.3818,0.5216999999999999
-1.9740000000000002,1.3536
-2.0162999999999998,1.3536
-1.9880999999999998,1.3536
-2.4252,1.9880999999999998
-2.4816,1.9880999999999998
-2.4816,1.9880999999999998
-2.5239,2.0444999999999998
-2.5521,2.0444999999999998
-2.1008999999999998,1.3959000000000001
-2.1008999999999998,1.3959000000000001
-2.1008999999999998,1.3959000000000001
-1.6638,0.9588000000000001
-1.6638,0.9588000000000001
-1.6638,0.9588000000000001
-0.8742,-0.0987
-0.8742,-0.0987
-0.7473,-0.0987
0.29610000000000003,-1.6074
0.29610000000000003,-1.6074
0.3243,-1.6074
0.7473,-2.1149999999999998
0.7473,-2.1149999999999998
0.7755,-2.1149999999999998
0.9306,-2.2983000000000002
0.9306,-2.2983000000000002
1.0010999999999999,-2.2983000000000002
0.9165,-2.1713999999999998
0.9165,-2.1713999999999998
0.9024,-2.1713999999999998
0.3948,-1.269
0.3948,-1.269
0.35250000000000004,-1.269
-0.1692,-0.3807
-0.1692,-0.3807
-0.12689999999999999,-0.3807
-0.7050000000000001,0.4512
-0.7050000000000001,0.4512
-0.6486,0.4512
-0.8742,0.7896
-0.8742,0.7896
-0.9165,0.7896
-0.9024,0.8601
-0.9024,0.8601
-0.8742,0.8601
-0.8742,0.8601
-0.8742,0.8601
-0.4512,0.25379999999999997
-0.3243,0.25379999999999997
-0.3243,0.25379999999999997
0.0423,-0.3102
0.12689999999999999,-0.3102
0.12689999999999999,-0.3102
0.3948,-0.5781000000000001
0.3948,-0.5781000000000001
0.3948,-0.5781000000000001
0.4653,-0.7191
0.6486,-0.7191
0.6486,-0.7191
0.7191,-0.846
0.8742,-0.846
0.8742,-0.846
1.0856999999999999,-0.8601
1.0856999999999999,-0.8601
1.0856999999999999,-0.8601
0.6768,-0.3102
0.8319,-0.3102
0.8319,-0.3102
0.5216999999999999,0.141
0.8178,0.141
0.8178,0.141
0.846,0.3666
0.846,0.3666
0.846,0.3666
0.6204,0.6063
0.9024,0.6063
0.9024,0.6063
0.5498999999999999,0.9306
0.9306,0.9306
0.9306,0.9306
1.2831,1.0151999999999999
1.2831,1.0151999999999999
1.2831,1.0151999999999999
1.2126,1.0151999999999999
1.6638,1.0151999999999999
1.6638,1.0151999999999999
1.5792,1.0151999999999999
2.1995999999999998,0.8319
2.2278,0.8037
2.8905,0.8037
2.8905,0.8037
2.8905,0.8037
3.5673,0.8037
3.5673,0.8037
3.5532,0.8178
3.5109,0.8178
4.4415,0.8178
4.4415,0.8319
5.583600000000001,0.8319
5.583600000000001,0.8319
5.2593,1.2972
6.5142,1.2972
6.5142,1.2972
5.781,2.3406000000000002
5.499,2.3406000000000002
6.9372,2.3406000000000002
6.3873,3.1161
8.1639,3.1161
8.1639,3.1161
8.1639,3.1161
7.5012,3.4686
9.7008,3.4686
9.7008,3.4686
8.6151,4.4415
11.0826,4.4415
11.0826,4.4415
9.729,5.8515
12.408,5.8515
12.408,5.8515
14.931899999999999,6.1476
14.931899999999999,6.1476
14.931899999999999,6.1476
14.001299999999999,6.5988
18.1326,6.5988
18.1326,6.5988
16.750799999999998,7.642200000000001
21.2487,8.0229
21.2487,8.0229
26.014499999999998,8.0229
25.3518,8.9535
25.3518,8.9535
24.1815,8.9535
29.7228,10.9134
29.7228,10.9134
28.3551,10.9134
35.9409,10.9134
34.2207,13.3668
41.2284,13.3668
41.2284,13.3668
39.4377,15.932999999999998
37.266299999999994,15.932999999999998
49.49099999999999,15.932999999999998
47.079899999999995,19.3875
44.485499999999995,19.3875
57.5703,19.3875
55.272,22.6587
66.0585,22.6587
66.0585,22.6587
63.083400000000005,26.9028
43.3716,26.9028
48.2502,26.9028
47.7003,27.6924
46.3185,27.6924
50.4921,27.6924
50.4639,27.7488
52.6353,27.7488
52.6353,27.7488
52.5789,27.819300000000002
51.5073,27.819300000000002
54.200399999999995,27.819300000000002
54.200399999999995,27.819300000000002
53.2698,27.819300000000002
54.665699999999994,27.819300000000002
54.651599999999995,27.833399999999997
53.847899999999996,27.833399999999997
53.847899999999996,27.833399999999997
53.847899999999996,27.833399999999997
54.778499999999994,27.833399999999997
54.778499999999994,27.833399999999997
54.778499999999994,27.833399999999997
54.2286,27.833399999999997
54.1722,27.833399999999997
54.1722,27.833399999999997
53.297999999999995,27.833399999999997
53.283899999999996,27.8475
53.283899999999996,27.8475
51.9867,27.8475
52.0008,27.833399999999997
52.0008,27.833399999999997
51.704699999999995,27.833399999999997
50.788199999999996,27.833399999999997
50.788199999999996,27.833399999999997
49.5756,27.833399999999997
32.9799,27.8475
32.9799,27.8475
32.1621,27.8475
47.6298,27.833399999999997
47.6298,27.833399999999997
31.964699999999997,27.833399999999997
31.682699999999997,27.833399999999997
31.682699999999997,27.833399999999997
31.287899999999997,27.833399999999997
31.287899999999997,27.8475
31.287899999999997,27.8475
30.6393,27.8475
30.653399999999998,27.833399999999997
30.653399999999998,27.833399999999997
30.540599999999998,27.833399999999997
30.0612,27.8475
30.0612,27.8475
29.3139,27.8475
29.3139,27.8475
29.3139,27.8475
28.5948,27.8475
28.622999999999998,27.8052
28.622999999999998,27.8052
28.566599999999998,27.762900000000002
28.157700000000002,27.762900000000002
28.157700000000002,27.762900000000002
27.650100000000002,27.7488
27.650100000000002,27.7488
27.650100000000002,27.7488
27.5796,27.7488
27.043799999999997,27.7488
27.043799999999997,27.7488
26.9733,27.7488
26.4516,27.7488
26.4516,27.7488
25.9299,27.7488
25.9299,27.7488
25.9299,27.7488
18.6543,27.7488
18.555600000000002,27.7488
18.555600000000002,27.7488
18.3723,27.7488
18.189,27.7488
18.189,27.7488
18.273600000000002,27.2271
18.273600000000002,27.2271
18.273600000000002,27.2271
18.682499999999997,26.3952
18.555600000000002,26.3952
18.555600000000002,26.3952
18.7671,25.901699999999998
18.6543,25.901699999999998
18.6543,25.901699999999998
18.5274,25.901699999999998
21.1923,21.784499999999998
21.1923,21.784499999999998
20.868,21.784499999999998
23.194499999999998,18.471
23.194499999999998,18.471
22.982999999999997,18.471
23.264999999999997,18.062099999999997
23.264999999999997,18.062099999999997
23.152199999999997,18.062099999999997
23.025299999999998,18.048
22.9548,18.1326
22.6023,18.1326
22.6023,18.1326
22.4331,18.3723
22.334400000000002,18.3723
22.179299999999998,18.3723
21.6012,19.2042
21.4743,19.2042
21.3192,19.2042
19.7259,21.4743
15.1998,21.4743
15.1998,21.4743
15.1998,22.6587
14.198699999999999,22.6587
14.198699999999999,22.6587
14.198699999999999,22.6587
14.0718,22.7574
14.0718,22.7574
14.0718,22.7574
14.198699999999999,22.3626
14.198699999999999,22.3626
14.198699999999999,22.3626
14.4666,21.7422
14.4666,21.7422
14.4666,21.7422
16.3419,18.9363
16.3419,18.9363
16.3419,18.9363
19.077299999999997,14.8614
19.077299999999997,14.8614
19.077299999999997,14.8614
19.542599999999997,14.1
19.4721,14.1
19.4721,14.1
16.3419,13.944899999999999
16.3419,13.944899999999999
16.3419,13.944899999999999
16.3137,13.944899999999999
16.3137,14.8332
18.6543,14.8332
15.538200000000002,14.8332
15.538200000000002,14.8332
13.818,17.2866
13.677,17.2866
13.7052,17.2866
12.69,18.724800000000002
12.6336,18.724800000000002
12.6336,18.724800000000002
12.4926,18.908099999999997
12.3798,18.908099999999997
12.3939,18.908099999999997
12.9861,18.048
12.8592,18.048
12.8592,18.048
13.465499999999999,17.1879
11.0544,17.1879
11.0544,17.1879
11.4774,16.581599999999998
11.3787,16.581599999999998
11.4774,16.581599999999998
13.747499999999999,13.324499999999999
13.6488,13.324499999999999
13.7052,13.324499999999999
14.2692,12.5349
14.311499999999999,12.5349
14.311499999999999,12.5349
14.367899999999999,12.4503
14.2692,12.4503
14.3538,12.4503
14.1,12.8169
14.001299999999999,12.8169
14.001299999999999,12.8169
14.1846,12.549
12.1683,12.549
12.1683,12.549
12.4362,12.1683
12.3234,12.1683
12.4503,12.1683
11.392800000000001,13.677
11.280000000000001,13.677
11.0544,13.9872
11.0544,13.9872
10.9275,13.9872
10.857,14.1
10.857,14.1
11.0544,14.1
11.0544,14.114099999999999
11.0544,14.114099999999999
10.9275,14.114099999999999
11.6748,13.268099999999999
11.6748,13.268099999999999
9.799499999999998,13.268099999999999
10.5609,12.1965
10.5609,12.1965
10.4481,12.1965
11.139,11.421000000000001
11.139,11.421000000000001
11.0262,11.421000000000001
11.604299999999999,10.8429
11.604299999999999,10.8429
11.6466,10.8429
11.703,10.7442
11.703,10.7442
11.7876,10.7442
11.6748,10.9134
11.6748,10.9134
11.562,10.9134
11.519699999999998,11.167200000000001
11.519699999999998,11.167200000000001
11.562,11.167200000000001
11.844,10.7583
11.844,10.7583
11.886299999999999,10.7583
11.703,11.0121
11.703,11.0121
11.604299999999999,11.0121
11.773499999999999,11.0121
11.5056,11.392800000000001
9.8982,11.463299999999998
9.8982,11.463299999999998
9.8982,11.463299999999998
9.9546,11.4774
9.9546,11.4774
9.9546,11.4774
9.855899999999998,11.463299999999998
10.0251,11.463299999999998
10.0251,11.463299999999998
10.0956,11.4774
10.0956,11.4774
10.0956,11.4774
10.1379,11.4774
10.1379,11.4774
10.1379,11.4774
10.4058,10.9698
10.5609,10.9698
10.5609,10.9698
11.280000000000001,9.8136
11.280000000000001,9.8136
11.280000000000001,9.8136
10.0956,9.743099999999998
10.1379,9.743099999999998
10.1379,9.743099999999998
10.0674,9.743099999999998
10.1943,9.743099999999998
10.1943,9.743099999999998
10.1097,9.743099999999998
10.2225,9.8418
10.2225,9.8418
10.2648,9.8418
10.0392,10.152
10.0392,10.152
9.940499999999998,10.152
9.672600000000001,10.7583
9.672600000000001,10.7583
9.5739,10.7583
9.7008,10.8147
9.7008,10.8147
9.743099999999998,10.8147
10.1943,10.1661
10.2225,10.1379
10.1238,10.1379
10.2648,10.1379
10.293,10.0956
10.1943,10.0956
10.3635,10.0956
10.4622,9.968699999999998
10.5045,9.968699999999998
10.5045,9.968699999999998
10.5045,9.968699999999998
9.4047,9.644400000000001
9.5739,9.644400000000001
9.5739,9.644400000000001
9.6021,9.4893
9.7572,9.4893
9.7572,9.4893
9.799499999999998,9.531600000000001
9.799499999999998,9.531600000000001
9.799499999999998,9.531600000000001
9.4329,9.912299999999998
9.6021,9.912299999999998
9.6021,9.912299999999998
9.3765,10.1238
9.531600000000001,10.1238
9.531600000000001,10.1238
9.799499999999998,9.8418
9.799499999999998,9.8418
9.799499999999998,9.8418
9.9828,9.475200000000001
10.1379,9.475200000000001
10.1379,9.475200000000001
10.0674,9.475200000000001
10.2084,9.475200000000001
10.2084,9.475200000000001
10.293,9.475200000000001
10.293,9.475200000000001
10.293,9.475200000000001
9.334200000000001,9.4329
9.334200000000001,9.4329
10.4904,9.306000000000001
10.4199,9.306000000000001
9.503400000000001,9.306000000000001
9.3765,9.503400000000001
9.4893,9.503400000000001
9.4893,9.503400000000001
9.2073,9.912299999999998
8.318999999999999,9.912299999999998
8.318999999999999,9.912299999999998
9.2073,10.011
9.136800000000001,10.011
9.249600000000001,10.011
9.2073,10.0815
8.3895,10.0815
8.3895,10.0815
8.262599999999999,10.2507
8.177999999999999,10.2507
8.318999999999999,10.2507
8.488199999999999,10.011
8.4177,10.011
8.544599999999999,10.011
9.0522,9.277800000000001
9.108600000000001,9.277800000000001
9.108600000000001,9.277800000000001
8.1357,9.1509
8.1921,9.1509
8.1921,9.1509
8.2203,9.108600000000001
8.149799999999999,9.108600000000001
8.290799999999999,9.108600000000001
8.7279,8.488199999999999
8.798399999999999,8.488199999999999
8.798399999999999,8.488199999999999
9.0099,8.177999999999999
9.0804,8.177999999999999
9.0804,8.177999999999999
8.9112,8.4177
8.8266,8.4177
7.924200000000001,8.4177
7.769100000000001,8.629199999999999
7.825500000000001,8.629199999999999
8.1357,8.177999999999999
8.1357,8.177999999999999
8.1921,8.177999999999999
8.2203,8.1357
8.2203,8.1357
8.121599999999999,8.1357
8.262599999999999,8.149799999999999
8.262599999999999,8.149799999999999
8.3613,8.149799999999999
7.910100000000001,8.798399999999999
7.910100000000001,8.798399999999999
6.9795,8.798399999999999
8.121599999999999,8.5869
8.121599999999999,8.5869
8.0229,8.5869
7.5858,8.0229
7.5858,8.0229
7.642200000000001,8.0229
7.656300000000001,8.008799999999999
7.656300000000001,8.008799999999999
6.8949,8.008799999999999
6.8949,8.008799999999999
6.8949,8.008799999999999
7.656300000000001,8.008799999999999
6.9936,8.008799999999999
6.9936,8.008799999999999
7.0923,8.008799999999999
7.0923,8.008799999999999
7.0923,8.008799999999999
7.2333,8.008799999999999
7.2333,8.008799999999999
7.3602,7.825500000000001
7.2615,7.825500000000001
7.4589,7.825500000000001
6.7821,7.4307
6.6975,7.4307
6.8949,7.4307
8.008799999999999,7.2051
7.4166,6.8808
7.4166,6.8808
7.4166,6.8808
7.332,6.8808
7.5294,6.8808
7.5294,6.8808
7.656300000000001,6.8808
7.656300000000001,6.8808
7.656300000000001,6.8808
7.670400000000001,7.0359
7.670400000000001,7.0359
7.670400000000001,7.0359
7.4448,7.2474
7.6281,7.2474
7.6281,7.2474
7.853700000000001,7.1064
7.853700000000001,7.1064
7.853700000000001,7.1064
7.0359,7.1064
7.0218,7.1205
7.0218,7.1205
6.9372,7.1205
7.0359,7.3602
7.0359,7.3602
6.9513,7.3602
7.0359,7.5294
7.0359,7.5294
7.1769,7.5294
7.1628,7.5435
7.1628,7.5435
7.0782,7.5435
7.2756,7.5999
7.2756,7.5999
7.191,7.5999
7.4025,7.5999
7.4025,7.5999
7.5012,7.5999
7.867800000000001,7.0782
7.867800000000001,7.0782
7.783200000000001,7.0782
8.036999999999999,6.9936
7.0218,6.9795
6.9372,6.9795
7.1346,6.9795
7.1346,6.9795
7.2897,6.9795
7.2897,6.9795
7.2897,6.9795
7.4448,6.9795
7.4448,6.9795
7.4448,6.9795
7.3602,6.9795
7.5717,6.9795
7.5717,6.9795
7.3743,7.4166
7.3743,7.4166
7.3743,7.4166
7.2897,7.4025
7.5012,7.4025
7.5012,7.4025
7.614,7.1064
7.811400000000001,7.1064
7.811400000000001,7.1064
6.8526,7.0782
6.8526,7.0782
6.8526,7.0782
6.7116,7.1487
6.909,7.1487
6.909,7.1487
6.7398,7.2756
6.9372,7.2756
6.9372,7.2756
6.8526,7.2756
6.8526,7.2756
6.8526,7.2756
7.1346,7.2756
7.1346,7.2756
7.1346,7.2756
5.9784,7.2897
6.204,7.2897
6.5424,6.7962
6.6975,6.7962
6.6975,6.7962
6.8244,6.6129
6.9513,6.6129
6.9513,6.6129
6.9513,6.6129
6.8667,6.6129
7.0641,6.6129
7.0359,6.6693
7.191,6.6693
7.191,6.6693
7.0359,6.8949
7.1628,6.8949
7.1628,6.8949
7.1346,6.9513
7.05,6.9513
7.2756,6.9513
7.4448,6.7116
7.5999,6.7116
7.5999,6.7116
7.5999,6.7116
6.6975,6.7116
6.6975,6.7116
6.6975,6.7116
6.6411,6.7116
6.8667,6.7116
6.7821,6.8244
6.9372,6.8244
6.9372,6.8244
6.8667,6.9231
7.0359,6.9231
7.0359,6.9231
6.8949,7.1205
6.7962,7.1205
7.0359,7.1205
6.9936,7.1769
7.1346,7.1769
7.1346,7.1769
7.1346,6.7398
7.5858,6.7398
7.6281,6.6693
7.6281,6.6693
7.5576,6.6693
6.768,6.6693
6.768,6.6693
6.8949,6.6693
6.8667,6.7257
6.8667,6.7257
7.0077,6.7257
6.8667,6.9231
6.8667,6.9231
6.7821,6.9231
7.0077,6.9513
7.0077,6.9513
7.1346,6.9513
6.9513,7.2051
6.9513,7.2051
7.1205,7.2051
6.0771,7.3038
6.0771,7.3038
5.9925,7.3038
6.5565,6.8808
6.5565,6.8808
6.6975,6.8808
6.6975,6.8244
6.7398,6.8244
6.6411,6.8244
6.8949,6.8244
6.909,6.7962
6.8244,6.7962
7.0923,6.7962
7.0923,6.7962
7.0359,6.7962
7.2756,6.7962
7.4589,6.5424
7.642200000000001,6.5424
7.642200000000001,6.5424
7.910100000000001,6.1617
7.755000000000001,6.2322
8.0511,6.2322
8.0511,6.2322
7.684500000000001,6.6411
7.952399999999999,6.6411
7.952399999999999,6.6411
6.9654,6.8667
6.9654,6.8667
6.9654,6.8667
6.7398,7.05
7.0218,7.05
7.0218,7.05
6.909,7.05
7.0218,7.3038
7.0218,7.3038
7.1628,7.3038
6.8949,7.684500000000001
6.8949,7.684500000000001
6.7962,7.684500000000001
6.9231,7.896000000000001
6.9231,7.896000000000001
6.8244,7.896000000000001
4.8927,7.712700000000001
4.8927,7.712700000000001
5.0337,7.712700000000001
5.499,7.05
5.499,7.05
5.3862,7.05
5.682300000000001,6.9795
5.682300000000001,6.9795
5.583600000000001,6.9795
5.8797,6.8808
5.8797,6.8808
6.0489,6.8808
6.1194,6.7962
6.1194,6.7962
6.0207,6.7962
6.8949,5.8938
6.8949,5.8938
6.8385,5.8938
7.656300000000001,5.0901
7.656300000000001,5.0901
7.755000000000001,5.2029
7.755000000000001,5.2029
7.755000000000001,5.2029
7.740900000000001,5.499
7.740900000000001,5.499
7.740900000000001,5.499
7.5435,5.668200000000001
7.811400000000001,5.668200000000001
7.811400000000001,5.668200000000001
7.839600000000001,5.9079
7.839600000000001,5.9079
7.839600000000001,5.9079
7.4871,6.2604
6.4296,6.2604
6.4296,6.2604
5.7528,7.0782
6.0207,7.0782
6.0207,7.0782
5.5554,7.5999
5.5554,7.5999
5.5554,7.5999
6.7962,7.614
5.9784,7.614
5.9784,7.614
5.8797,7.614
5.0619,7.614
5.0619,7.614
5.2452,7.614
5.2452,7.614
5.2452,7.614
5.625900000000001,6.9231
5.8797,6.9231
5.8797,6.9231
6.768,5.5131
7.05,5.5131
7.05,5.5131
6.768,5.781
6.768,5.781
4.4697,5.9502
4.3709999999999996,5.9502
4.6107000000000005,5.9502
5.1042,5.2452
4.9914,5.2452
5.2452,5.2452
5.2593,5.217
5.1606,5.217
5.1606,5.217
5.4285,5.217
5.3016,5.217
5.5695,5.217
4.9209,6.1476
4.8081000000000005,6.1476
5.076,6.1476
5.217,5.9502
5.4003,5.9502
5.4003,5.9502
6.1476,4.8786
6.0489,4.8786
6.345,4.8786
6.345,4.8786
6.2604,4.8786
6.5706,4.8786
6.4155,5.0901
6.6552,5.0901
6.6552,5.0901
6.627,5.1324
6.5565,5.1324
6.8808,5.1324
6.8808,5.1324
6.7821,5.1324
7.1628,5.1324
7.1628,5.3721
6.8949,5.3721
7.2615,5.3721
7.2615,5.3721
6.7398,5.9784
7.1205,5.9784
7.1205,5.9784
6.8244,6.3027
7.05,6.5424
7.05,6.5424
7.332,6.5424
7.2615,6.6411
7.2615,6.6411
5.724600000000001,6.6411
5.5695,6.8667
5.5695,6.8667
5.4849,6.8667
5.7387,7.0782
5.7387,7.0782
6.0066,7.0782
5.9784,7.1064
5.9784,7.1064
6.2604,7.1064
4.4415,7.1205
4.4415,7.1205
4.3145999999999995,7.1205
4.6389000000000005,7.1205
4.6389000000000005,7.1064
4.5543000000000005,7.1064
4.8786,7.1064
5.2734,6.5424
5.4708,6.5424
5.4708,6.5424
6.1758,5.5413
6.0771,5.5413
6.345,5.5413
6.345,5.5413
6.2322,5.5413
6.5424,5.5413
6.6693,5.3439
5.0055,5.3439
5.0055,5.3439
5.5554,4.5684000000000005
5.4003,4.5684000000000005
5.625900000000001,4.5684000000000005
5.625900000000001,4.5684000000000005
4.7376000000000005,5.640000000000001
4.9632,5.640000000000001
4.9632,5.640000000000001
4.7235000000000005,6.0771
4.7235000000000005,6.0771
4.7235000000000005,6.0771
4.5543000000000005,6.0771
4.6671000000000005,6.3168
4.6671000000000005,6.3168
4.4838,6.3168
5.0196,5.9784
5.0196,5.9784
5.1747,5.9784
3.7083,5.3721
3.7083,5.3721
3.525,5.3721
3.8916000000000004,5.2875
3.8916000000000004,5.2875
3.7224,5.2875
4.3568999999999996,4.8504
4.3568999999999996,4.8504
4.5684000000000005,4.8504
4.7376000000000005,4.5966000000000005
4.7376000000000005,4.5966000000000005
4.5966000000000005,4.5966000000000005
5.0337,4.5966000000000005
5.0337,4.5966000000000005
4.9209,4.5966000000000005
5.5131,4.4415
5.5131,4.4415
5.8938,4.4415
6.345,3.7929
6.345,3.7929
6.2181,3.7929
4.7517000000000005,3.7788
4.7517000000000005,3.7788
6.6834,3.7788
4.7658000000000005,4.2863999999999995
4.7658000000000005,4.2863999999999995
5.2029,4.2863999999999995
4.9209,4.6953000000000005
4.9209,4.6953000000000005
4.4556,5.1324
5.0337,5.1324
5.0337,5.1324
4.5684000000000005,5.597700000000001
5.2029,5.597700000000001
5.2029,5.597700000000001
5.5272,5.922
5.5272,5.922
5.5272,5.922
5.1183,6.3168
5.8092,6.3168
5.8092,6.3168
5.8233,6.1335
6.5565,6.1335
6.5565,6.1335
5.3721,5.0055
5.3721,5.0055
5.3721,5.0055
8.2203,4.512
8.2203,4.512
8.2203,4.512
5.4144,4.6671000000000005
6.6552,4.6671000000000005
6.6552,4.6671000000000005
6.8949,5.1324
6.8949,5.1324
6.8949,5.1324
6.7257,5.2452
7.3602,5.2452
7.3602,5.2452
7.0641,5.4849
7.726800000000001,5.4849
7.726800000000001,5.4849
7.4871,6.6693
7.4871,6.6693
7.4871,6.6693
4.4697,7.5576
4.4697,7.5576
4.9491,6.8808
4.8645,6.8808
4.8645,6.8808
7.867800000000001,6.8244
5.8656,6.8244
5.8656,6.8244
5.625900000000001,7.1628
6.0771,7.1628
6.0771,7.1628
5.9643,7.332
5.8938,7.332
6.3732,7.332
6.3027,7.4448
6.7398,7.4448
6.7398,7.4448
7.4166,6.4719
7.3743,6.4719
7.797300000000001,6.4719
8.544599999999999,5.3862
8.5305,5.3862
8.9817,5.3862
8.8125,5.625900000000001
9.165000000000001,5.625900000000001
9.165000000000001,5.625900000000001
9.024,5.8233
9.3201,5.8233
9.3201,5.8233
9.3201,5.8233
9.0804,6.1053
9.4047,6.1053
9.4047,6.9795
8.713799999999999,6.9795
9.0381,6.9795
9.0381,6.9795
8.4177,7.740900000000001
8.4177,7.740900000000001
8.4177,7.740900000000001
7.656300000000001,8.6997
8.2203,8.6997
8.2203,8.6997
4.4697,9.0945
4.5966000000000005,9.1509
4.5966000000000005,9.1509
4.4415,9.1509
4.6107000000000005,9.1509
4.6107000000000005,9.1509
4.4556,9.1509
4.4556,9.1509
4.4556,9.1509
4.3004999999999995,9.1509
4.7940000000000005,8.8407
4.7940000000000005,8.8407
4.6248000000000005,8.8407
4.7376000000000005,8.8407
5.1888,8.206199999999999
5.0619,8.206199999999999
5.1888,8.206199999999999
6.4719,6.3873
6.345,6.3873
6.4719,6.3873
7.726800000000001,4.5966000000000005
7.5858,4.5966000000000005
7.755000000000001,4.5966000000000005
7.811400000000001,4.512
7.698600000000001,4.512
7.924200000000001,4.512
7.952399999999999,4.4697
7.797300000000001,4.4697
8.0511,4.4697
7.980599999999999,4.5684000000000005
8.065199999999999,4.5684000000000005
8.065199999999999,4.5684000000000005
4.512,5.625900000000001
4.3286999999999995,5.625900000000001
4.5966000000000005,5.625900000000001
6.5706,6.9231
6.3591,6.9231
3.807,6.9231
3.3417,7.5858
3.1584,7.5858
3.3558,7.740900000000001
3.3558,7.740900000000001
3.1302,7.740900000000001
3.4404,7.839600000000001
3.4404,7.839600000000001
3.2712,7.839600000000001
3.6519,7.896000000000001
3.6519,7.896000000000001
4.0043999999999995,7.896000000000001
4.8363000000000005,6.7116
4.8363000000000005,6.7116
4.7094000000000005,6.7116
6.909,4.3709999999999996
6.909,4.3709999999999996
6.7821,4.3709999999999996
5.2875,3.5814
5.2875,3.5814
5.668200000000001,3.5814
8.6151,3.3417
8.6151,3.3417
6.2181,3.3417
6.2181,3.3417
6.2181,3.3417
6.0348,3.3417
6.1758,3.8634000000000004
6.1758,3.8634000000000004
6.5706,3.8634000000000004
5.3016,5.668200000000001
5.3016,5.668200000000001
5.724600000000001,5.668200000000001
5.3298,6.2322
5.3298,6.2322
5.1324,6.2322
5.499,6.6693
5.499,6.6693
6.0207,6.6693
2.8059000000000003,7.3884
2.8059000000000003,7.3884
3.2148,7.3884
4.0466999999999995,6.2181
4.0466999999999995,6.2181
4.1735999999999995,5.781
4.7376000000000005,5.781
4.7376000000000005,5.781
5.4567,5.4144
5.4567,5.4144
5.4567,5.4144
5.9361,5.358
5.9361,5.358
5.9361,5.358
5.9079,5.2593
6.5706,5.2593
6.5706,5.2593
7.4589,4.7517000000000005
7.4589,4.7517000000000005
7.4589,4.7517000000000005
8.741999999999999,3.6942
8.741999999999999,3.6942
8.741999999999999,3.6942
5.3016,4.512
5.9361,4.512
5.9361,4.512
5.583600000000001,5.4426
5.583600000000001,5.4426
5.583600000000001,5.4426
4.9914,6.0771
5.4849,6.0771
5.4849,6.0771
4.6812000000000005,6.8808
5.2734,6.8808
5.2734,6.8808
5.625900000000001,7.896000000000001
4.9209,7.896000000000001
4.9209,7.896000000000001
4.7376000000000005,7.5717
4.9632,7.5717
4.9632,7.5717
4.7517000000000005,7.5717
4.3568999999999996,5.8515
4.5966000000000005,5.499
4.935,5.499
4.935,5.499
5.0619,5.3157
5.358,5.3157
5.358,5.3157
5.4567,5.1888
5.2311,5.1888
5.7528,5.1888
5.8515,5.0478
6.3027,5.0478
6.3027,5.0478
4.2017999999999995,4.8081000000000005
4.4415,4.8081000000000005
4.4415,4.8081000000000005
4.4979,4.7235000000000005
4.3145999999999995,4.7235000000000005
4.7658000000000005,4.7235000000000005
4.7658000000000005,4.7235000000000005
5.0901,4.7235000000000005
5.0901,4.7235000000000005
5.0901,4.7235000000000005
5.1183,5.1324
5.1183,5.1324
5.1183,5.1324
4.6248000000000005,5.5695
5.217,5.5695
5.217,5.5695
3.5532,5.5695
3.5532,5.5695
3.5532,5.5695
4.5966000000000005,4.5261
4.5966000000000005,4.5261
4.5966000000000005,4.5261
4.512,4.4133
5.1042,4.4133
5.1042,4.4133
4.6671000000000005,4.8363000000000005
5.358,4.8363000000000005
5.358,4.8363000000000005
5.1606,4.9209
6.345,4.2299999999999995
6.345,4.2299999999999995
6.1899,4.2299999999999995
5.4285,3.5532
5.4285,3.5532
5.2593,3.5532
5.8938,3.5532
5.8092,3.6801
6.345,3.6801
6.345,3.6801
5.710500000000001,4.5966000000000005
5.4708,4.5966000000000005
6.1053,4.5966000000000005
5.781,5.0619
5.5554,5.0619
6.2604,5.0619
5.8233,5.696400000000001
4.3004999999999995,5.696400000000001
4.3004999999999995,5.696400000000001
4.1030999999999995,5.9784
3.8775000000000004,5.9784
4.4979,5.9784
4.6953000000000005,5.696400000000001
4.4556,5.696400000000001
5.1042,5.696400000000001
5.1042,5.696400000000001
5.5554,5.696400000000001
5.5554,5.696400000000001
5.5554,5.696400000000001
5.3298,5.696400000000001
5.3298,5.696400000000001
5.3298,5.696400000000001
5.1324,5.696400000000001
4.6953000000000005,5.696400000000001
5.1465,5.0478
5.583600000000001,5.0478
5.583600000000001,5.0478
6.1476,4.2440999999999995
5.9643,4.2440999999999995
6.4155,4.5543000000000005
6.4155,4.5543000000000005
6.2181,4.5543000000000005
6.6552,5.1042
6.6552,5.1042
6.4437,5.1042
6.2886,5.3298
6.2886,5.3298
6.0771,5.3298
7.853700000000001,5.2311
7.853700000000001,5.2311
7.5999,5.2311
6.5706,4.9773
6.5706,4.9773
6.3732,4.9773
5.8656,5.696400000000001
5.8656,5.696400000000001
5.625900000000001,5.696400000000001
6.8385,6.345
6.8385,6.345
6.5706,6.345
7.3884,6.4719
7.3884,6.4719
8.1075,6.4719
7.881900000000001,6.7962
7.881900000000001,6.7962
8.713799999999999,6.7962
8.375399999999999,7.2756
8.375399999999999,7.2756
8.1075,7.2756
7.642200000000001,6.2181
7.642200000000001,6.2181
8.290799999999999,6.2181
8.403599999999999,6.0489
8.403599999999999,6.0489
8.1075,6.0489
8.544599999999999,6.8244
8.544599999999999,6.8244
8.2203,6.8244
8.9394,7.3602
8.9394,7.3602
9.2355,7.966499999999999
9.2355,7.966499999999999
9.2355,7.966499999999999
9.968699999999998,8.206199999999999
9.968699999999998,8.206199999999999
9.968699999999998,8.206199999999999
7.0359,8.177999999999999
7.881900000000001,8.177999999999999
7.881900000000001,8.177999999999999
8.5587,8.206199999999999
8.5587,8.206199999999999
8.5587,8.206199999999999
9.2073,8.093399999999999
9.2073,8.093399999999999
9.2073,8.093399999999999
8.741999999999999,8.206199999999999
9.884099999999998,8.206199999999999
9.884099999999998,8.206199999999999
9.87,9.277800000000001
9.87,9.277800000000001
9.87,9.277800000000001
9.5739,9.1791
10.7583,9.1791
10.7583,9.1791
11.0544,8.2767
12.3093,8.2767
12.3093,8.2767
13.1553,8.2767
9.559800000000001,8.459999999999999
9.559800000000001,8.459999999999999
10.3212,8.459999999999999
9.771299999999998,9.2355
9.771299999999998,9.2355
9.3765,9.2355
10.2225,9.672600000000001
10.2225,9.672600000000001
9.8136,9.672600000000001
10.7301,10.0674
9.940499999999998,11.195400000000001
10.7724,11.195400000000001
10.7724,11.195400000000001
10.7865,11.1813
10.3635,11.1813
11.703,11.1813
12.549,9.968699999999998
13.521899999999999,9.968699999999998
13.521899999999999,9.968699999999998
13.606499999999999,9.8418
14.6358,9.8418
14.6358,9.8418
10.9134,9.503400000000001
10.5891,9.503400000000001
11.6748,9.503400000000001
11.6748,9.503400000000001
11.1531,9.8136
12.2952,9.8136
12.2952,9.8136
12.6759,10.3494
12.6759,10.3494
12.6759,10.3494
12.7182,11.421000000000001
12.7182,11.421000000000001
12.7182,11.421000000000001
10.7442,13.7616
11.9004,13.7616
11.9004,13.7616
13.437299999999999,12.8028
13.437299999999999,12.8028
13.437299999999999,12.8028
14.4102,10.8147
15.735600000000002,10.8147
15.735600000000002,10.8147
14.8614,11.463299999999998
16.243199999999998,11.463299999999998
16.243199999999998,11.463299999999998
11.632499999999999,12.408
11.632499999999999,12.408
11.632499999999999,12.408
11.6184,11.886299999999999
12.6336,11.886299999999999
12.8169,11.604299999999999
12.4362,11.604299999999999
13.4232,11.604299999999999
12.3939,13.0707
12.9579,13.0707
12.9579,13.0707
12.027299999999999,14.396099999999999
12.6477,14.396099999999999
12.6477,14.396099999999999
11.745299999999999,15.679200000000002
11.364600000000001,15.679200000000002
12.3798,15.679200000000002
13.3386,14.311499999999999
13.944899999999999,14.311499999999999
13.944899999999999,14.311499999999999
15.439499999999999,12.1683
16.243199999999998,12.1683
16.243199999999998,12.1683
16.0881,12.3939
15.707400000000002,12.3939
16.7931,12.3939
16.863599999999998,12.2952
17.5686,12.2952
17.5686,12.2952
12.7605,11.801699999999999
12.3939,11.801699999999999
13.296299999999999,11.801699999999999
13.0989,12.0837
12.6759,12.0837
13.550099999999999,12.0837
12.3375,13.832099999999999
11.914499999999999,13.832099999999999
12.8874,13.832099999999999
11.7876,15.397200000000002
11.392800000000001,15.397200000000002
11.392800000000001,15.397200000000002
10.8852,16.130399999999998
10.5327,16.130399999999998
13.747499999999999,14.311499999999999
13.747499999999999,14.311499999999999
14.339699999999999,14.311499999999999
15.552299999999999,12.5772
15.552299999999999,12.5772
15.213899999999999,12.5772
15.918899999999999,12.972
15.918899999999999,12.972
15.552299999999999,12.972
16.3701,13.1412
16.3701,13.1412
16.9059,13.1412
12.6054,12.2247
12.6054,12.2247
12.1965,12.2247
13.1412,12.0837
13.1412,12.0837
12.7182,12.0837
12.0696,14.2128
12.0696,14.2128
12.2952,14.2128
11.4351,15.453600000000002
11.4351,15.453600000000002
11.8722,15.453600000000002
11.562,15.904799999999998
11.562,15.904799999999998
11.195400000000001,15.904799999999998
12.8028,14.790899999999999
12.8028,14.790899999999999
10.0392,14.790899999999999
11.392800000000001,12.8592
11.392800000000001,12.8592
11.7876,12.8592
12.027299999999999,12.5208
12.027299999999999,12.5208
11.7312,12.5208
11.7312,12.5208
12.2952,11.703
13.5078,11.703
13.5078,11.703
13.775699999999999,11.3223
13.1835,11.7594
13.944899999999999,11.7594
13.944899999999999,11.7594
13.7898,11.632499999999999
14.508899999999999,11.632499999999999
14.508899999999999,11.632499999999999
15.721499999999999,10.6314
15.721499999999999,10.6314
15.721499999999999,10.6314
14.875499999999999,11.449200000000001
15.622800000000002,11.449200000000001
15.622800000000002,11.449200000000001
14.805,12.1965
12.4644,12.1965
12.4644,12.1965
11.914499999999999,13.493699999999999
11.914499999999999,13.493699999999999
11.914499999999999,13.493699999999999
11.942699999999999,13.959
11.942699999999999,13.959
11.942699999999999,13.959
11.576099999999999,13.959
8.8266,14.8896
8.8266,14.8896
8.544599999999999,14.8896
8.149799999999999,15.439499999999999
8.149799999999999,15.439499999999999
9.108600000000001,15.439499999999999
9.8982,14.311499999999999
9.8982,14.311499999999999
9.6021,14.311499999999999
11.703,12.126
11.703,12.126
11.5056,12.126
9.827699999999998,11.8158
9.827699999999998,11.8158
10.1661,11.8158
13.6488,10.4763
12.5913,8.3331
12.3798,8.3331
12.8874,8.3331
12.6618,8.657399999999999
12.4362,8.657399999999999
13.0002,8.657399999999999
12.4362,9.4611
12.7182,9.4611
12.7182,9.4611
12.7182,9.4611
11.844,10.3776
9.968699999999998,10.3776
9.968699999999998,10.3776
11.858099999999999,10.8147
9.9546,10.8147
9.9546,10.8147
10.0674,11.0121
10.0674,11.0121
10.0674,11.0121
9.024,12.1119
9.588000000000001,12.1119
9.2919,12.1119
9.1227,12.3516
9.7008,12.3516
9.7008,12.3516
9.4047,12.3516
5.583600000000001,12.3516
5.583600000000001,12.3516
5.724600000000001,11.8158
6.2322,11.8158
6.2322,11.8158
6.8949,10.5045
7.4307,10.5045
7.4307,10.5045
8.5023,9.4047
8.5023,9.4047
8.5023,9.4047
8.6151,8.9394
9.1509,8.9394
9.1509,8.9394
6.9372,8.9394
7.3884,8.9394
8.3895,7.5153
8.741999999999999,7.5153
8.741999999999999,7.5153
9.884099999999998,5.8938
9.7008,5.8938
10.2084,5.8938
9.799499999999998,6.486
9.588000000000001,6.486
10.0956,6.486
9.193200000000001,7.769100000000001
9.531600000000001,7.769100000000001
9.531600000000001,7.769100000000001
6.8949,8.6433
6.6693,8.6433
7.1346,8.6433
6.9936,8.8407
6.768,8.8407
5.3298,8.8407
5.2593,8.9394
5.5554,8.9394
5.5554,8.9394
5.1183,9.559800000000001
5.4144,9.559800000000001
5.4144,9.559800000000001
5.3862,9.588000000000001
5.2311,9.588000000000001
5.7528,9.588000000000001
6.7962,8.0793
5.1888,8.0793
5.1888,8.0793
5.9784,6.9513
6.3168,6.9513
6.3168,6.9513
9.0099,5.9784
8.883,5.9784
8.883,5.9784
9.390600000000001,5.2593
8.2203,5.2593
6.2886,5.2452
6.2886,5.2452
6.1758,5.2452
6.6975,5.1324
6.6975,5.1324
8.600999999999999,5.1324
7.0359,5.0901
7.0359,5.0901
7.3461,5.0901
7.1487,5.3721
7.1487,5.3721
7.4589,5.3721
5.9784,7.4871
5.9784,7.4871
5.8515,7.4871
4.2581999999999995,7.614
4.2581999999999995,7.614
4.5402,7.614
5.3016,6.5142
5.3016,6.5142
5.583600000000001,6.5142
5.583600000000001,6.5142
5.583600000000001,6.5142
5.4426,6.5142
5.640000000000001,6.8808
5.640000000000001,6.8808
5.9784,6.8808
6.0912,6.7116
6.0912,6.7116
6.4437,6.7116
6.4437,5.1324
7.5576,5.1324
7.4448,5.1324
7.896000000000001,5.1324
8.262599999999999,4.5966000000000005
8.149799999999999,4.5966000000000005
8.149799999999999,4.5966000000000005
7.755000000000001,5.1606
6.3168,5.1606
6.3168,5.1606
6.1194,5.4426
5.781,5.7528
5.781,5.7528
5.781,5.7528
6.1758,6.1899
6.1758,6.1899
6.1758,6.1899
3.5814,7.0359
3.5814,7.0359
3.5814,7.0359
2.8623000000000003,7.896000000000001
3.243,7.896000000000001
3.243,7.896000000000001
3.5391,7.332
3.8916000000000004,7.332
3.8916000000000004,7.332
4.1171999999999995,7.332
5.0619,5.9784
5.0619,5.9784
5.3439,5.9784
3.2007,5.8233
3.2007,5.8233
3.1443,5.8233
4.1030999999999995,4.8786
4.1030999999999995,4.8786
4.3145999999999995,4.8786
5.358,3.3981
5.358,3.3981
5.2734,3.3981
5.682300000000001,3.2571
5.682300000000001,3.2571
5.597700000000001,3.2571
4.8927,4.2581999999999995
4.8927,4.2581999999999995
4.8222000000000005,4.2581999999999995
5.4849,4.1594999999999995
5.4849,4.1594999999999995
5.3862,4.1594999999999995
6.063,3.6237
6.063,3.6237
5.2029,4.6953000000000005
5.5272,4.6953000000000005
5.5272,4.6953000000000005
2.7918000000000003,5.3439
2.7918000000000003,5.3439
2.7918000000000003,5.3439
5.0901,5.5272
5.0901,5.5272
5.0901,5.5272
2.5662,5.4144
2.9892,5.4144
2.9892,5.4144
5.696400000000001,5.1324
3.2994,5.1324
3.2994,5.1324
3.243,5.1042
3.5109,5.1042
3.5109,5.1042
4.0184999999999995,4.2299999999999995
4.2863999999999995,4.2299999999999995
4.2863999999999995,4.2299999999999995
4.6671000000000005,3.9902999999999995
4.6671000000000005,3.9902999999999995
4.6671000000000005,3.9902999999999995
4.6671000000000005,3.8493000000000004
4.935,3.8493000000000004
4.935,3.8493000000000004
4.6812000000000005,4.0748999999999995
4.9914,4.0748999999999995
4.9914,4.0748999999999995
4.8927,4.512
4.8927,4.512
4.8927,4.512
2.8482000000000003,3.7224
2.8482000000000003,3.7224
2.8482000000000003,3.7224
2.4816,4.0748999999999995
2.4816,4.0748999999999995
2.4816,4.0748999999999995
2.5662,4.4697
2.5662,4.4697
2.5239,4.5402
2.3829000000000002,4.5402
2.6367,4.5402
2.5098,4.7235000000000005
2.4111000000000002,4.7235000000000005
2.6931,4.7235000000000005
2.6085,4.8504
2.8341000000000003,4.8504
2.8341000000000003,4.8504
3.3417,4.1312999999999995
3.2289,4.1312999999999995
3.5109,4.1312999999999995
4.4415,2.8059000000000003
4.3568999999999996,2.8059000000000003
4.6953000000000005,2.8059000000000003
4.9209,2.4816
5.1888,2.4816
5.1888,2.4816
2.1713999999999998,2.4675
2.0726999999999998,2.4675
2.2701,2.4675
5.4285,2.4675
5.3157,2.4675
2.4675,2.4675
2.2983000000000002,2.7072
2.4393,2.7072
2.4393,2.7072
1.7061,3.7506
1.551,3.7506
1.833,3.7506
1.1985000000000001,4.6671000000000005
1.1139,4.6671000000000005
1.5087,4.6671000000000005
2.1149999999999998,3.7929
1.9035,3.7929
1.9035,3.7929
2.2278,3.7929
2.2419,3.6519
2.4393,3.8775000000000004
2.4393,3.8775000000000004
2.3265000000000002,3.8775000000000004
0.26789999999999997,2.1572999999999998
0.26789999999999997,2.1572999999999998
0.5498999999999999,2.1572999999999998
0.8883,1.6779
0.8883,1.6779
0.8742,1.6779
1.2126,1.6497
1.2126,1.6497
1.0433999999999999,1.6497
1.3395,1.5933
1.3395,1.5933
1.5933,1.5933
1.2267,2.1149999999999998
1.2267,2.1149999999999998
1.2267,2.1149999999999998
2.0867999999999998,1.4241000000000001
2.0867999999999998,1.4241000000000001
2.0726999999999998,1.4241000000000001
2.9892,0.6063
2.9892,0.6063
2.8623000000000003,0.6063
-0.1974,0.8178
-0.35250000000000004,0.8178
-0.4512,0.8178
-0.26789999999999997,0.8178
-0.5216999999999999,1.1703000000000001
-0.6204,1.1703000000000001
-0.3948,1.1703000000000001
-0.423,1.2267
-0.5357999999999999,1.2267
-0.25379999999999997,1.2267
-0.49350000000000005,1.5792
-0.4512,1.5792
-0.4512,1.5792
-1.0715999999999999,2.4534
-1.1421000000000001,2.4534
-0.6909,2.4534
-0.12689999999999999,1.6497
1.0997999999999999,-0.25379999999999997
-2.1290999999999998,-0.25379999999999997
-2.1290999999999998,-0.25379999999999997
2.0162999999999998,-0.423
2.0162999999999998,-0.423
2.0162999999999998,-0.423
-2.0726999999999998,-0.423
-2.0021999999999998,-0.423
-2.0021999999999998,-0.423
-1.9740000000000002,-0.423
-1.8471,-0.4089
-1.8471,-0.4089
-1.9035,-0.4089
-1.8471,-0.4089
-1.8471,-0.4089
-1.9176000000000002,-0.4089
-1.2549,-1.0433999999999999
-1.2549,-1.0433999999999999
-1.2408,-1.0433999999999999
-1.5369,-0.282
-1.5369,-0.282
-5.724600000000001,-0.282
-1.5228,0.141
-1.5228,0.141
-1.5087,0.141
-4.8645,-1.7061
-4.8645,-1.7061
-4.8645,-1.7061
-5.0337,-1.7907
-5.0337,-1.7907
-5.0619,-1.7907
-5.2593,-1.7625
-5.2593,-1.7625
-5.2452,-1.7625
-5.724600000000001,-1.3536
-5.724600000000001,-1.3536
-5.625900000000001,-1.3536
-5.625900000000001,-1.3536
-5.625900000000001,-1.3536
-4.3991999999999996,-2.8341000000000003
-8.2203,-2.8341000000000003
-8.2203,-2.8341000000000003
-3.2148,-4.8081000000000005
-7.332,-4.8081000000000005
-7.332,-4.8081000000000005
-7.05,-4.935
-7.614,-4.935
-7.614,-4.935
-7.811400000000001,-5.0055
-7.811400000000001,-5.0055
-7.811400000000001,-5.0055
-7.4871,-5.2734
-8.0229,-5.2734
-8.0229,-5.2734
-7.896000000000001,-5.2452
-8.6997,-5.2452
-8.6997,-5.2452
-10.0251,-3.9339000000000004
-10.0251,-3.9339000000000004
-10.0251,-3.9339000000000004
-9.0804,-4.7235000000000005
-12.3939,-4.7235000000000005
-12.3939,-4.7235000000000005
-10.434,-7.1064
-11.3505,-7.1064
-11.3505,-7.1064
-11.9568,-7.4871
-11.9568,-7.4871
-11.9568,-7.4871
-11.4351,-7.5012
-11.4351,-7.5012
-11.4351,-7.5012
-10.2366,-8.741999999999999
-12.9297,-8.741999999999999
-12.9297,-8.741999999999999
-10.1238,-9.588000000000001
-10.1238,-9.588000000000001
-10.1238,-9.588000000000001
-9.531600000000001,-9.799499999999998
-10.4199,-9.799499999999998
-9.362400000000001,-11.308200000000001
-8.9112,-11.308200000000001
-10.0392,-11.308200000000001
-9.714899999999998,-11.773499999999999
-9.2355,-11.773499999999999
-9.2355,-11.773499999999999
-10.293,-11.773499999999999
-9.8418,-11.773499999999999
-10.998,-11.773499999999999
-10.9275,-11.8722
-10.4622,-11.8722
-11.886299999999999,-11.8722
-12.126,-11.5338
-11.660699999999999,-11.5338
-13.0707,-11.5338
-14.4384,-9.588000000000001
-15.707400000000002,-9.588000000000001
-15.707400000000002,-9.588000000000001
-15.890699999999999,-9.334200000000001
-15.383099999999999,-9.334200000000001
-17.201999999999998,-9.334200000000001
-17.1738,-9.390600000000001
-18.753,-9.390600000000001
-18.753,-9.390600000000001
-18.400499999999997,-9.8982
-17.5686,-9.8982
-14.3538,-9.8982
-13.7616,-10.7442
-13.113,-10.7442
-14.565299999999999,-10.7442
-14.565299999999999,-13.352699999999999
-12.0696,-13.352699999999999
-13.606499999999999,-13.352699999999999
-13.606499999999999,-13.352699999999999
-11.4774,-15.228
-13.2822,-15.228
-13.2822,-15.228
-7.924200000000001,-16.525199999999998
-6.9231,-17.9634
-6.9231,-17.9634
-9.3483,-17.9634
-11.1813,-15.354899999999999
-11.1813,-15.354899999999999
-10.5468,-15.354899999999999
-9.5457,-13.634699999999999
-9.5457,-13.634699999999999
-9.0099,-13.634699999999999
-10.0674,-13.973099999999999
-10.0674,-13.973099999999999
-11.1531,-13.973099999999999
-11.547899999999998,-13.395
-11.547899999999998,-13.395
-11.2095,-13.395
-15.101099999999999,-10.152
-15.101099999999999,-10.152
-14.664,-10.152
-12.3657,-10.152
-13.352699999999999,-8.7279
-13.0284,-8.7279
-14.5512,-8.7279
-13.536,-10.1802
-13.1835,-10.1802
-13.1835,-10.1802
-13.4796,-9.743099999999998
-12.9861,-9.743099999999998
-15.876599999999998,-9.743099999999998
-15.439499999999999,-10.3635
-14.9178,-10.3635
-12.4362,-10.3635
-10.6737,-12.8874
-11.5056,-12.8874
-11.5056,-12.8874
-10.5891,-14.198699999999999
-10.0956,-14.198699999999999
-11.5056,-14.198699999999999
-12.0696,-13.380899999999999
-11.576099999999999,-13.380899999999999
-13.113,-13.380899999999999
-9.221400000000001,-13.380899999999999
-9.616200000000001,-13.916699999999999
-9.616200000000001,-13.916699999999999
-9.616200000000001,-13.916699999999999
-9.2637,-13.916699999999999
-10.3353,-14.0718
-10.3353,-14.0718
-9.9264,-14.0718
-9.475200000000001,-11.942699999999999
-9.475200000000001,-11.942699999999999
-9.0804,-11.942699999999999
-10.6314,-11.4069
-10.6314,-11.4069
-10.3212,-11.4069
-11.1108,-11.844
-11.1108,-11.844
-10.8006,-11.844
-9.2355,-11.3505
-9.2355,-11.3505
-10.0392,-11.3505
-11.0403,-9.9264
-11.0403,-9.9264
-10.6878,-9.9264
-11.914499999999999,-9.827699999999998
-11.914499999999999,-9.827699999999998
-11.576099999999999,-9.827699999999998
-12.7746,-9.8136
-12.7746,-9.8136
-10.4199,-9.8136
-9.8982,-10.5609
-9.8982,-10.5609
-9.588000000000001,-10.5609
-10.8711,-10.3071
-10.8711,-10.3071
-10.4904,-10.3071
-11.8722,-9.87
-11.8722,-9.87
-11.491499999999998,-9.87
-8.6997,-11.1249
-8.6997,-11.1249
-7.797300000000001,-12.0132
-8.8548,-12.0132
-8.8548,-12.0132
-8.9394,-11.5338
-9.968699999999998,-11.5338
-9.968699999999998,-11.5338
-9.277800000000001,-9.644400000000001
-9.277800000000001,-9.644400000000001
-9.277800000000001,-9.644400000000001
-9.0099,-9.672600000000001
-9.9546,-9.672600000000001
-9.9546,-9.672600000000001
-9.0945,-10.5891
-9.9969,-10.5891
-9.9969,-10.5891
-11.3505,-9.799499999999998
-11.3505,-9.799499999999998
-11.3505,-9.799499999999998
-8.600999999999999,-8.318999999999999
-9.390600000000001,-8.318999999999999
-9.390600000000001,-8.318999999999999
-12.7464,-8.770199999999999
-9.7008,-8.770199999999999
-9.7008,-8.770199999999999
-9.3765,-8.9535
-9.3765,-8.9535
-10.2648,-8.9535
-10.011,-8.9535
-10.9275,-8.9535
-10.9275,-8.9535
-9.87,-10.152
-10.9416,-10.152
-10.9416,-10.152
-10.3776,-10.6173
-10.3776,-10.6173
-11.308200000000001,-10.6173
-11.688899999999999,-9.588000000000001
-8.8407,-9.588000000000001
-8.8407,-9.588000000000001
-8.5869,-9.4329
-9.616200000000001,-9.4329
-9.475200000000001,-9.644400000000001
-9.136800000000001,-9.644400000000001
-9.9264,-9.644400000000001
-9.277800000000001,-10.5609
-8.9958,-10.5609
-6.2886,-10.5609
-9.5739,-10.716
-9.221400000000001,-10.716
-10.1661,-10.716
-6.4014,-10.9275
-6.7539,-10.9275
-6.7539,-10.9275
-7.1487,-10.3635
-6.8808,-10.3635
-7.4307,-10.3635
-8.3895,-9.0099
-8.121599999999999,-9.0099
-6.0348,-9.0099
-6.0489,-8.9817
-5.7669,-8.9817
-6.3168,-8.9817
-6.3591,-8.9253
-6.2181,-8.9253
-6.6834,-8.9253
-6.6834,-8.9253
-7.1346,-8.008799999999999
-7.755000000000001,-8.008799999999999
-7.755000000000001,-8.008799999999999
-8.403599999999999,-6.768
-8.403599999999999,-6.768
-8.403599999999999,-6.768
-9.447000000000001,-7.0359
-9.447000000000001,-7.0359
-9.447000000000001,-7.0359
-9.2355,-7.1064
-7.2192,-7.1064
-7.2192,-7.1064
-7.755000000000001,-6.063
-8.3049,-6.3168
-8.3049,-6.3168
-8.883,-6.3168
-8.121599999999999,-7.3884
-8.121599999999999,-7.3884
-7.896000000000001,-7.3884
-7.980599999999999,-8.1639
-7.980599999999999,-8.1639
-7.726800000000001,-8.1639
-5.5272,-8.7279
-5.5272,-8.7279
-5.922,-8.7279
-5.922,-8.7279
-6.0348,-8.572799999999999
-5.8515,-8.572799999999999
-6.5283,-8.572799999999999
-7.2333,-7.5717
-6.9936,-7.5717
-7.712700000000001,-7.5717
-7.4448,-7.952399999999999
-8.093399999999999,-7.952399999999999
-8.093399999999999,-7.952399999999999
-5.5554,-7.952399999999999
-5.4285,-7.952399999999999
-5.8938,-7.952399999999999
-9.277800000000001,-7.0077
-9.1227,-7.0077
-6.9936,-7.0077
-7.881900000000001,-5.7528
-8.431799999999999,-5.7528
-8.431799999999999,-5.7528
-8.0511,-6.2886
-7.924200000000001,-6.2886
-8.5869,-6.2886
-8.0511,-7.05
-7.896000000000001,-7.05
-8.5869,-7.05
-6.1194,-6.7257
-6.4014,-6.7257
-6.4014,-6.7257
-6.2181,-6.9795
-6.0489,-6.9795
-5.583600000000001,-8.3613
-5.583600000000001,-8.3613
-5.358,-8.3613
-5.9784,-8.206199999999999
-5.9784,-8.206199999999999
-5.724600000000001,-8.206199999999999
-6.2745,-8.206199999999999
-6.2745,-8.206199999999999
-6.1335,-8.206199999999999
-3.9057000000000004,-8.290799999999999
-3.9057000000000004,-8.290799999999999
-3.7506,-8.290799999999999
-7.2897,-7.755000000000001
-7.2897,-7.755000000000001
-4.7658000000000005,-7.755000000000001
-6.0912,-5.8515
-6.0912,-5.8515
-5.922,-5.8515
-6.4437,-5.597700000000001
-6.4437,-5.597700000000001
-6.2463,-5.597700000000001
-6.5847,-5.7951
-6.5847,-5.7951
-6.4437,-5.7951
-7.191,-5.2875
-7.191,-5.2875
-6.8526,-5.2875
-4.935,-5.2734
-4.935,-5.2734
-4.7517000000000005,-5.2734
-4.2722999999999995,-6.4719
-4.2722999999999995,-6.4719
-4.0184999999999995,-6.4719
-4.3991999999999996,-6.3168
-4.3991999999999996,-6.3168
-4.1453999999999995,-6.3168
-2.679,-6.345
-2.679,-6.345
-2.2701,-6.6975
-2.6085,-6.6975
-2.6085,-6.6975
-2.9751,-6.2181
-2.9751,-6.2181
-2.9751,-6.2181
-3.9902999999999995,-4.9068
-3.9902999999999995,-4.9068
-3.9902999999999995,-4.9068
-4.2581999999999995,-4.3709999999999996
-2.9187,-4.3709999999999996
-2.9187,-4.3709999999999996
-3.2712,-4.0043999999999995
-3.2712,-4.0043999999999995
-3.2712,-4.0043999999999995
-3.6801,-3.3135
-3.8775000000000004,-3.3135
-3.8775000000000004,-3.3135
-4.3568999999999996,-2.4816
-4.8363000000000005,-2.4816
-4.8363000000000005,-2.4816
-2.6367,-3.3981
-2.6367,-3.3981
-2.6367,-3.3981
-2.3970000000000002,-3.5814
-2.538,-3.5814
-2.538,-3.5814
-2.7213,-3.1161
-3.0174,-3.1161
-3.0174,-3.1161
-3.0456,-3.2712
-3.0456,-3.2712
-3.0456,-3.2712
-1.6074,-4.1453999999999995
-1.0010999999999999,-4.1453999999999995
-1.0010999999999999,-4.1453999999999995
-0.9447,-4.1453999999999995
-1.0856999999999999,-3.9902999999999995
-1.0856999999999999,-3.9902999999999995
-1.2408,-3.9902999999999995
-2.1713999999999998,-2.679
-2.2278,-2.5803
-1.1844000000000001,-2.5803
-1.1844000000000001,-2.5803
-2.0444999999999998,-2.8623000000000003
-1.9740000000000002,-2.8623000000000003
-0.846,-2.8623000000000003
-0.8178,-2.9187
-0.7896,-2.9187
-0.8742,-2.9187
-1.3677,-2.2278
-1.4382,-2.2278
-1.4382,-2.2278
-2.1995999999999998,-1.1562000000000001
-2.2137,-1.1562000000000001
-1.551,-1.1562000000000001
-1.551,-1.1562000000000001
-1.4664,-1.1562000000000001
-1.4382,-1.1562000000000001
-1.4382,-1.1562000000000001
-1.4805,-1.2267
-1.4805,-1.2267
-1.4805,-1.2267
-1.2549,-1.4805
-0.47940000000000005,-1.4805
-0.47940000000000005,-1.4805
-1.3113,-1.1139
-0.5498999999999999,-1.1139
-0.5498999999999999,-1.1139
-0.25379999999999997,-1.5369
-0.25379999999999997,-1.5369
-0.25379999999999997,-1.5369
0.0,-1.8612
0.1833,-1.8612
0.1833,-1.8612
0.0846,-1.6074
0.1833,-1.6074
0.1833,-1.6074
0.0,-1.3818
0.0987,-1.2549
0.0987,-1.2549
0.0987,-1.2549
0.12689999999999999,-0.7896
0.12689999999999999,-0.7896
0.1833,-0.7896
0.4371,-0.7896
0.0141,-0.1833
-0.0141,-0.1833
0.4512,-0.1833
0.3384,-0.0282
0.2256,-0.0282
0.7191,-0.0282
0.6063,0.141
0.6345,0.141
1.0856999999999999,0.141
1.0574999999999999,0.1692
1.7343,0.1692
1.7343,0.1692
1.7484,0.141
1.7343,0.141
2.6649,0.141
2.6649,0.141
2.5944,0.141
3.4686,0.141
3.4404,0.1692
3.3981,0.1692
4.2299999999999995,0.1692
4.2299999999999995,0.1692
4.2440999999999995,0.1692
5.611800000000001,0.1692
5.1042,0.8883
4.8786,0.8883
6.4578,0.8883
6.1476,1.3254
6.9513,1.3254
6.9513,1.3254
6.4155,2.0867999999999998
6.063,2.0867999999999998
8.1357,2.0867999999999998
7.5576,2.9046
7.2192,2.9046
9.3765,3.7506
9.3765,3.7506
12.3939,3.7506
11.632499999999999,4.8363000000000005
11.632499999999999,4.8363000000000005
15.157499999999999,4.8363000000000005
14.4384,5.8515
14.4384,5.8515
13.578299999999999,5.8515
17.6955,6.5706
17.6955,6.5706
21.1218,6.5706
20.5578,7.3602
20.5578,7.3602
19.598999999999997,7.3602
