-7.2756,0.0141
-7.3038,0.0141
-7.1205,0.0141
-7.1205,0.0141
-7.0923,0.0141
-7.1346,0.0141
-7.1346,0.0141
-7.191,0.0141
-7.1628,0.0141
-7.1628,-2.6226
-7.1346,-2.6226
-7.1487,-7.867800000000001
-7.1487,-7.867800000000001
-7.2051,-7.867800000000001
-7.2051,-12.6336
-7.2051,-12.6336
-7.2192,-12.6336
-7.2192,-11.745299999999999
-7.2192,-11.745299999999999
-7.2192,-11.745299999999999
-7.2051,-6.8244
-7.2051,-6.8244
-7.191,-6.8244
-7.191,-6.5424
-7.191,-6.5424
-7.2051,-6.5424
-7.2051,-3.6237
-7.2051,-3.6237
-7.2333,-3.6237
-7.2333,1.4241000000000001
-7.2333,1.4241000000000001
-7.2192,1.4241000000000001
-7.2192,2.9751
-7.2192,2.9751
-7.2333,2.9751
-7.2333,0.8601
-7.2333,0.8601
-7.2051,0.8601
-7.2897,-0.8742
-7.2897,-0.8742
-7.1769,-0.8742
-7.2051,-2.0444999999999998
-7.2051,-2.0444999999999998
-6.9513,-2.0444999999999998
-6.9513,-5.781
-6.9513,-5.781
-6.6552,-5.781
-6.6552,-8.4177
-6.6552,-8.4177
-5.3439,-8.883
-5.3298,-8.883
-5.3298,-8.883
-4.9914,-7.726800000000001
-4.9914,-7.726800000000001
-4.9914,-7.726800000000001
-4.6812000000000005,-7.0782
-4.6812000000000005,-7.0782
-4.6812000000000005,-7.0782
-4.512,-6.5988
-4.4838,-6.5988
-4.4838,-6.5988
-3.8775000000000004,-4.5543000000000005
-3.8775000000000004,-4.5543000000000005
-3.8775000000000004,-4.5543000000000005
-3.8775000000000004,-1.2267
-3.8775000000000004,-1.2267
-3.8775000000000004,-1.2267
-3.8493000000000004,0.26789999999999997
-3.8493000000000004,0.26789999999999997
-3.8493000000000004,0.26789999999999997
-3.7929,0.141
-3.8352000000000004,0.141
-3.8352000000000004,0.141
-3.3276,0.0
-3.3276,0.0
-3.3276,0.0
-2.9469,-0.5922000000000001
-2.9328,-0.5922000000000001
-2.9328,-0.5922000000000001
-2.4675,-0.5922000000000001
-2.4957,-2.4816
-2.4957,-2.4816
-1.9740000000000002,-2.4816
-1.9035,-4.4979
-1.9035,-4.4979
-1.3959000000000001,-4.4979
-1.3959000000000001,-5.1606
-1.3959000000000001,-5.1606
-0.9306,-5.1606
-0.9306,-5.2452
-0.9024,-4.8081000000000005
-0.5357999999999999,-4.8081000000000005
-0.3948,-4.8081000000000005
-0.3948,-4.1453999999999995
-0.1692,-4.1453999999999995
0.0282,-4.1453999999999995
-0.0564,-2.9892
-0.0564,-2.9892
-0.0564,-2.9892
-0.12689999999999999,-0.9165
-0.1692,-0.9165
-0.25379999999999997,-0.9165
-0.25379999999999997,0.5781000000000001
-0.26789999999999997,0.5781000000000001
-0.0987,0.5781000000000001
-0.0987,0.5781000000000001
-0.1692,1.2408
-0.0987,1.2408
-0.0987,1.2408
-0.12689999999999999,1.2972
-0.0705,1.2972
-0.0705,1.2972
0.0705,1.2126
0.0705,1.2126
0.0705,1.2126
0.3243,-0.0705
0.7896,-0.0705
0.7896,-0.0705
1.0715999999999999,-1.551
1.0715999999999999,-1.551
1.0715999999999999,-1.551
1.3113,-2.4957
1.0574999999999999,-2.4957
1.0574999999999999,-2.4957
1.3254,-2.8905
1.5087,-2.8905
1.5087,-2.8905
2.0303999999999998,-2.9046
2.0303999999999998,-2.0162999999999998
2.0303999999999998,-2.0162999999999998
2.0585999999999998,-2.0162999999999998
2.2983000000000002,-2.0162999999999998
2.2983000000000002,-0.5357999999999999
2.2983000000000002,-0.5357999999999999
2.2983000000000002,-0.5357999999999999
2.8764,0.29610000000000003
2.8059000000000003,0.29610000000000003
2.8059000000000003,0.29610000000000003
2.8059000000000003,0.6768
2.7072,0.6768
2.9187,0.6768
3.4263,1.5933
3.3276,1.5933
3.4545,1.5933
3.4545,1.9880999999999998
3.3699,1.9880999999999998
3.3699,1.9880999999999998
3.3981,1.7484
3.3135,1.7484
4.1312999999999995,1.7484
4.1312999999999995,1.0715999999999999
4.1030999999999995,1.0715999999999999
4.1453999999999995,1.0715999999999999
4.1453999999999995,0.9306
4.2299999999999995,0.9306
4.2299999999999995,0.9306
4.2299999999999995,0.6768
4.2299999999999995,0.6768
4.2299999999999995,0.6768
5.1606,0.5075999999999999
5.076,0.5075999999999999
5.9079,0.5075999999999999
5.9079,0.423
5.7951,0.423
5.7951,0.423
5.640000000000001,0.9165
5.5554,0.9165
5.3439,0.9165
5.3439,1.833
5.1888,1.833
6.0489,2.2137
6.0489,2.2137
5.8374,2.2137
5.8374,2.4957
5.2029,2.4957
4.935,2.4957
5.724600000000001,3.2712
5.724600000000001,3.2712
5.5131,3.2712
6.4578,4.2863999999999995
6.4578,4.2863999999999995
5.076,4.2863999999999995
5.076,4.3145999999999995
5.076,4.3145999999999995
4.8645,4.3145999999999995
5.8374,3.7929
5.8374,3.7929
5.668200000000001,3.7929
4.2440999999999995,3.4686
4.2440999999999995,3.4686
4.0607999999999995,3.4686
6.4155,2.9751
4.8504,2.9751
4.7940000000000005,2.9751
5.668200000000001,2.5662
5.668200000000001,2.5662
5.5554,2.5662
6.5283,2.0303999999999998
6.5283,2.0303999999999998
6.4014,2.0303999999999998
6.4014,1.7484
4.4979,1.7484
4.4133,1.7484
5.1888,2.0162999999999998
5.1888,2.0162999999999998
5.0196,2.0162999999999998
5.0196,1.9317000000000002
5.0196,1.9317000000000002
3.2148,2.8059000000000003
3.2148,2.8059000000000003
3.2148,2.8059000000000003
2.9751,4.1594999999999995
3.4545,4.1594999999999995
3.4545,4.1594999999999995
3.2571,4.8081000000000005
3.9339000000000004,4.8081000000000005
3.9339000000000004,4.8081000000000005
3.7083,4.4979
3.7083,4.4979
3.7083,4.4979
3.6519,3.9057000000000004
5.2029,3.9057000000000004
5.2029,3.9057000000000004
1.1844000000000001,3.0879
1.6638,3.0879
1.6638,3.0879
1.6215,1.6779
1.9599000000000002,1.6779
1.9599000000000002,1.6779
1.8753,1.0997999999999999
2.2701,1.0997999999999999
2.2701,1.0997999999999999
2.1854999999999998,1.0997999999999999
-1.2408,0.9588000000000001
-1.2408,0.9588000000000001
-1.2408,0.9588000000000001
-1.0574999999999999,1.4946
-1.0574999999999999,1.4946
-1.1421000000000001,1.4946
-0.8742,1.4523
-0.8742,1.4523
-0.9588000000000001,1.4523
-3.4122,0.9870000000000001
-3.4122,0.9870000000000001
-3.3699,0.9870000000000001
-3.3417,2.0162999999999998
-3.3417,2.0162999999999998
-3.3135,2.0162999999999998
-3.2853,1.4664
-3.2853,-0.25379999999999997
-3.2289,-0.25379999999999997
-3.2289,-0.25379999999999997
-3.2289,-0.47940000000000005
-3.1302,-0.47940000000000005
-6.486,-0.47940000000000005
-6.486,-0.5357999999999999
-6.3168,-0.5357999999999999
-6.5988,-0.5357999999999999
-6.5988,-0.5357999999999999
-6.3309,-1.2267
-6.5424,-1.2267
-6.5424,-1.2267
-6.4155,-2.6226
-6.4155,-2.6226
-6.4155,-2.6226
-6.6975,-2.6085
-6.6975,-2.6085
-6.6975,-2.6085
-9.2355,-1.551
-9.799499999999998,-1.551
-9.799499999999998,-1.551
-9.447000000000001,-2.3688000000000002
-9.447000000000001,-2.3688000000000002
-9.447000000000001,-2.3688000000000002
-9.165000000000001,-3.7365
-10.4199,-3.7365
-10.4199,-3.7365
-11.576099999999999,-3.525
-12.6477,-3.525
-12.6477,-3.525
-12.0555,-3.0879
-13.1976,-3.0879
-13.1976,-3.0879
-12.7323,-4.5543000000000005
-12.7323,-4.5543000000000005
-13.9026,-4.5543000000000005
-14.508899999999999,-6.2463
-16.0458,-6.2463
-16.0458,-5.8797
-15.326699999999999,-5.8797
-17.1033,-5.8797
-17.1033,-6.0066
-16.299599999999998,-6.0066
-16.299599999999998,-6.0066
-18.3159,-7.825500000000001
-17.4417,-7.825500000000001
-19.3875,-7.825500000000001
-19.3875,-9.0099
-18.513299999999997,-9.0099
-20.8962,-9.0099
-20.8962,-9.588000000000001
-19.7964,-9.588000000000001
-19.7964,-9.588000000000001
-21.953699999999998,-9.9264
-21.009,-9.9264
-23.8008,-9.9264
-23.8008,-10.998
-22.7574,-10.998
-25.7607,-10.998
-25.7607,-11.6184
-22.8843,-11.6184
-22.8843,-11.6184
-25.9863,-11.660699999999999
-24.886499999999998,-11.660699999999999
-28.101300000000002,-11.660699999999999
-28.101300000000002,-12.3798
-26.9169,-12.3798
-30.484199999999998,-12.3798
-27.043799999999997,-13.536
-28.8768,-13.536
-28.8768,-13.536
-28.8768,-14.508899999999999
-27.593700000000002,-14.508899999999999
-31.118699999999997,-14.508899999999999
-31.118699999999997,-14.8332
-29.6664,-14.8332
-33.3324,-14.8332
-28.904999999999998,-15.340800000000002
-27.4668,-15.340800000000002
-27.4668,-17.2725
-30.498299999999997,-17.2725
-28.9332,-17.2725
-27.819300000000002,-19.880999999999997
-27.819300000000002,-19.880999999999997
-26.4234,-19.880999999999997
-30.6957,-20.8962
-30.6957,-20.8962
-24.830099999999998,-20.8962
-30.3009,-20.4873
-30.3009,-20.4873
-28.9191,-20.4873
-31.978799999999996,-22.461299999999998
-31.978799999999996,-22.461299999999998
-26.0568,-22.461299999999998
-28.4397,-19.4721
-28.4397,-19.4721
-29.765100000000004,-19.4721
-29.765100000000004,-16.6803
-29.765100000000004,-16.6803
-24.0123,-16.6803
-26.127299999999998,-16.7226
-26.127299999999998,-16.7226
-24.689099999999996,-16.7226
-24.689099999999996,-17.9775
-24.689099999999996,-17.9775
-23.2791,-17.9775
-23.5611,-18.344099999999997
-23.5611,-18.344099999999997
-21.9678,-18.344099999999997
-24.2379,-18.344099999999997
-24.2379,-18.386400000000002
-22.6023,-18.386400000000002
-24.6327,-18.386400000000002
-24.6327,-19.9797
-19.486199999999997,-19.9797
-19.486199999999997,-19.9797
-19.486199999999997,-20.9526
-18.118499999999997,-18.287699999999997
-21.8691,-18.287699999999997
-21.8691,-18.287699999999997
-17.357100000000003,-17.2443
-18.894000000000002,-17.2443
-18.894000000000002,-17.2443
-17.540399999999998,-16.9623
-19.317,-16.9623
-19.317,-16.9623
-18.174899999999997,-17.469900000000003
-16.7931,-17.469900000000003
-16.7931,-17.469900000000003
-15.622800000000002,-15.679200000000002
-17.314799999999998,-15.679200000000002
-17.314799999999998,-15.679200000000002
-16.1445,-14.114099999999999
-15.0024,-14.114099999999999
-15.0024,-14.114099999999999
-13.916699999999999,-14.114099999999999
-15.538200000000002,-15.242099999999999
-15.538200000000002,-15.242099999999999
-14.480699999999999,-15.242099999999999
-13.352699999999999,-14.8614
-13.352699999999999,-14.8614
-12.3375,-14.8614
-12.3375,-13.973099999999999
-12.3375,-13.973099999999999
-11.2659,-13.973099999999999
-14.4384,-13.268099999999999
-14.4384,-13.268099999999999
-13.380899999999999,-13.268099999999999
-12.2388,-14.0154
-12.2388,-14.0154
-11.2659,-14.0154
-12.8169,-13.888499999999999
-12.8169,-13.888499999999999
-11.844,-13.888499999999999
-10.7583,-12.7887
-10.7583,-12.7887
-9.729,-12.7887
-11.1531,-11.942699999999999
-11.1531,-12.6618
-10.1661,-12.6618
-9.0945,-12.6618
-9.0945,-12.6618
-8.2767,-13.7898
-8.2767,-13.7898
-8.2767,-13.7898
-7.4307,-12.0978
-7.642200000000001,-12.0978
-7.642200000000001,-12.0978
-6.8667,-10.9698
-7.938299999999999,-10.9698
-7.938299999999999,-10.9698
-7.1628,-10.9134
-6.0348,-10.9134
-6.0348,-10.9134
-5.3298,-10.5891
-6.345,-10.5891
-6.345,-10.5891
-5.597700000000001,-9.4047
-6.5283,-9.4047
-6.5283,-9.4047
-5.724600000000001,-8.3895
-5.724600000000001,-8.3895
-4.4838,-8.3895
-5.9925,-8.770199999999999
-4.5543000000000005,-8.770199999999999
-4.5543000000000005,-8.770199999999999
-3.9198000000000004,-8.9817
-2.6226,-8.9817
-2.6226,-8.9817
-3.9057000000000004,-8.6151
-3.9057000000000004,-8.6151
-2.4957,-8.6151
-1.7061,-8.1075
-0.423,-8.1075
-0.423,-8.1075
-1.3113,-8.8971
-0.1128,-8.8971
-0.1128,-9.334200000000001
0.4089,-9.334200000000001
0.4089,-9.334200000000001
1.5933,-8.1639
2.1149999999999998,-8.1639
2.1149999999999998,-8.1639
0.6486,-6.1899
1.2267,-6.1899
3.2289,-6.1899
3.2289,-6.0912
3.6801,-6.0912
3.6801,-6.0912
3.9057000000000004,-5.3439
4.2440999999999995,-5.3439
5.625900000000001,-5.3439
5.625900000000001,-3.9057000000000004
6.0348,-3.9057000000000004
7.0218,-3.9057000000000004
6.6411,-2.6508
6.9795,-2.6508
6.9795,-2.6508
8.1357,-3.0456
8.3049,-3.0456
9.447000000000001,-3.0456
9.3201,-3.3417
9.4611,-3.3417
10.5045,-3.3417
10.5045,-1.8612
10.5891,-1.8612
10.5891,-1.8612
11.886299999999999,-0.8178
11.886299999999999,-0.8178
12.7182,-0.8178
12.7182,-0.3807
12.549,-0.3807
14.1282,-0.3807
14.1282,0.423
13.916699999999999,0.423
13.916699999999999,0.423
14.3256,0.423
14.142299999999999,2.1431999999999998
15.792000000000002,3.1161
15.792000000000002,3.1161
15.453600000000002,3.1161
15.707400000000002,3.3417
15.707400000000002,3.3417
15.284400000000002,3.3417
15.284400000000002,4.0043999999999995
17.145599999999998,4.0043999999999995
16.637999999999998,4.0043999999999995
16.497,5.499
16.497,5.499
16.0458,5.499
16.0458,6.2322
18.118499999999997,6.2322
17.596799999999998,6.2322
17.596799999999998,6.345
17.5122,6.345
17.032799999999998,6.345
19.077299999999997,6.1758
19.077299999999997,6.1758
18.569699999999997,6.1758
16.4406,6.4155
16.4406,6.4155
15.989399999999998,6.4155
15.989399999999998,6.4155
19.7823,6.768
19.288800000000002,6.768
18.964499999999997,6.768
18.964499999999997,6.5847
18.386400000000002,6.5847
20.4732,6.5847
20.4732,6.9231
19.9092,6.9231
19.9092,6.9231
22.179299999999998,7.867800000000001
21.573,7.867800000000001
20.022,7.867800000000001
20.022,8.234399999999999
19.3593,8.121599999999999
21.4602,8.121599999999999
21.4602,8.121599999999999
20.7834,9.6867
20.7834,9.6867
22.9548,9.6867
22.2075,10.4481
22.2075,10.4481
22.2075,10.4481
21.4602,11.2941
21.855,11.2941
21.855,11.2941
21.1782,11.2941
23.2509,11.2659
23.2509,11.2659
22.616400000000002,11.2659
24.675,11.392800000000001
24.675,11.392800000000001
24.0123,11.392800000000001
26.183699999999998,11.886299999999999
26.183699999999998,11.886299999999999
25.521,11.886299999999999
27.706500000000002,11.6748
27.706500000000002,11.6748
26.987399999999997,11.6748
24.4917,11.7312
24.4917,11.7312
23.716199999999997,11.7312
25.5915,12.2529
25.5915,12.2529
24.7878,12.2529
26.6208,13.832099999999999
26.6208,13.832099999999999
25.7043,13.832099999999999
25.7043,15.284400000000002
25.7043,15.284400000000002
24.886499999999998,15.284400000000002
28.566599999999998,16.9341
28.566599999999998,16.9341
27.7488,16.9341
25.239,17.3289
25.239,17.3289
24.5058,16.355999999999998
24.5058,16.355999999999998
25.958099999999998,16.355999999999998
25.1967,16.5534
26.7195,16.5534
26.7195,16.5534
25.9863,16.5534
25.9863,16.5534
25.9863,16.5534
25.2531,16.2291
25.2531,16.2291
25.2531,16.2291
24.5199,15.608699999999999
24.8442,15.608699999999999
24.8442,15.608699999999999
24.1533,15.580499999999999
25.450499999999998,15.580499999999999
25.450499999999998,15.580499999999999
26.0004,15.129299999999999
26.0004,15.129299999999999
26.0004,15.129299999999999
25.3095,15.566400000000002
26.592599999999997,15.566400000000002
26.592599999999997,15.566400000000002
25.9299,16.3701
27.1143,16.3701
27.1143,16.3701
27.6924,16.637999999999998
27.6924,16.637999999999998
27.6924,16.637999999999998
26.8605,16.807199999999998
24.4212,16.807199999999998
24.4212,16.807199999999998
23.6175,17.8224
24.675,17.8224
24.675,17.8224
22.0524,19.4439
22.0524,19.4439
22.0524,19.9656
22.2216,19.9656
22.2216,19.9656
22.2216,20.3322
21.3474,20.3322
22.461299999999998,20.3322
22.461299999999998,20.7411
22.7715,20.7411
22.7715,20.7411
22.7715,19.8669
23.081699999999998,19.8669
23.081699999999998,19.8669
20.4168,18.471
19.7823,18.471
20.6988,18.471
20.6988,16.5957
21.164099999999998,16.5957
21.164099999999998,16.5957
21.164099999999998,14.4384
21.446099999999998,14.4384
21.446099999999998,14.4384
21.446099999999998,14.339699999999999
21.9396,14.339699999999999
21.9396,14.339699999999999
21.9396,14.523
22.419,14.523
22.419,14.523
22.419,15.0024
20.1489,15.0024
20.1489,15.0024
20.1489,15.284400000000002
20.4168,15.284400000000002
20.4168,15.284400000000002
20.4168,15.284400000000002
17.7519,17.6955
17.7519,17.6955
17.7519,17.6955
17.9352,19.288800000000002
17.9352,19.288800000000002
17.9352,19.288800000000002
18.189,20.0079
18.189,19.6836
18.189,19.6836
17.2866,19.6836
17.2866,18.4851
17.2866,18.4851
15.693299999999999,18.4851
15.693299999999999,18.471
15.693299999999999,18.471
16.130399999999998,18.471
16.130399999999998,16.8495
16.130399999999998,16.8495
15.594600000000002,16.8495
14.4666,14.3538
14.4666,14.3538
15.087,14.3538
15.087,13.550099999999999
15.087,13.550099999999999
15.510000000000002,13.550099999999999
15.510000000000002,13.550099999999999
15.510000000000002,13.493699999999999
14.946,13.493699999999999
14.946,13.493699999999999
14.946,13.1694
16.1586,13.1694
16.1586,13.1694
13.5924,12.9156
13.860299999999999,12.9156
13.860299999999999,12.9156
13.860299999999999,13.9308
13.0284,13.9308
13.818,13.9308
13.818,14.903699999999999
14.0154,14.903699999999999
14.0154,14.903699999999999
14.0154,15.890699999999999
11.688899999999999,15.890699999999999
11.688899999999999,15.890699999999999
11.688899999999999,16.0317
11.2377,15.862499999999999
12.3516,15.862499999999999
12.3516,15.862499999999999
13.0566,15.862499999999999
13.0566,14.875499999999999
13.0566,14.875499999999999
13.3104,14.875499999999999
13.3104,14.565299999999999
13.3104,14.565299999999999
12.5349,14.565299999999999
11.139,14.367899999999999
11.139,14.367899999999999
11.364600000000001,14.367899999999999
11.364600000000001,12.4503
11.364600000000001,12.4503
11.829899999999999,12.4503
11.829899999999999,11.392800000000001
11.829899999999999,11.392800000000001
11.2377,11.392800000000001
12.1683,12.0837
12.1683,12.0837
10.0533,12.0837
12.408,12.9579
12.408,12.9579
10.6878,12.9579
10.6878,12.5349
10.6878,12.5349
10.0956,12.5349
8.770199999999999,12.1965
8.770199999999999,12.1965
8.713799999999999,12.1965
8.713799999999999,13.818
8.713799999999999,13.818
8.600999999999999,13.818
8.600999999999999,14.2692
8.600999999999999,14.2692
8.459999999999999,14.2692
8.459999999999999,14.029499999999999
8.459999999999999,14.029499999999999
8.4459,14.029499999999999
5.8797,13.1412
5.8797,13.1412
6.1899,11.688899999999999
6.1899,11.688899999999999
7.4166,11.688899999999999
6.9372,10.9698
6.9372,10.9698
6.9372,10.9698
4.8363000000000005,10.152
4.8363000000000005,10.152
4.8363000000000005,10.152
4.3145999999999995,8.9958
4.3145999999999995,8.9958
4.3145999999999995,8.9958
4.8222000000000005,8.5869
4.8222000000000005,8.5869
4.8222000000000005,8.5869
5.1042,8.544599999999999
5.1042,8.544599999999999
5.1042,8.544599999999999
2.6508,8.713799999999999
2.6508,8.713799999999999
2.6508,8.713799999999999
2.1572999999999998,8.8689
2.1572999999999998,8.8689
2.1572999999999998,8.8689
2.6931,8.431799999999999
2.6931,8.431799999999999
2.6931,8.431799999999999
0.7473,8.5587
0.7473,8.5587
0.7473,8.5587
1.1844000000000001,8.9958
1.1844000000000001,8.9958
1.1844000000000001,8.9958
1.4100000000000001,8.177999999999999
1.4100000000000001,8.177999999999999
1.4100000000000001,8.177999999999999
0.9447,6.6411
0.9447,6.6411
0.9447,6.2886
0.6345,6.2886
0.6345,6.2886
0.6345,5.696400000000001
-1.0856999999999999,5.696400000000001
-1.0856999999999999,5.696400000000001
-1.0856999999999999,4.6671000000000005
-2.9187,4.6671000000000005
-2.9187,4.6671000000000005
-0.47940000000000005,4.4133
-2.5662,4.4133
-2.5662,4.4133
-2.5662,4.3850999999999996
-4.4274,4.3850999999999996
-4.4274,4.3850999999999996
-2.7213,5.2029
-4.7376000000000005,5.2029
-4.7376000000000005,5.2029
-4.7376000000000005,5.1888
-5.0901,5.1888
-5.0901,5.1888
-4.7517000000000005,3.8775000000000004
-4.9773,3.8775000000000004
-4.9773,3.8775000000000004
-6.627,3.4122
-6.8526,3.4122
-6.8526,3.4122
-6.8526,3.4122
-6.8667,2.679
-6.8667,2.679
-8.883,2.679
-8.8548,1.1703000000000001
-8.8548,1.1703000000000001
-8.8548,1.1703000000000001
-9.4893,0.2115
-9.4893,0.2115
-9.4893,0.2115
-9.855899999999998,0.12689999999999999
-9.855899999999998,0.12689999999999999
-11.5902,0.12689999999999999
-11.491499999999998,0.141
-11.491499999999998,-0.47940000000000005
-11.491499999999998,-0.47940000000000005
-12.3234,-0.47940000000000005
-12.3234,-0.5922000000000001
-12.3234,-0.5922000000000001
-12.1542,-0.5922000000000001
-12.1542,-1.1139
-14.480699999999999,-1.1139
-14.1282,-1.1139
-14.1282,-1.6074
-14.1282,-1.6074
-15.270299999999999,-1.6074
-15.270299999999999,-1.6074
-15.270299999999999,-2.8059000000000003
-15.792000000000002,-2.8059000000000003
-15.792000000000002,-2.8059000000000003
-17.596799999999998,-3.7506
-17.032799999999998,-3.7506
-17.032799999999998,-3.7506
-17.032799999999998,-4.0607999999999995
-16.412399999999998,-4.0607999999999995
-16.412399999999998,-4.0607999999999995
-16.412399999999998,-5.597700000000001
-17.6814,-5.597700000000001
-17.6814,-5.597700000000001
-17.6955,-6.4437
-17.0187,-6.4437
-17.0187,-6.4437
-17.0187,-6.4437
-18.0198,-6.4437
-18.0198,-6.4437
-18.0198,-7.4448
-16.9482,-7.4448
-16.9482,-7.4448
-19.232400000000002,-8.262599999999999
-18.513299999999997,-8.262599999999999
-18.513299999999997,-8.262599999999999
-16.3278,-7.797300000000001
-16.8495,-7.797300000000001
-16.8495,-7.2897
-16.8495,-7.2897
-17.949299999999997,-7.2897
-17.949299999999997,-7.5435
-17.314799999999998,-7.5435
-16.7226,-7.5435
-16.7226,-8.149799999999999
-16.7226,-8.149799999999999
-17.7519,-8.149799999999999
-17.7519,-8.3331
-17.7519,-8.3331
-16.9482,-8.3331
-16.9482,-8.008799999999999
-16.9482,-8.008799999999999
-14.1282,-8.008799999999999
-17.483999999999998,-8.234399999999999
-17.483999999999998,-8.234399999999999
-16.1022,-8.234399999999999
-16.1022,-8.770199999999999
-16.1022,-8.770199999999999
-17.089199999999998,-8.770199999999999
-17.089199999999998,-8.883
-17.089199999999998,-8.883
-14.1,-8.883
-15.608699999999999,-8.6715
-15.608699999999999,-8.6715
-16.5957,-8.6715
-16.5957,-9.1791
-16.5957,-9.1791
-15.312600000000002,-9.1791
-15.312600000000002,-9.559800000000001
-15.312600000000002,-9.559800000000001
-14.085899999999999,-9.559800000000001
-14.085899999999999,-9.559800000000001
-14.085899999999999,-9.559800000000001
-14.9742,-9.559800000000001
-14.9742,-9.2073
-14.9742,-9.2073
-13.9872,-9.2073
-13.9872,-9.277800000000001
-13.9872,-9.277800000000001
-13.2117,-9.2919
-13.2117,-9.2919
-13.2117,-9.2919
-12.5772,-9.390600000000001
-12.5772,-9.390600000000001
-12.5772,-9.390600000000001
-14.1846,-8.234399999999999
-14.1846,-8.234399999999999
-14.1846,-8.234399999999999
-13.4796,-7.952399999999999
-13.4796,-7.952399999999999
-13.4796,-7.952399999999999
-10.9839,-8.3331
-10.9839,-8.3331
-10.9839,-8.3331
-11.7876,-8.206199999999999
-11.7876,-8.206199999999999
-11.7876,-8.206199999999999
-12.6195,-7.5999
-12.6195,-7.5999
-12.6195,-7.5999
-11.0544,-8.3895
-11.0544,-8.3895
-11.0544,-8.3895
-11.8722,-9.6867
-11.8722,-9.6867
-11.8722,-9.6867
-12.7887,-8.798399999999999
-12.7887,-8.798399999999999
-12.7887,-8.798399999999999
-10.8711,-7.952399999999999
-10.8711,-7.952399999999999
-10.8711,-7.952399999999999
-11.604299999999999,-7.952399999999999
-11.604299999999999,-8.9253
-11.604299999999999,-8.9253
-9.6585,-8.9253
-9.6585,-8.9958
-10.8006,-8.008799999999999
-9.9969,-8.008799999999999
-9.9969,-8.008799999999999
-9.9969,-8.3613
-7.994699999999999,-8.3613
-7.994699999999999,-8.3613
-7.994699999999999,-9.2355
-6.063,-9.2355
-6.063,-9.2355
-8.2203,-9.306000000000001
-6.204,-9.306000000000001
-6.204,-9.306000000000001
-6.204,-8.3613
-4.4979,-8.3613
-4.4979,-8.3613
-4.4979,-7.4589
-4.3568999999999996,-7.4589
-4.3568999999999996,-7.4589
-4.7799000000000005,-7.1346
-4.3709999999999996,-7.1346
-4.3709999999999996,-7.1346
-4.3709999999999996,-7.1346
-2.6508,-5.0619
-2.6508,-5.0619
-2.6508,-5.0619
-2.3265000000000002,-3.8634000000000004
-2.3265000000000002,-3.8634000000000004
-1.8753,-3.8634000000000004
-1.551,-3.4827
-1.551,-3.4827
-1.551,-3.4827
-1.269,-3.2994
-1.269,-3.2994
-1.269,-3.2994
-0.1692,-3.6519
-0.1692,-3.6519
0.564,-3.6519
0.9870000000000001,-3.8634000000000004
0.9870000000000001,-3.8634000000000004
0.9870000000000001,-3.8634000000000004
1.6638,-4.3427999999999995
1.6638,-4.5261
1.6638,-4.5261
2.9328,-4.5261
2.9328,-4.4274
3.5532,-4.4274
3.8493000000000004,-4.4274
3.8493000000000004,-4.4274
3.5532,-4.1171999999999995
4.5684000000000005,-4.1171999999999995
4.5684000000000005,-4.1171999999999995
4.5684000000000005,-3.0174
5.4003,-3.0174
5.4003,-3.0174
5.4003,-1.8048
5.358,-1.8048
6.1053,-1.8048
6.1053,-0.9447
6.5565,-0.9447
6.5565,-0.9447
6.5565,0.7614
7.5012,0.7614
7.5012,0.7614
7.5012,1.4946
8.0511,1.4946
8.0511,1.4946
8.0511,1.6356
9.306000000000001,1.6356
9.306000000000001,1.6356
9.306000000000001,1.7343
9.7854,1.7343
9.7854,1.7343
11.463299999999998,1.833
11.3505,1.833
11.3505,1.833
11.3505,1.833
11.604299999999999,1.833
11.604299999999999,1.833
11.604299999999999,1.5228
11.703,1.5228
13.3386,1.7625
13.380899999999999,1.7625
13.1553,1.7625
13.1553,2.7777
13.1553,2.7777
12.7746,2.7777
12.7746,3.7506
12.7746,3.7506
14.1564,3.7506
14.1564,4.8081000000000005
14.1564,4.8081000000000005
15.566400000000002,4.8081000000000005
15.566400000000002,5.8797
15.566400000000002,5.8797
14.7768,5.8797
14.7768,7.1769
14.7768,7.1769
13.803899999999999,7.1769
16.2573,7.896000000000001
16.2573,7.896000000000001
15.848400000000002,7.896000000000001
15.129299999999999,7.3602
15.129299999999999,7.3602
16.497,7.3602
16.497,7.05
16.497,7.05
15.185699999999999,7.05
15.185699999999999,7.614
15.185699999999999,7.614
16.5393,7.614
16.5393,7.642200000000001
16.5393,7.642200000000001
16.130399999999998,7.642200000000001
18.1326,7.2756
18.1326,7.2756
16.1022,7.2756
16.1022,7.614
16.1022,7.614
17.427599999999998,7.614
17.427599999999998,8.403599999999999
17.427599999999998,8.403599999999999
18.9222,8.9958
18.9222,8.9958
18.9222,8.9958
16.5393,8.8407
16.5393,8.8407
16.5393,8.8407
17.582700000000003,9.277800000000001
17.582700000000003,9.277800000000001
17.582700000000003,9.277800000000001
15.1434,9.672600000000001
15.1434,9.672600000000001
15.1434,9.672600000000001
16.130399999999998,10.5609
16.130399999999998,10.5609
16.130399999999998,10.5609
17.1879,11.576099999999999
17.1879,11.576099999999999
17.1879,11.576099999999999
18.2595,11.4069
18.2595,11.4069
18.2595,11.4069
19.429799999999997,10.8429
19.429799999999997,10.8429
19.429799999999997,10.8429
19.006800000000002,10.3776
20.6142,10.3776
20.6142,10.3776
17.4417,10.3776
17.4417,9.4047
17.4417,9.4047
18.4146,9.4047
18.4146,9.4047
18.4146,9.4047
17.9211,9.4047
17.9211,10.1943
17.9211,10.1943
20.1207,10.1943
16.0035,11.703
16.0035,13.818
16.6098,13.818
16.6098,13.818
16.6098,13.9872
17.2443,13.9872
17.2443,13.9872
17.2443,13.5078
16.6803,13.5078
13.959,13.5078
13.959,13.5078
14.311499999999999,13.7898
14.311499999999999,13.7898
14.311499999999999,14.5794
14.790899999999999,14.5794
14.790899999999999,14.5794
14.790899999999999,14.5794
14.311499999999999,12.9015
15.242099999999999,12.9015
15.242099999999999,12.9015
11.9568,10.2225
11.9568,10.2225
11.9568,10.2225
12.3093,10.2225
12.3093,10.2225
12.3093,10.2225
11.914499999999999,9.714899999999998
12.6195,9.714899999999998
12.6195,9.714899999999998
13.0425,8.2203
13.0425,8.2203
13.0425,8.2203
9.912299999999998,8.2485
9.912299999999998,8.2485
10.6455,8.2485
10.0815,9.0522
10.0815,9.0522
10.0815,9.0522
10.2225,9.4611
10.2225,9.4611
10.2225,9.4611
10.1802,9.771299999999998
10.1802,9.771299999999998
7.853700000000001,10.9416
7.0923,10.9416
7.0923,10.9416
7.0923,12.2247
7.1487,12.2247
7.1487,12.2247
7.1487,11.604299999999999
4.6671000000000005,11.604299999999999
4.6671000000000005,11.604299999999999
5.2311,10.1238
7.6281,10.1238
7.6281,10.1238
4.7658000000000005,9.3201
5.217,9.3201
5.217,9.3201
5.217,7.5717
5.724600000000001,7.5717
5.724600000000001,7.5717
5.724600000000001,5.1747
5.4426,5.1747
6.4155,5.1747
6.4155,4.4415
4.3991999999999996,4.4415
4.3991999999999996,4.4415
7.1205,4.4133
4.9914,4.4133
4.9914,4.4133
5.8938,4.1594999999999995
5.4003,4.1594999999999995
5.4003,4.1594999999999995
5.4003,4.5966000000000005
2.7495,4.5966000000000005
2.7495,4.5966000000000005
2.7495,6.8949
2.9751,6.8949
2.9751,6.8949
2.9751,8.6715
2.3829000000000002,8.6715
2.3829000000000002,8.8689
2.3829000000000002,8.8689
0.6768,8.8689
0.6768,8.459999999999999
0.6768,8.459999999999999
0.6909,8.459999999999999
0.6909,8.5869
0.6909,8.5869
0.8742,8.5869
0.8742,7.811400000000001
0.8742,7.811400000000001
-0.4512,7.811400000000001
1.4664,5.5695
1.4664,5.5695
0.0,5.5695
0.0,3.4968
0.0,3.4968
0.3666,3.4968
0.3666,1.6074
-0.4512,1.6074
-0.4653,1.6074
-0.4653,0.7332
-0.4653,0.7332
-0.0423,0.7332
-0.0423,0.5781000000000001
-0.0423,0.5781000000000001
0.3666,0.5781000000000001
0.3666,1.7484
-0.3102,1.7484
-0.5216999999999999,1.7484
-0.5216999999999999,3.0174
-0.5216999999999999,3.0174
-1.1139,3.0174
-0.3666,3.5814
-0.3666,3.5814
-1.2408,3.5814
-1.2408,3.5814
-1.2408,4.4415
-1.4100000000000001,4.4415
-1.4100000000000001,4.4415
-1.4100000000000001,5.076
-1.5651,5.0055
-1.5651,5.0055
-1.5651,5.0055
-1.7343,4.1876999999999995
-1.7343,4.1876999999999995
-1.7343,4.1876999999999995
-1.6356,3.1725
-1.6356,3.1725
-1.6356,3.1725
-1.3536,1.9317000000000002
-1.3536,1.9317000000000002
-1.3536,1.9317000000000002
-1.2126,1.0997999999999999
-1.2126,1.0997999999999999
-1.2126,1.0997999999999999
-1.1421000000000001,0.1128
-0.8601,0.1128
-0.8601,0.1128
-0.564,-0.2256
-0.564,-0.2256
-0.564,-0.2256
-0.3384,-0.2256
-0.3384,0.0
-0.3384,0.0
-0.141,0.0
-0.141,0.9870000000000001
-0.141,0.9870000000000001
0.2115,0.9870000000000001
0.2115,1.9035
0.2115,1.9035
0.3807,1.9035
0.3807,2.7636
0.6909,2.7636
0.4089,2.7636
0.4089,3.5391
0.4089,3.5391
1.0151999999999999,3.5391
1.0151999999999999,3.7506
1.0151999999999999,3.7224
1.2972,3.7224
1.2972,3.7224
1.8471,3.0174
1.6638,3.0174
1.6638,3.0174
1.6638,2.7213
2.1149999999999998,2.7213
2.1149999999999998,2.7213
2.1149999999999998,2.7213
2.8482000000000003,2.3688000000000002
2.8482000000000003,2.3688000000000002
3.3417,2.3688000000000002
3.5955,1.9035
3.5955,1.9035
3.5955,1.9035
3.9621000000000004,1.7484
3.9621000000000004,1.7484
3.9621000000000004,1.7484
4.6530000000000005,1.8048
4.6530000000000005,1.8048
5.2452,1.8048
5.583600000000001,2.6226
5.583600000000001,2.6226
5.583600000000001,2.6226
5.668200000000001,3.4122
5.668200000000001,3.4122
5.668200000000001,3.4122
6.5988,4.3709999999999996
6.5988,4.3709999999999996
6.768,4.3709999999999996
6.4014,5.1324
6.4014,5.1324
6.4014,5.1324
7.191,5.654100000000001
7.191,5.654100000000001
7.191,5.654100000000001
8.206199999999999,6.0771
8.206199999999999,6.0771
8.3331,6.0771
7.966499999999999,6.1758
7.966499999999999,6.1758
7.966499999999999,5.9079
8.8689,5.9079
8.8689,5.9079
8.8689,5.8233
10.0956,5.8233
10.0956,5.8233
9.87,5.696400000000001
9.503400000000001,5.696400000000001
9.503400000000001,5.696400000000001
9.503400000000001,5.3298
10.6314,5.3298
10.6314,5.3298
10.6314,5.4567
9.531600000000001,5.4567
9.531600000000001,5.4567
9.531600000000001,5.9502
10.4199,5.9502
10.4199,5.9502
11.970899999999999,6.3591
11.421000000000001,6.3591
11.421000000000001,6.3591
11.421000000000001,7.4448
12.267,7.4448
12.267,7.4448
10.2648,7.994699999999999
9.6585,7.994699999999999
10.9416,7.994699999999999
10.9416,8.5587
11.632499999999999,8.5587
11.632499999999999,8.5587
11.632499999999999,8.7843
10.0956,8.7843
10.0956,8.7843
10.0956,8.5869
10.8429,8.5869
10.8429,8.5869
10.8429,9.277800000000001
11.703,9.277800000000001
11.703,8.1075
11.703,8.1075
10.3917,8.1075
10.3917,7.5294
10.3917,7.5294
11.1813,7.5294
11.1813,8.149799999999999
12.549,8.149799999999999
11.999099999999999,8.149799999999999
11.999099999999999,7.952399999999999
11.999099999999999,7.952399999999999
12.9297,7.952399999999999
10.5891,7.4589
10.5891,7.4589
11.2941,7.4589
11.2941,8.1075
11.2941,8.1075
12.0978,8.1075
12.0978,8.713799999999999
12.0978,8.713799999999999
13.1976,8.713799999999999
13.1976,9.4047
13.1976,9.4047
11.7312,9.4047
11.7312,9.912299999999998
13.409099999999999,9.912299999999998
12.7464,9.912299999999998
12.7464,9.8418
12.7464,9.8418
13.832099999999999,9.8418
13.832099999999999,9.8418
13.832099999999999,9.390600000000001
11.9568,9.390600000000001
11.9568,9.390600000000001
10.8852,9.390600000000001
10.3494,9.390600000000001
10.3494,9.390600000000001
13.0002,9.771299999999998
12.4221,9.771299999999998
12.4221,9.771299999999998
12.4221,10.0815
11.970899999999999,10.0956
11.970899999999999,10.0956
11.970899999999999,10.0956
13.0425,10.0533
13.0425,10.0533
13.0425,10.0533
14.241,10.1943
14.241,10.1943
14.241,10.1943
11.8158,9.277800000000001
11.8158,9.277800000000001
13.1553,9.277800000000001
12.6759,8.9676
12.6759,8.9676
12.6759,8.9676
13.5924,8.9676
13.5924,9.531600000000001
13.5924,9.531600000000001
14.805,9.531600000000001
14.805,9.7572
12.7182,9.7572
12.126,9.7572
12.126,10.7301
12.126,10.7301
12.9015,10.7301
12.9015,10.9134
12.9015,10.9134
13.550099999999999,10.9134
13.550099999999999,10.6314
11.2659,10.6314
10.6455,10.6314
10.6455,11.3223
10.6455,11.3223
11.2941,11.3223
11.2941,12.1683
11.2941,12.1683
11.703,12.1683
11.703,11.660699999999999
11.703,10.3071
10.9416,10.3071
9.0945,10.3071
9.0945,10.3071
9.6021,10.6173
9.6021,10.6173
9.6021,10.6173
7.5012,10.0815
7.5012,10.0815
7.5012,10.0815
9.418800000000001,9.0522
10.4763,9.0522
10.4763,9.0522
8.008799999999999,8.8266
8.008799999999999,8.8266
8.008799999999999,8.8266
6.0348,8.7843
6.0348,8.7843
6.0348,8.7843
7.938299999999999,8.9253
6.2886,8.9253
6.2886,8.9253
6.5847,7.670400000000001
6.5847,7.670400000000001
6.5847,7.670400000000001
6.8949,7.740900000000001
6.8949,7.740900000000001
6.8949,7.740900000000001
6.3732,8.685599999999999
7.2615,8.685599999999999
7.2615,8.685599999999999
5.3721,7.2333
5.3721,7.2333
5.3721,7.2333
4.8786,6.9795
4.8786,6.9795
4.8786,6.9795
4.2440999999999995,7.740900000000001
6.3309,7.740900000000001
6.3309,7.740900000000001
4.6671000000000005,7.867800000000001
4.6671000000000005,7.867800000000001
4.6671000000000005,7.5576
5.3157,7.5576
5.3157,7.5576
5.3157,7.0359
5.9361,7.0359
5.9361,7.0359
5.9361,7.0359
4.2863999999999995,7.0359
4.2863999999999995,7.0359
4.2863999999999995,7.0359
4.7940000000000005,7.0359
4.7940000000000005,7.0359
4.7940000000000005,6.8808
5.5131,6.8808
5.5131,6.8808
5.5131,6.5565
3.6801,6.5565
3.6801,6.5565
6.4155,6.1335
4.3145999999999995,6.1335
4.3145999999999995,6.1335
4.3145999999999995,6.6975
5.1888,6.6975
5.1888,6.6975
5.1888,6.627
3.1302,6.627
3.1302,6.627
3.1302,6.1758
3.7506,6.1758
3.7506,6.1758
3.7506,6.1476
4.4415,6.1476
4.4415,6.1476
4.4415,5.668200000000001
4.0889999999999995,5.668200000000001
4.0889999999999995,5.668200000000001
4.0889999999999995,5.668200000000001
2.6085,6.0348
2.6085,5.8515
2.6085,5.8515
3.1725,5.8515
3.1725,5.1324
3.1725,5.1324
1.2408,5.1324
1.2408,5.2029
1.2408,5.2029
1.6215,5.2029
1.6215,5.611800000000001
1.6215,5.611800000000001
1.8612,5.611800000000001
1.8612,5.8938
2.4534,5.8938
2.0726999999999998,5.8938
2.0726999999999998,5.5413
2.0726999999999998,5.5413
-0.12689999999999999,5.5413
-0.12689999999999999,4.9209
-0.12689999999999999,4.9209
0.0564,4.9209
0.0564,4.6953000000000005
0.5498999999999999,4.6953000000000005
0.3243,4.6953000000000005
0.3243,4.6953000000000005
0.3243,3.7506
0.0141,3.7506
0.0141,3.7506
0.0141,3.5673
-0.23970000000000002,3.5673
-0.23970000000000002,3.5673
-0.0987,3.5532
-0.23970000000000002,3.5532
-0.23970000000000002,3.5532
-0.23970000000000002,3.3417
-1.5933,3.3417
-1.5933,3.3417
-1.5933,2.4675
-1.551,2.4675
-1.551,2.4675
-1.3113,2.679
-1.5369,3.0315
-1.5369,3.0315
-1.5369,3.0315
-1.3395,2.9892
-1.3395,2.9892
-1.3395,2.9892
-2.1431999999999998,2.5521
-2.1431999999999998,2.5521
-1.9176000000000002,2.5521
-2.0444999999999998,2.5521
-2.0444999999999998,2.0021999999999998
-2.0444999999999998,2.0021999999999998
-2.0585999999999998,2.0021999999999998
-2.0585999999999998,1.5792
-2.0585999999999998,1.5792
-2.1431999999999998,1.5792
-2.1431999999999998,1.5792
-0.9306,1.5792
-1.0292999999999999,1.5792
-1.0292999999999999,1.4664
-1.0292999999999999,1.4664
-0.8883,1.4664
-0.8883,1.0997999999999999
-0.8883,1.0997999999999999
-1.0151999999999999,1.0997999999999999
-1.0151999999999999,0.9306
-1.0151999999999999,0.9306
-1.1139,0.9306
-1.5933,1.1139
-1.5933,1.1139
-1.5651,1.1139
-1.5651,1.2972
-1.5651,1.2972
-0.9729000000000001,1.2972
-0.9729000000000001,1.3959000000000001
-0.9729000000000001,1.3959000000000001
-1.0151999999999999,1.3959000000000001
-0.7755,2.1572999999999998
-0.7755,2.1572999999999998
-0.5216999999999999,2.3406000000000002
-0.5216999999999999,2.3406000000000002
-0.5216999999999999,2.3406000000000002
-0.7896,2.2137
-0.7896,2.2137
-0.7896,2.2137
-0.9588000000000001,1.6779
-0.9588000000000001,1.6779
-0.9588000000000001,1.6779
1.128,1.6074
1.128,1.6074
1.128,1.6074
1.5651,1.5933
1.5651,1.5933
2.0021999999999998,1.5933
2.0867999999999998,1.5792
2.0867999999999998,1.5792
2.0867999999999998,1.5792
3.2289,1.0856999999999999
3.2289,1.0856999999999999
3.2289,1.0856999999999999
3.807,0.8178
3.807,0.8178
4.6812000000000005,0.8178
4.5684000000000005,1.6497
4.5684000000000005,1.6497
4.5684000000000005,1.6497
5.1747,2.8341000000000003
5.1747,2.8341000000000003
5.1747,2.8341000000000003
5.5695,3.1866
5.5695,3.1866
5.5695,3.1866
5.9925,4.0748999999999995
5.9925,4.0748999999999995
5.9925,4.0748999999999995
6.6834,5.1747
6.6834,5.1747
6.6834,5.1747
6.3591,5.5695
6.3591,5.5695
6.3591,5.597700000000001
5.8938,5.597700000000001
5.8938,5.597700000000001
5.8938,5.499
9.362400000000001,5.499
9.362400000000001,5.499
9.362400000000001,5.3721
10.5186,5.3721
10.5186,5.3721
10.5186,5.3721
10.4763,5.3721
10.4763,5.3721
11.9568,5.1042
11.632499999999999,5.1042
11.632499999999999,5.1042
11.632499999999999,4.6953000000000005
12.6336,4.6953000000000005
12.6336,4.6953000000000005
12.6336,4.2722999999999995
13.606499999999999,4.2722999999999995
13.606499999999999,4.2722999999999995
13.818,5.597700000000001
13.1271,5.597700000000001
13.1271,5.597700000000001
13.1271,8.0793
13.973099999999999,8.0793
13.973099999999999,8.0793
13.973099999999999,8.6433
12.5349,8.6433
12.5349,8.6433
12.5349,8.6433
13.2258,10.1661
13.2258,10.1661
13.2258,10.1661
13.973099999999999,11.632499999999999
13.973099999999999,11.632499999999999
13.973099999999999,11.632499999999999
13.0848,12.1401
13.0848,11.0121
13.0848,11.0121
12.2106,11.0121
13.832099999999999,9.559800000000001
13.832099999999999,9.559800000000001
15.044699999999999,9.559800000000001
15.044699999999999,8.9112
15.044699999999999,8.9112
13.7334,8.9112
13.7334,8.7843
13.7334,8.7843
13.1976,8.7843
14.734499999999999,8.234399999999999
14.734499999999999,8.234399999999999
16.0881,8.234399999999999
16.0881,8.234399999999999
16.0881,7.966499999999999
15.298499999999999,7.966499999999999
15.298499999999999,7.966499999999999
15.298499999999999,8.3331
14.367899999999999,8.3331
15.228,8.3331
15.228,10.2507
16.637999999999998,10.2507
16.637999999999998,10.2507
16.637999999999998,11.0685
15.763800000000002,11.0685
15.763800000000002,11.0685
15.763800000000002,11.195400000000001
14.819099999999999,11.195400000000001
15.806099999999999,11.195400000000001
15.806099999999999,13.0425
17.089199999999998,13.0425
17.089199999999998,13.0425
17.089199999999998,13.578299999999999
18.231299999999997,13.578299999999999
18.231299999999997,13.578299999999999
20.1489,12.5772
19.2606,12.5772
19.2606,12.5772
19.2606,11.942699999999999
16.919999999999998,12.0132
16.919999999999998,12.0132
16.919999999999998,12.0132
18.0339,12.0132
18.0339,12.0132
20.0361,12.0132
15.636899999999999,12.0132
19.2747,12.0132
19.2747,12.0132
16.3419,12.0132
16.3419,11.886299999999999
16.3419,11.886299999999999
17.089199999999998,11.886299999999999
17.089199999999998,12.9861
18.7107,12.9861
17.9634,12.9861
17.9634,13.860299999999999
17.9634,13.860299999999999
18.738899999999997,13.860299999999999
18.738899999999997,13.536
18.738899999999997,13.536
19.6413,13.536
19.6413,14.5512
17.8788,14.5512
17.0469,14.5512
17.0469,14.7768
17.0469,14.7768
15.044699999999999,14.7768
17.7942,13.3668
17.7942,13.3668
15.792000000000002,13.3668
15.792000000000002,13.254
15.792000000000002,13.254
14.988299999999999,13.254
17.907,13.6206
17.907,13.6206
17.2725,13.6206
17.2725,14.523
17.2725,14.523
17.9916,14.0154
17.9916,14.0154
17.9916,14.0154
18.8799,13.296299999999999
18.8799,13.296299999999999
18.8799,13.296299999999999
19.8105,13.5924
19.8105,13.5924
19.8105,13.5924
16.779,12.7041
16.779,12.7041
16.779,12.7041
14.1282,12.972
14.1282,12.972
14.1282,12.972
14.5794,14.198699999999999
14.5794,14.198699999999999
14.5794,14.198699999999999
13.7052,15.1152
13.7052,15.1152
13.7052,15.1152
15.354899999999999,16.2714
15.354899999999999,16.2714
16.7367,16.2714
16.017599999999998,16.186799999999998
16.017599999999998,16.186799999999998
16.017599999999998,16.186799999999998
16.5957,13.9872
16.5957,13.9872
16.5957,13.9872
17.5686,12.6054
17.5686,12.6054
19.1619,12.6054
15.369000000000002,11.829899999999999
15.369000000000002,11.829899999999999
15.369000000000002,11.829899999999999
15.989399999999998,11.0544
15.989399999999998,11.0544
15.989399999999998,11.0544
16.6803,11.0544
13.7898,11.3787
16.6803,12.6477
14.1846,12.6477
14.1846,12.6477
14.1846,14.114099999999999
14.565299999999999,14.114099999999999
14.565299999999999,14.114099999999999
14.565299999999999,16.0035
14.6922,16.0035
14.6922,16.0035
13.0002,16.6803
12.0978,16.6803
12.0978,16.6803
12.0978,16.186799999999998
12.3657,16.186799999999998
12.3657,16.186799999999998
12.3657,16.581599999999998
12.7746,16.581599999999998
12.7746,16.581599999999998
13.9872,14.7204
13.409099999999999,14.7204
13.409099999999999,14.7204
13.409099999999999,14.7204
11.547899999999998,12.5631
11.547899999999998,12.5631
11.547899999999998,12.5631
12.1542,10.4058
12.1542,10.4058
12.1542,10.4058
11.604299999999999,9.277800000000001
11.604299999999999,9.277800000000001
11.604299999999999,9.277800000000001
10.716,9.277800000000001
10.716,9.277800000000001
10.716,9.277800000000001
11.1249,10.1379
11.1249,10.1379
12.2247,10.1379
11.421000000000001,11.3223
11.421000000000001,12.9861
11.421000000000001,12.9861
11.844,12.9861
11.844,13.9872
11.844,13.9872
9.447000000000001,13.9872
9.447000000000001,14.198699999999999
10.5327,14.198699999999999
9.729,14.198699999999999
9.729,14.170499999999999
9.729,14.170499999999999
10.1802,14.170499999999999
10.1802,14.170499999999999
10.1802,13.959
8.206199999999999,13.959
8.206199999999999,13.959
9.108600000000001,12.7323
8.544599999999999,12.7323
8.544599999999999,12.7323
8.544599999999999,11.0121
9.249600000000001,11.0121
9.249600000000001,11.0121
9.249600000000001,9.9264
9.87,9.9264
9.87,9.9264
8.375399999999999,8.9817
7.825500000000001,8.9817
7.825500000000001,8.9817
8.9253,8.657399999999999
8.459999999999999,8.657399999999999
8.459999999999999,8.657399999999999
8.459999999999999,8.6997
6.345,8.6997
6.345,8.6997
7.3602,9.249600000000001
6.7257,9.249600000000001
6.7257,9.249600000000001
6.7257,10.293
7.05,10.293
7.05,10.293
7.05,10.9416
4.9068,10.9416
7.6281,11.3505
7.6281,11.3505
7.05,11.3505
4.3709999999999996,11.660699999999999
4.3709999999999996,11.660699999999999
5.710500000000001,11.660699999999999
5.710500000000001,10.6173
5.710500000000001,10.6173
6.1053,10.6173
6.1053,9.531600000000001
4.2158999999999995,9.531600000000001
3.8352000000000004,9.531600000000001
3.8352000000000004,8.9817
4.5825000000000005,8.9817
4.3145999999999995,8.9817
4.3145999999999995,8.375399999999999
4.3145999999999995,8.375399999999999
4.7940000000000005,8.375399999999999
4.7940000000000005,6.4719
2.8764,6.4719
2.4675,6.4719
5.2875,5.5131
3.0597,5.5131
2.7213,5.5131
2.7213,7.332
2.7213,7.332
3.2994,7.332
3.2994,7.1346
3.2994,7.1346
0.9024,7.1346
3.807,6.5988
3.807,6.5988
3.3981,6.5988
0.5216999999999999,7.4589
0.5216999999999999,7.4589
0.8319,7.4589
0.8319,8.149799999999999
0.8319,8.149799999999999
1.0574999999999999,6.9231
1.0574999999999999,6.9231
1.5792,6.9231
-1.5792,6.204
-1.5792,6.204
-1.5792,6.204
-1.6779,5.0619
-1.6779,5.0619
-1.6779,5.0619
-2.0162999999999998,5.217
-2.0162999999999998,5.217
-4.1171999999999995,5.217
-4.4838,5.1747
-4.4838,5.1747
-4.4838,5.1747
-4.4556,4.1030999999999995
-4.4556,4.1030999999999995
-4.4556,4.1030999999999995
-4.3850999999999996,3.0879
-4.3850999999999996,3.0879
-4.3850999999999996,3.0879
-4.3286999999999995,2.4675
-4.3286999999999995,2.4675
-4.3286999999999995,2.4675
-7.5858,2.4675
-7.5858,2.4675
-7.5858,2.4675
-7.966499999999999,1.0151999999999999
-7.966499999999999,1.0151999999999999
-8.1639,1.0151999999999999
-8.1357,0.0141
-8.1357,0.0141
-8.1357,0.0141
-10.3917,0.0141
-10.3917,0.35250000000000004
-10.3917,0.35250000000000004
-11.0967,0.35250000000000004
-11.0967,0.9306
-11.0967,0.9306
-11.8158,0.9306
-11.8158,-0.1551
-11.8158,-1.3959000000000001
-13.465499999999999,-1.3959000000000001
-13.465499999999999,-1.3959000000000001
-13.465499999999999,-1.4100000000000001
-14.2128,-1.4100000000000001
-14.2128,-1.4100000000000001
-15.340800000000002,-2.2701
-14.847299999999999,-2.2701
-14.847299999999999,-2.2701
-14.875499999999999,-3.7647
-15.566400000000002,-3.7647
-15.566400000000002,-3.7647
-15.566400000000002,-5.0901
-16.6098,-5.0901
-16.6098,-5.0901
-17.413500000000003,-5.781
-16.807199999999998,-5.781
-16.807199999999998,-5.781
-16.807199999999998,-5.781
-18.2031,-6.2886
-18.2031,-6.2886
-18.2031,-6.2886
-18.626099999999997,-6.909
-18.626099999999997,-6.909
-18.626099999999997,-6.909
-17.9775,-7.0359
-20.1348,-7.0359
-20.1348,-7.0359
-19.9938,-7.1064
-19.9938,-7.1064
-19.9938,-7.1064
-21.840899999999998,-7.2051
-21.840899999999998,-7.2051
-21.840899999999998,-7.2051
-21.0372,-7.797300000000001
-20.7552,-7.797300000000001
-20.7552,-7.797300000000001
-22.404899999999998,-8.544599999999999
-22.404899999999998,-8.6433
-22.404899999999998,-8.6433
-21.1218,-8.6433
-21.1218,-9.5175
-20.9103,-9.5175
-20.0079,-9.5175
-20.0079,-9.5175
-22.630499999999998,-10.716
-21.389699999999998,-10.716
-21.389699999999998,-10.716
-21.389699999999998,-11.914499999999999
-22.982999999999997,-11.914499999999999
-22.982999999999997,-11.914499999999999
-22.2498,-12.5631
-21.3051,-12.5631
-21.3051,-12.5631
-21.3051,-12.5913
-19.5849,-12.5913
-19.5849,-12.5913
-19.5849,-12.6618
-20.8962,-12.6618
-20.8962,-12.6618
-19.768199999999997,-12.3093
-18.9786,-12.3093
-18.9786,-12.3093
-18.9786,-11.970899999999999
-20.0502,-11.970899999999999
-20.0502,-11.970899999999999
-20.0502,-11.3787
-21.615299999999998,-11.3787
-21.615299999999998,-11.3787
-18.344099999999997,-11.3787
-17.6109,-11.3787
-17.6109,-11.3787
-17.6109,-10.9134
-17.483999999999998,-10.9134
-17.483999999999998,-10.9134
-20.6706,-10.3917
-18.344099999999997,-10.3917
-18.344099999999997,-10.3917
-18.344099999999997,-10.7442
-17.3853,-10.7442
-16.0881,-11.604299999999999
-16.0881,-11.604299999999999
-16.7367,-11.604299999999999
-16.7367,-13.254
-16.7367,-13.254
-14.6922,-13.254
-14.6922,-12.8451
-14.6922,-12.8451
-15.2562,-12.8451
-15.2562,-11.4069
-15.2562,-11.4069
-14.396099999999999,-11.4069
-14.396099999999999,-12.1683
-14.396099999999999,-12.1683
-13.521899999999999,-12.1683
-13.521899999999999,-11.463299999999998
-13.521899999999999,-11.463299999999998
-14.241,-11.463299999999998
-14.241,-10.152
-14.241,-10.152
-12.1542,-10.152
-12.1542,-9.334200000000001
-12.1542,-9.334200000000001
-11.3505,-9.334200000000001
-11.3505,-9.4611
-11.3505,-9.4611
-10.5609,-9.4611
-10.5609,-9.9264
-10.5609,-9.9264
-10.9416,-9.9264
-10.9416,-9.334200000000001
-10.9416,-9.334200000000001
-8.8548,-9.334200000000001
-8.8548,-9.827699999999998
-8.8548,-9.827699999999998
-8.036999999999999,-9.827699999999998
-8.036999999999999,-10.4904
-8.036999999999999,-10.4904
-7.3179,-9.714899999999998
-7.3179,-9.714899999999998
-7.3179,-9.714899999999998
-7.191,-8.9958
-7.191,-8.9958
-7.191,-8.9958
-5.2875,-8.6433
-5.2875,-8.6433
-5.2875,-8.6433
-5.4003,-8.206199999999999
-5.4003,-8.206199999999999
-5.4003,-8.206199999999999
-3.6237,-7.05
-3.6237,-7.05
-3.6237,-7.05
-3.6801,-6.2181
-3.6801,-6.2181
-3.6801,-6.2181
-1.7907,-6.0348
-1.7907,-6.0348
-1.7907,-6.0348
-1.4664,-5.5272
-1.4664,-5.5272
-1.4664,-5.5272
-1.3395,-5.1042
-1.3395,-5.1042
-1.3395,-5.1042
-0.9870000000000001,-5.1042
1.128,-5.0337
1.128,-5.0337
1.6638,-5.0337
1.6638,-4.8786
1.6638,-4.8786
4.2299999999999995,-4.8786
4.2299999999999995,-4.6812000000000005
4.8081000000000005,-4.6812000000000005
5.1324,-4.6812000000000005
5.1324,-3.8352000000000004
5.1324,-3.8352000000000004
6.1335,-3.8352000000000004
6.1335,-3.7365
6.1335,-2.8623000000000003
9.0522,-2.8623000000000003
9.0522,-2.8623000000000003
10.3071,-1.3818
10.2084,-1.3818
10.2084,-1.3818
10.2084,-0.0987
11.8158,-0.0987
11.8158,-0.0987
11.8158,1.4805
13.6206,1.4805
13.6206,1.4805
13.6206,1.4805
13.1835,2.0867999999999998
16.5957,2.0867999999999998
16.5957,2.0867999999999998
19.020899999999997,3.3699
19.020899999999997,3.3699
19.020899999999997,3.3699
18.4851,4.4979
18.4851,4.4979
24.4494,4.4979
23.998199999999997,4.8504
23.998199999999997,4.8504
23.998199999999997,4.8504
26.79,5.7669
26.79,5.7669
26.79,5.7669
29.8497,5.922
29.8497,5.922
34.4745,5.922
33.4593,7.4448
33.4593,7.4448
33.4593,7.4448
33.135,9.3483
33.135,9.3483
33.135,9.3483
35.814,11.0403
35.814,11.0403
31.837799999999998,14.9178
30.0753,14.9178
33.5298,14.9178
33.5298,17.4981
30.625200000000003,17.4981
30.625200000000003,17.4981
30.625200000000003,22.010099999999998
31.710900000000002,22.010099999999998
31.710900000000002,22.010099999999998
34.6014,23.2791
29.1024,23.2791
29.1024,23.2791
29.1024,22.3203
30.216299999999997,22.3203
30.216299999999997,22.3203
26.3952,19.542599999999997
27.4104,19.542599999999997
27.4104,19.542599999999997
27.4104,16.919999999999998
28.510199999999998,16.919999999999998
28.510199999999998,16.919999999999998
28.510199999999998,14.339699999999999
29.5677,14.339699999999999
29.5677,14.339699999999999
25.845299999999998,12.6054
26.79,12.6054
26.79,12.6054
26.79,12.9015
27.537300000000002,12.9015
27.537300000000002,12.9015
27.537300000000002,11.195400000000001
24.4776,11.195400000000001
24.4776,11.195400000000001
24.4776,12.7041
24.957,12.7041
24.957,12.7041
24.957,16.186799999999998
21.9678,16.186799999999998
21.9678,16.186799999999998
21.9678,18.189
21.0936,18.189
21.0936,19.0491
21.0936,19.0491
15.016499999999999,19.0491
15.016499999999999,19.6836
15.016499999999999,19.6836
15.1434,19.6836
15.1434,19.74
15.1434,19.74
13.296299999999999,19.74
13.296299999999999,19.288800000000002
13.296299999999999,19.288800000000002
13.677,19.288800000000002
13.677,16.5957
13.677,16.5957
12.2106,16.5957
12.2106,12.8169
12.2106,12.8169
9.0945,12.8169
10.8993,9.024
10.8993,9.024
9.588000000000001,9.024
9.588000000000001,6.0348
9.588000000000001,6.0348
8.3049,6.0348
8.3049,5.2311
8.3049,5.2311
6.9231,5.2311
8.629199999999999,5.1888
8.629199999999999,5.1888
5.4003,5.1888
5.4003,7.3602
5.4003,7.3602
5.4003,7.3602
5.4003,7.3602
5.9502,9.277800000000001
5.4567,9.277800000000001
5.4567,9.277800000000001
5.4567,10.9134
3.5673,11.5902
3.5673,11.5902
3.5673,11.5902
3.5532,11.6748
3.5532,11.6748
4.0184999999999995,11.6748
3.666,10.8711
3.666,10.8711
3.666,10.8711
3.8211000000000004,8.5869
3.8211000000000004,8.5869
3.8211000000000004,8.5869
4.2299999999999995,6.8526
4.2299999999999995,6.8526
4.2299999999999995,6.8526
2.3970000000000002,4.1312999999999995
2.3970000000000002,4.1312999999999995
2.3970000000000002,4.1312999999999995
0.4512,2.1854999999999998
0.4512,2.1854999999999998
0.4512,2.1854999999999998
0.6204,2.1854999999999998
0.6204,2.0162999999999998
-1.6638,2.0162999999999998
0.5922000000000001,2.0162999999999998
0.5922000000000001,2.9892
0.5922000000000001,2.9892
0.6627,2.9892
0.6627,4.7235000000000005
0.6627,4.7235000000000005
0.6345,4.7235000000000005
0.6345,5.7951
0.6345,5.7951
0.2256,5.7951
0.5922000000000001,6.1899
0.5922000000000001,6.1899
0.6204,6.1899
0.6204,6.2604
0.6204,6.2604
0.8178,6.2604
0.8178,6.204
0.8178,4.935
0.5357999999999999,4.935
1.1421000000000001,4.935
1.1421000000000001,4.0043999999999995
1.4382,4.0043999999999995
-3.243,4.0043999999999995
-3.243,4.0043999999999995
-2.8905,3.3417
-2.8905,3.3417
-2.5803,3.3417
-2.7918000000000003,2.4957
-2.7918000000000003,2.4957
-2.7918000000000003,2.4957
-3.0456,2.2701
-3.0456,2.2701
-3.0456,2.2701
-3.4122,2.2983000000000002
-3.4122,2.2983000000000002
-3.4122,2.2983000000000002
-3.525,3.3417
-1.5087,3.3417
-10.6596,3.3417
-10.8288,2.9046
-10.8288,2.9046
-10.8288,2.9046
-10.9416,1.5087
-10.9416,1.5087
-13.691099999999999,1.5087
-13.747499999999999,1.4241000000000001
-13.747499999999999,1.4241000000000001
-13.747499999999999,1.4241000000000001
-14.5794,1.0715999999999999
-14.5794,1.0715999999999999
-14.5794,1.0715999999999999
-13.9308,0.1692
-13.9308,0.1692
-15.622800000000002,0.1692
-14.0718,-2.7918000000000003
-14.0718,-2.7918000000000003
-14.0718,-5.724600000000001
-14.523,-5.724600000000001
-14.523,-5.724600000000001
-14.523,-6.7962
-12.4644,-6.7962
-12.4644,-6.7962
-12.4644,-8.516399999999999
-8.008799999999999,-8.516399999999999
-8.008799999999999,-8.516399999999999
-8.008799999999999,-9.2073
-3.7929,-9.2073
-3.7929,-9.2073
-3.7929,-10.152
52.7904,-10.152
52.7904,-10.152
52.7904,-7.924200000000001
2443.0506,-7.924200000000001
2443.0506,-7.924200000000001
2443.0506,-4.9632
165.4776,-4.9632
165.4776,-4.9632
165.4776,-3.0597
47.3619,-3.0597
47.3619,-3.0597
47.3619,-0.0423
29.356199999999998,-0.0423
29.356199999999998,-0.0423
29.356199999999998,3.9761999999999995
25.8312,3.9761999999999995
25.8312,3.9761999999999995
25.8312,8.0229
26.1132,8.0229
26.1132,8.0229
26.1132,12.8169
28.6371,12.8169
28.6371,12.8169
28.6371,17.4417
30.667499999999997,17.4417
30.667499999999997,17.4417
30.667499999999997,21.8691
32.8671,21.8691
32.8671,26.2119
32.8671,26.2119
34.263,26.2119
34.263,27.664199999999997
34.263,27.664199999999997
35.2359,27.664199999999997
35.2359,27.7488
35.2359,27.7488
35.7294,27.7488
35.7294,27.819300000000002
35.7294,27.819300000000002
39.0147,27.819300000000002
36.0537,27.819300000000002
26.8887,27.819300000000002
28.7499,27.819300000000002
28.7499,27.819300000000002
28.7499,27.819300000000002
29.7933,27.819300000000002
29.7933,27.819300000000002
29.7933,27.819300000000002
30.2445,27.819300000000002
30.2445,27.819300000000002
30.2445,27.819300000000002
30.427799999999998,27.819300000000002
30.427799999999998,27.819300000000002
30.427799999999998,27.819300000000002
30.3009,27.819300000000002
30.3009,27.819300000000002
30.3009,27.833399999999997
31.809599999999996,27.833399999999997
31.809599999999996,27.833399999999997
31.809599999999996,27.833399999999997
29.4972,27.833399999999997
29.4972,27.833399999999997
29.4972,27.833399999999997
28.8627,27.833399999999997
28.8627,27.833399999999997
28.8627,27.819300000000002
28.2705,27.833399999999997
28.2705,27.833399999999997
28.2705,27.833399999999997
29.130599999999998,27.833399999999997
27.706500000000002,27.833399999999997
27.706500000000002,27.833399999999997
27.0297,27.833399999999997
27.0297,27.833399999999997
27.0297,27.833399999999997
26.4939,27.833399999999997
26.4939,27.833399999999997
26.4939,27.833399999999997
27.0579,27.833399999999997
25.901699999999998,27.833399999999997
25.901699999999998,27.833399999999997
25.3659,27.833399999999997
25.3659,27.833399999999997
25.3659,27.833399999999997
25.788899999999998,27.833399999999997
25.788899999999998,27.833399999999997
23.941799999999997,27.833399999999997
24.3084,27.833399999999997
24.3084,27.833399999999997
24.3084,27.833399999999997
23.9136,27.833399999999997
23.9136,27.833399999999997
23.9136,27.833399999999997
23.434199999999997,27.833399999999997
23.434199999999997,27.833399999999997
22.842000000000002,27.833399999999997
23.1099,27.833399999999997
23.1099,27.833399999999997
23.1099,27.833399999999997
23.3355,27.833399999999997
23.3355,27.819300000000002
23.3355,27.819300000000002
22.3767,27.819300000000002
22.3767,27.819300000000002
21.8832,27.819300000000002
22.066499999999998,27.819300000000002
22.066499999999998,27.819300000000002
22.066499999999998,27.819300000000002
21.784499999999998,27.8052
21.784499999999998,27.8052
21.784499999999998,27.8052
21.5307,27.776999999999997
21.5307,27.776999999999997
21.5307,27.776999999999997
21.5307,27.7488
21.6576,27.7488
21.6576,27.7488
21.0654,27.7488
21.0654,27.7488
21.0654,27.7488
20.8821,27.7488
20.8821,27.7488
20.586,27.7488
20.6988,27.7488
20.6988,27.7488
20.6988,27.7488
20.5578,27.7488
20.5578,27.7488
20.5578,27.7488
20.6424,27.7488
20.6424,27.7488
20.6424,27.7488
20.2758,27.762900000000002
20.2758,27.762900000000002
20.2758,27.762900000000002
20.1912,27.7488
20.1912,27.7488
20.1912,27.7488
20.0643,27.762900000000002
20.0643,27.762900000000002
20.0643,27.762900000000002
19.937399999999997,27.762900000000002
19.937399999999997,27.762900000000002
19.937399999999997,27.762900000000002
19.8387,27.776999999999997
19.8387,27.776999999999997
19.8387,27.8052
19.711799999999997,27.8052
19.711799999999997,27.8052
19.711799999999997,27.819300000000002
19.5708,27.819300000000002
19.5708,27.819300000000002
19.5708,27.833399999999997
19.4157,27.833399999999997
19.4157,27.833399999999997
19.4157,27.833399999999997
19.232400000000002,27.833399999999997
19.232400000000002,27.833399999999997
19.232400000000002,27.833399999999997
18.9786,27.833399999999997
18.9786,27.833399999999997
18.9786,27.833399999999997
18.7107,27.833399999999997
18.7107,27.833399999999997
18.7107,27.8475
18.400499999999997,27.8475
18.400499999999997,27.8475
18.400499999999997,27.8475
18.048,27.8475
18.048,27.8475
18.048,27.8616
17.6955,27.8616
17.6955,27.8616
17.6955,27.8475
17.3289,27.8475
17.3289,27.8475
17.3289,27.8475
16.9623,27.8475
16.9623,27.8475
16.9623,27.8475
16.581599999999998,27.8475
16.581599999999998,27.8475
16.581599999999998,27.8475
16.1586,27.8475
16.1586,27.8475
16.1586,27.8475
15.693299999999999,27.8475
15.693299999999999,27.8475
15.693299999999999,27.8475
15.213899999999999,27.8475
15.213899999999999,27.833399999999997
15.213899999999999,27.833399999999997
15.1998,27.833399999999997
15.1998,27.819300000000002
15.1998,27.819300000000002
14.9178,27.819300000000002
14.9178,27.776999999999997
14.9178,27.776999999999997
