-24.971099999999996,0.0141
-25.0275,0.0141
-25.0275,0.0141
-25.0275,0.0141
-24.942899999999998,0.0141
-24.942899999999998,0.0141
-24.9852,-0.0282
-25.0275,-0.0282
-25.0275,-0.0282
-25.0275,-0.0282
-24.886499999999998,-0.141
-24.886499999999998,-0.141
-24.886499999999998,-0.141
-24.957,-0.1974
-24.957,-0.1974
-24.957,-0.1974
-24.9006,-3.0174
-24.9006,-3.0174
-24.9006,-3.0174
-24.886499999999998,-7.896000000000001
-24.886499999999998,-12.5913
-24.886499999999998,-12.5913
-24.8724,-12.5913
-24.8724,-17.8083
-24.8724,-17.8083
-24.773699999999998,-17.8083
-24.6609,-19.4157
-24.6609,-19.4157
-24.6327,-19.4157
-24.6327,-19.4439
-24.6327,-19.4439
-24.5481,-19.4439
-19.3311,-18.8235
-19.3311,-18.8235
-19.176000000000002,-18.8235
-19.119600000000002,-18.8235
-24.3084,-14.988299999999999
-24.2379,-14.988299999999999
-24.2379,-14.988299999999999
-19.077299999999997,-9.9264
-19.0491,-9.9264
-19.0491,-9.9264
-19.0491,-5.668200000000001
-19.119600000000002,-5.668200000000001
-19.176000000000002,-5.668200000000001
-19.176000000000002,-4.2722999999999995
-19.1055,-4.2722999999999995
-19.1055,-4.2722999999999995
-19.1055,-2.1995999999999998
-19.020899999999997,-2.1995999999999998
-19.020899999999997,-2.1995999999999998
-19.020899999999997,-3.1866
-18.8658,-3.1866
-18.8658,-3.1866
-18.8658,-6.8526
-18.6402,-6.8526
-18.6402,-6.8526
-18.6402,-8.6433
-18.4287,-11.1249
-18.4287,-11.1249
-18.4287,-11.1249
-17.9211,-11.1249
-14.198699999999999,-12.4362
-14.198699999999999,-12.4362
-13.8462,-12.4362
-17.7096,-13.254
-17.7096,-13.254
-17.8788,-13.254
-13.5642,-13.0707
-13.5642,-13.0707
-13.521899999999999,-13.0707
-13.521899999999999,-11.0544
-13.521899999999999,-11.0544
-13.7616,-11.0544
-13.7616,-7.698600000000001
-13.7616,-7.698600000000001
-13.719299999999999,-7.698600000000001
-13.719299999999999,-3.7365
-13.719299999999999,-3.7365
-13.634699999999999,-3.7365
-13.747499999999999,-2.2983000000000002
-13.747499999999999,-2.2983000000000002
-13.5642,-2.2983000000000002
-13.803899999999999,-2.1431999999999998
-13.803899999999999,-2.1431999999999998
-14.057699999999999,-2.1431999999999998
-10.9275,-1.1139
-10.9275,-1.1139
-10.8711,-1.1139
-14.311499999999999,-3.6096
-14.311499999999999,-3.6096
-13.8462,-3.6096
-10.8852,-6.1053
-10.8852,-6.1053
-10.716,-6.1053
-10.716,-8.262599999999999
-10.716,-8.262599999999999
-10.4622,-8.262599999999999
-10.7724,-9.024
-10.7724,-9.024
-10.4904,-8.8548
-10.8147,-8.8548
-10.8147,-8.8548
-10.7583,-7.867800000000001
-10.7583,-7.867800000000001
-10.7583,-7.867800000000001
-10.5891,-7.797300000000001
-10.6737,-7.797300000000001
-10.6737,-7.797300000000001
-10.6032,-6.0066
-8.600999999999999,-6.0066
-8.600999999999999,-6.0066
-8.431799999999999,-2.679
-8.431799999999999,-2.679
-8.431799999999999,-2.679
-8.544599999999999,-1.6356
-8.544599999999999,-1.6356
-8.544599999999999,-1.6356
-8.403599999999999,-1.551
-8.883,-1.551
-8.883,-1.551
-8.713799999999999,-2.0726999999999998
-8.713799999999999,-2.0726999999999998
-8.713799999999999,-2.0726999999999998
-8.544599999999999,-2.7354
-6.4719,-2.7354
-6.4719,-2.7354
-6.3168,-4.0466999999999995
-6.5706,-4.0466999999999995
-6.5706,-4.0466999999999995
-6.3732,-4.8363000000000005
-6.3732,-4.8363000000000005
-6.3732,-4.8363000000000005
-6.2322,-5.5413
-6.2322,-5.5413
-6.2322,-5.5413
-6.1194,-5.5413
-5.8938,-5.625900000000001
-4.2722999999999995,-4.3004999999999995
-4.1735999999999995,-4.3004999999999995
-4.1735999999999995,-4.3004999999999995
-5.8233,-2.538
-5.7669,-2.538
-5.7669,-2.538
-4.0889999999999995,-2.0162999999999998
-4.0748999999999995,-2.0162999999999998
-4.0607999999999995,-2.0162999999999998
-4.0607999999999995,-1.6074
-4.0748999999999995,-1.6074
-4.0748999999999995,-1.6074
-4.0748999999999995,-0.9165
-4.0184999999999995,-0.9165
-3.8352000000000004,-0.9165
-3.8352000000000004,-0.1974
-3.8352000000000004,-0.1974
-3.9339000000000004,-0.1974
-3.9339000000000004,-0.8883
-3.2007,-0.8883
-3.2007,-0.8883
-3.2007,-1.9317000000000002
-3.1866,-1.9317000000000002
-2.9046,-1.9317000000000002
-2.9046,-1.9317000000000002
-2.7918000000000003,-1.9176000000000002
-2.7918000000000003,-1.9176000000000002
-2.7918000000000003,-1.9176000000000002
-1.9599000000000002,-1.9317000000000002
-1.9599000000000002,-1.9317000000000002
-1.9599000000000002,-1.9317000000000002
-1.9880999999999998,-2.4534
-1.7484,-2.4534
-1.7484,-2.4534
-2.2701,-2.6085
-1.5369,-2.6085
-1.5369,-2.6085
-1.5933,-1.5651
-1.4241000000000001,-1.5651
-1.4241000000000001,-1.5651
-0.846,-0.8742
-0.846,-0.35250000000000004
-0.846,-0.35250000000000004
-0.8319,-0.35250000000000004
-0.4089,0.0141
-0.4089,0.0141
-0.1551,0.0141
-0.1551,0.2256
-0.1551,0.2256
-0.1692,0.2256
0.0141,0.2256
0.0141,0.6627
0.0564,0.6627
0.0564,0.6627
0.0564,0.7050000000000001
1.2126,0.7050000000000001
1.2126,0.7050000000000001
1.2126,-0.0987
1.3818,-0.0987
1.551,-0.0987
1.551,-0.26789999999999997
1.4100000000000001,-0.26789999999999997
1.8471,-0.26789999999999997
1.8471,-0.26789999999999997
2.6508,-0.26789999999999997
2.6508,-0.26789999999999997
2.6508,-0.26789999999999997
3.1161,-0.26789999999999997
3.1161,-0.26789999999999997
3.1161,-0.4371
3.1443,-0.4371
3.9339000000000004,-0.4371
3.9339000000000004,0.0
3.7647,0.0
3.7647,0.0
4.7376000000000005,1.0574999999999999
4.6530000000000005,1.0574999999999999
4.0748999999999995,1.0574999999999999
4.0748999999999995,1.4523
4.0466999999999995,1.4523
4.0466999999999995,2.0444999999999998
4.0466999999999995,2.0444999999999998
3.9761999999999995,2.0444999999999998
5.1747,2.4957
5.1747,2.4957
5.3439,2.4957
5.3439,3.0597
5.3439,3.0597
5.3157,3.0597
6.3027,3.2994
6.3027,3.2994
6.7116,3.2994
4.935,2.8623000000000003
4.935,2.8623000000000003
5.4426,2.8623000000000003
5.4426,2.0867999999999998
5.4426,2.0867999999999998
5.3721,2.0867999999999998
5.922,1.7625
5.922,1.7625
5.7669,1.7625
4.5402,1.7625
4.5402,1.7625
4.935,1.7625
6.627,1.9599000000000002
6.627,1.9599000000000002
6.345,1.9599000000000002
5.1747,2.1713999999999998
5.1747,2.1713999999999998
4.9773,2.1713999999999998
5.4003,2.0585999999999998
5.4003,2.0585999999999998
5.8374,2.0585999999999998
5.8374,2.7777
5.8374,2.7777
5.583600000000001,2.7777
5.8938,2.9751
5.8938,2.9751
5.8374,2.9751
5.1324,2.8059000000000003
5.1324,2.8059000000000003
5.597700000000001,3.0597
5.597700000000001,3.0597
5.597700000000001,3.0597
5.4567,2.3970000000000002
6.1053,2.3970000000000002
6.1053,2.3970000000000002
6.0207,2.3406000000000002
5.2593,2.3406000000000002
5.2593,2.3406000000000002
5.654100000000001,2.5239
5.654100000000001,2.5239
5.654100000000001,2.5239
5.583600000000001,2.3970000000000002
6.2604,2.3970000000000002
6.2604,2.3970000000000002
6.0348,2.1431999999999998
6.7821,2.1431999999999998
6.7821,2.1431999999999998
6.2181,2.0867999999999998
6.2181,2.0867999999999998
6.2181,2.0867999999999998
6.1053,2.1713999999999998
6.909,2.1713999999999998
6.909,2.1713999999999998
6.7116,2.3688000000000002
6.7116,2.3688000000000002
6.7116,2.3688000000000002
8.2203,2.679
8.2203,2.679
8.2203,2.679
6.8667,2.679
8.8971,3.2712
8.8971,3.2712
8.600999999999999,3.2712
7.5717,3.4686
7.5717,3.4686
8.3613,3.4686
8.3613,3.4968
8.3613,3.4968
9.0381,3.4968
9.0381,3.4968
7.0359,3.7506
6.8667,3.7506
7.769100000000001,3.7506
7.769100000000001,4.0325999999999995
8.488199999999999,4.0325999999999995
8.488199999999999,4.0325999999999995
8.488199999999999,3.666
9.2919,3.666
9.2919,3.666
9.2919,3.8493000000000004
9.1791,3.8493000000000004
10.4199,3.8493000000000004
7.853700000000001,3.9761999999999995
8.5869,3.9761999999999995
8.5869,3.9761999999999995
8.5869,3.7506
9.390600000000001,3.7506
9.390600000000001,3.7506
9.390600000000001,3.7506
9.2355,3.0315
10.3917,3.0315
10.3917,3.0315
11.449200000000001,3.7224
11.449200000000001,3.7224
11.449200000000001,3.7224
10.0251,4.2299999999999995
10.0251,4.2299999999999995
10.0251,4.2299999999999995
9.799499999999998,4.0889999999999995
10.716,4.0889999999999995
10.716,4.0889999999999995
11.5056,3.8775000000000004
11.5056,3.8775000000000004
11.5056,3.8775000000000004
12.3657,4.4415
12.3657,4.4415
12.3657,4.4415
12.1965,5.358
10.4622,5.597700000000001
13.2822,5.597700000000001
13.1271,5.597700000000001
13.1271,5.597700000000001
13.1271,4.7517000000000005
12.4221,4.7517000000000005
12.4221,4.7517000000000005
12.4221,4.6812000000000005
12.1965,4.6812000000000005
12.9861,4.6812000000000005
12.9861,5.4708
13.8462,5.4708
13.8462,5.4708
13.8462,6.0066
13.719299999999999,6.0066
13.719299999999999,6.0066
13.719299999999999,6.1476
15.425400000000002,6.1476
15.425400000000002,6.1476
15.425400000000002,6.2604
16.2855,6.2604
16.2855,6.2604
16.2855,6.4578
13.5642,6.4578
13.5642,6.4578
13.5642,6.2322
13.324499999999999,6.2322
14.1846,6.2322
14.1846,6.0348
14.9178,6.0348
14.9178,6.0348
14.9178,6.0348
15.510000000000002,6.0348
15.510000000000002,6.0348
15.510000000000002,6.2604
15.213899999999999,6.2604
16.1586,6.2604
16.1586,7.3884
15.806099999999999,7.3884
16.976399999999998,7.1628
16.976399999999998,7.1628
17.907,7.1628
15.0588,6.3873
15.0588,6.3873
14.7204,6.3873
15.777899999999999,6.8244
15.777899999999999,6.8244
15.411299999999999,6.8244
18.499200000000002,7.1628
18.499200000000002,7.1628
17.314799999999998,7.1628
17.314799999999998,7.5294
17.314799999999998,7.5294
17.0046,7.5294
18.0903,7.740900000000001
18.0903,7.740900000000001
17.780099999999997,7.740900000000001
19.2042,7.670400000000001
19.2042,7.670400000000001
20.0643,7.670400000000001
16.8777,7.1064
16.8777,7.1064
16.525199999999998,7.1064
21.389699999999998,7.5858
21.389699999999998,7.5858
20.8821,7.5858
18.612000000000002,8.262599999999999
18.612000000000002,8.262599999999999
19.3875,8.262599999999999
19.3875,8.1075
19.3875,8.1075
19.063200000000002,8.1075
20.5437,8.290799999999999
20.5437,8.290799999999999
20.1207,8.290799999999999
21.573,8.5869
21.573,8.5869
22.4331,8.5869
22.4331,8.5869
22.4331,8.9394
20.3463,9.714899999999998
20.3463,9.714899999999998
20.3463,9.714899999999998
19.8528,8.5869
21.009,8.5869
21.009,8.5869
21.8127,8.5869
21.8127,8.5869
21.8127,8.5869
22.7574,8.741999999999999
22.7574,8.741999999999999
22.7574,8.741999999999999
22.278,9.8136
23.6739,9.8136
23.6739,9.8136
20.1771,9.6867
20.1771,9.6867
20.1771,9.6867
20.8962,8.8971
20.8962,8.8971
20.8962,8.8971
20.3604,9.8418
21.728099999999998,9.8418
21.728099999999998,9.8418
22.5459,9.8418
22.5459,10.6032
22.5459,10.6032
23.5047,10.6032
23.5047,10.9134
23.5047,10.9134
20.6424,10.9134
24.5904,10.0392
24.5904,10.0392
21.4743,10.0392
21.4743,8.8407
21.4743,8.8407
22.137,8.8407
22.137,9.193200000000001
22.137,9.306000000000001
21.6294,9.306000000000001
23.0676,9.306000000000001
23.0676,9.6021
22.686899999999998,9.6021
22.686899999999998,9.6021
22.686899999999998,9.249600000000001
25.1826,9.249600000000001
25.1826,9.249600000000001
20.2758,8.3613
19.9233,8.3613
21.2487,8.3613
21.2487,8.3613
22.3062,9.4329
22.3062,9.4329
22.3062,9.4329
18.894000000000002,10.1379
18.894000000000002,10.1379
18.894000000000002,10.1379
22.898400000000002,10.1238
19.5567,10.1238
19.5567,10.1238
20.586,11.5056
20.586,11.5056
20.586,11.5056
20.2194,11.2659
21.573,11.2659
21.573,11.2659
21.2628,9.6867
22.785600000000002,9.6867
22.785600000000002,9.6867
23.716199999999997,8.8125
23.716199999999997,8.8125
23.716199999999997,8.8125
23.4765,8.149799999999999
21.0654,8.149799999999999
21.0654,8.149799999999999
20.7834,8.8689
21.996,8.8689
21.996,8.8689
22.842000000000002,7.3602
22.842000000000002,7.3602
22.842000000000002,7.839600000000001
23.5893,7.839600000000001
23.5893,7.839600000000001
23.5893,9.531600000000001
23.1663,9.531600000000001
20.5155,9.531600000000001
20.5155,10.8429
20.1912,10.8429
21.1218,10.8429
21.1218,11.1531
21.8268,11.1531
21.8268,11.1531
21.8268,10.4763
21.389699999999998,10.4763
21.389699999999998,10.4763
21.389699999999998,10.7301
21.0795,10.7301
19.2183,10.7301
19.2183,11.3223
18.9363,11.3223
18.9363,11.3223
18.9363,9.7854
18.5979,9.7854
20.4168,9.7854
20.4168,7.825500000000001
20.1066,7.825500000000001
21.009,7.825500000000001
21.009,8.0229
21.671699999999998,8.0229
21.671699999999998,8.0229
21.671699999999998,8.5587
21.4743,8.5587
18.908099999999997,8.5587
18.908099999999997,7.4871
18.612000000000002,7.4871
19.5285,7.4871
19.5285,6.5988
20.022,6.5988
20.022,7.825500000000001
20.022,7.825500000000001
19.6836,7.825500000000001
20.6283,10.1943
20.6283,10.1943
20.3181,10.1943
21.3756,10.6878
21.3756,10.6878
21.0654,10.6878
22.0242,10.011
22.0242,10.011
21.6999,10.011
22.743299999999998,8.8407
22.743299999999998,8.8407
22.743299999999998,8.8407
19.9233,9.362400000000001
19.9233,9.362400000000001
19.5567,9.362400000000001
20.4873,9.1509
20.4873,9.1509
20.2053,9.1509
21.164099999999998,8.459999999999999
21.164099999999998,8.459999999999999
20.7834,8.459999999999999
18.4851,8.657399999999999
18.4851,8.657399999999999
19.020899999999997,8.657399999999999
22.461299999999998,10.0392
22.461299999999998,10.0392
22.137,10.0392
19.655399999999997,9.6303
19.655399999999997,9.6303
19.317,9.6303
17.0751,9.6303
17.0751,8.713799999999999
17.526300000000003,8.713799999999999
17.526300000000003,8.713799999999999
17.526300000000003,9.277800000000001
17.1879,9.277800000000001
18.0339,9.277800000000001
18.0339,9.249600000000001
17.6391,8.6997
18.4287,8.6997
18.4287,8.6997
15.1998,9.4611
15.1998,9.4611
15.862499999999999,9.4611
15.622800000000002,8.8407
15.622800000000002,8.8407
15.622800000000002,8.8407
18.3018,7.3884
16.8495,7.3884
16.8495,7.3884
17.314799999999998,6.9513
17.314799999999998,6.9513
17.314799999999998,6.9513
17.089199999999998,6.9795
17.892899999999997,6.9795
17.892899999999997,6.9795
17.6814,6.9795
17.6814,6.2886
17.6814,6.2886
16.0881,6.2886
16.0881,5.0055
16.0881,5.0055
15.806099999999999,5.0055
19.9938,6.2181
19.9938,6.2181
19.6977,6.2181
17.2443,7.726800000000001
17.2443,7.726800000000001
16.9059,7.726800000000001
14.6922,8.3049
14.6922,8.3049
14.367899999999999,8.3049
18.3159,8.741999999999999
18.3159,8.741999999999999
17.9352,8.741999999999999
15.594600000000002,8.8689
15.594600000000002,9.7572
16.1022,9.7572
16.1022,9.7572
16.1022,9.4047
15.792000000000002,9.4047
13.4514,9.4047
13.4514,9.4047
13.254,7.5717
14.001299999999999,7.5717
14.001299999999999,7.5717
14.452499999999999,6.063
14.452499999999999,6.063
14.452499999999999,6.063
14.946,5.7951
14.946,5.7951
14.946,5.7951
11.8158,6.2322
12.4926,6.2322
12.4926,6.2322
12.9579,5.1747
12.9579,5.1747
12.9579,5.1747
9.9969,4.7940000000000005
9.9969,4.7940000000000005
9.9969,4.7940000000000005
9.7572,5.2452
10.3776,5.2452
10.3776,5.2452
10.1943,6.768
10.7865,6.768
10.7865,6.768
11.1813,6.0771
11.1813,6.0771
11.1813,6.0771
10.998,5.217
8.488199999999999,5.217
8.488199999999999,5.217
11.5338,5.1324
8.9676,5.1324
8.9676,5.1324
6.4437,3.8775000000000004
6.4437,3.8775000000000004
9.4329,3.1302
6.7539,3.1302
6.7539,3.1302
6.7539,2.8341000000000003
6.5847,2.8341000000000003
7.1064,2.8341000000000003
7.1064,3.3417
7.4307,3.3417
7.4307,3.3417
7.4307,3.4686
7.2615,3.4686
7.924200000000001,3.4686
7.924200000000001,2.961
7.726800000000001,2.961
5.3298,2.961
5.3298,4.1312999999999995
5.625900000000001,4.1312999999999995
5.625900000000001,4.1312999999999995
5.625900000000001,4.1594999999999995
5.4144,4.1594999999999995
6.0207,4.1594999999999995
6.0207,3.1443
5.8374,3.1443
6.3873,3.1443
2.538,3.0315
2.8200000000000003,3.0315
2.8200000000000003,3.0315
6.8949,3.2148
3.1725,3.2148
3.1725,3.2148
3.1725,2.7354
3.102,2.7354
3.5955,2.7354
3.5955,1.1844000000000001
4.1594999999999995,1.1844000000000001
4.1594999999999995,1.1844000000000001
4.1594999999999995,1.2972
4.7235000000000005,1.2972
4.7235000000000005,0.7896
4.7235000000000005,0.7896
4.6671000000000005,0.7896
1.0292999999999999,-0.0423
1.0292999999999999,-0.0423
1.4946,-0.0423
1.4946,-0.0705
1.4946,-0.0705
1.8753,-0.0705
1.8753,0.0846
1.8753,0.0846
1.7766,0.0846
2.3124000000000002,1.3959000000000001
2.3124000000000002,1.3959000000000001
2.9751,1.3959000000000001
2.9751,2.679
2.9751,2.679
3.3417,2.679
3.3417,2.0867999999999998
3.3417,2.0867999999999998
3.2289,2.0867999999999998
3.2289,1.1421000000000001
3.2289,1.1421000000000001
-1.9880999999999998,1.1421000000000001
-1.9880999999999998,1.1421000000000001
-1.9880999999999998,1.1421000000000001
-1.6638,1.1421000000000001
-1.6638,1.1421000000000001
-1.6638,1.1421000000000001
-1.7484,1.1421000000000001
-1.3536,1.1421000000000001
-1.3536,0.5781000000000001
-1.1562000000000001,0.5781000000000001
-1.1562000000000001,0.5781000000000001
-1.1562000000000001,0.29610000000000003
-1.1421000000000001,0.29610000000000003
-0.5781000000000001,0.29610000000000003
-0.5781000000000001,1.1421000000000001
-0.47940000000000005,1.1421000000000001
-0.0423,1.1421000000000001
-0.0423,-0.3243
0.6204,-2.1713999999999998
0.6204,-2.1713999999999998
0.6204,-2.1713999999999998
-7.4025,-2.1995999999999998
-7.4025,-2.1995999999999998
-7.4025,-2.1995999999999998
-7.4307,-1.8189
-7.4448,-1.8189
-7.4448,-1.8189
-7.4307,-0.9870000000000001
-7.4307,-0.9870000000000001
-7.4307,-0.9870000000000001
-7.5576,-0.9870000000000001
-7.5576,-0.7896
-7.5576,-0.7896
-7.2333,-0.7896
-7.2615,0.6768
-7.2615,0.6768
-6.909,0.6768
-6.909,-1.0151999999999999
-6.909,-1.0151999999999999
-6.4437,-1.0151999999999999
-6.4437,-4.0889999999999995
-6.4437,-4.0889999999999995
-6.0066,-4.0889999999999995
-5.7528,-4.7376000000000005
-5.7528,-4.7376000000000005
-5.0478,-4.7376000000000005
-5.0478,-5.1324
-5.0478,-5.1324
-19.176000000000002,-5.1324
-19.176000000000002,-5.7951
-19.176000000000002,-5.7951
-19.035,-5.7951
-20.022,-5.7528
-20.022,-5.7528
-21.3756,-5.7528
-21.3756,-3.2712
-21.3756,-3.2712
-22.926599999999997,-1.3254
-22.926599999999997,-1.3254
-22.926599999999997,-1.3254
-22.1511,-0.423
-24.0969,-0.423
-24.0969,-0.423
-22.982999999999997,-3.9902999999999995
-25.1967,-3.9902999999999995
-25.1967,-3.9902999999999995
-27.3399,-8.572799999999999
-27.3399,-8.572799999999999
-27.3399,-8.572799999999999
-25.521,-11.280000000000001
-25.521,-11.280000000000001
-25.521,-11.280000000000001
-23.7021,-14.664
-32.1762,-14.664
-32.1762,-14.664
-36.448499999999996,-16.9905
-36.448499999999996,-16.9905
-36.448499999999996,-16.9905
-34.4886,-16.1727
-41.073299999999996,-16.1727
-41.073299999999996,-16.1727
-69.3861,-14.946
-81.1032,-14.946
-81.1032,-14.946
-95.457,-12.9156
-95.457,-12.9156
-95.457,-12.9156
-93.89189999999999,-8.234399999999999
-113.40629999999999,-8.234399999999999
-113.40629999999999,-8.234399999999999
-111.7143,-10.434
-135.4023,-10.434
-135.4023,-10.434
-159.2595,-14.1
-159.2595,-14.1
-159.2595,-14.1
-156.1011,-17.0187
-186.9942,-17.0187
-186.9942,-22.1088
-184.2306,-22.1088
-215.2365,-22.1088
-215.2365,-26.3952
-212.628,-26.3952
-241.47660000000002,-26.3952
-241.47660000000002,-27.650100000000002
-239.47440000000003,-27.650100000000002
-138.5889,-27.650100000000002
-261.9498,-27.762900000000002
-137.8698,-27.762900000000002
-142.81889999999999,-27.762900000000002
-142.81889999999999,-27.8052
-145.5966,-27.8052
-145.5966,-27.8052
-145.5966,-27.8616
-145.2864,-27.8616
-145.8222,-27.8616
-145.8222,-27.833399999999997
-145.7517,-27.833399999999997
-145.7517,-27.833399999999997
-145.7517,-27.8616
-142.0434,-27.8616
-142.0434,-27.8616
-142.0434,-27.8616
-142.4946,-27.8616
-142.4946,-27.8616
-142.4946,-27.8616
-105.03089999999999,-27.8616
-103.6209,-27.8616
-103.6209,-27.8616
-102.29549999999999,-27.8616
-102.29549999999999,-27.8616
-102.29549999999999,-27.8616
-102.6057,-27.8616
-82.0056,-27.8616
-82.0056,-27.8616
-81.9774,-27.8616
-81.9774,-27.833399999999997
-81.9774,-27.833399999999997
-81.2724,-27.833399999999997
-81.2724,-27.7347
-81.2724,-27.7347
-81.3429,-27.7347
-81.3429,-27.7347
-81.3429,-27.7347
-81.3288,-27.7347
-66.7212,-27.7347
-66.7212,-27.7347
-67.1442,-27.7347
-67.1442,-27.7347
-67.1442,-27.7347
-67.1724,-27.7347
-67.1724,-27.706500000000002
-67.1724,-27.706500000000002
-56.865300000000005,-27.706500000000002
-57.203700000000005,-27.7347
-57.203700000000005,-27.7347
-57.2178,-27.7347
-57.2178,-27.7347
-57.2178,-27.706500000000002
-57.2178,-27.706500000000002
-57.2178,-27.706500000000002
-57.2178,-27.762900000000002
-56.865300000000005,-27.762900000000002
-57.40109999999999,-27.762900000000002
-49.5897,-27.833399999999997
-49.8012,-27.833399999999997
-49.8012,-27.833399999999997
-49.8012,-27.833399999999997
-49.7589,-27.833399999999997
-49.7589,-27.833399999999997
-49.7589,-25.8876
-49.2936,-25.8876
-49.2936,-25.8876
-49.2936,-23.3073
-50.2806,-23.3073
-50.2806,-23.3073
-50.2806,-23.2791
-44.4291,-20.6706
-44.4291,-20.6706
-44.4291,-20.6706
-44.0343,-17.343
-44.781600000000005,-17.343
-44.781600000000005,-17.343
-45.148199999999996,-17.343
-45.148199999999996,-17.314799999999998
-45.148199999999996,-17.314799999999998
-45.4161,-17.314799999999998
-45.4161,-17.625
-45.4161,-17.625
-45.049499999999995,-17.625
-40.4952,-19.6977
-40.4952,-19.6977
-40.9182,-19.6977
-40.9182,-19.880999999999997
-40.9182,-19.880999999999997
-41.2425,-19.880999999999997
-41.2425,-20.0079
-41.2425,-20.0079
-40.8336,-20.0079
-41.8206,-21.6435
-41.8206,-21.6435
-37.717499999999994,-21.6435
-42.328199999999995,-21.8691
-42.328199999999995,-21.8691
-42.0603,-21.8691
-42.0603,-19.317
-42.0603,-19.317
-41.7783,-19.317
-38.6763,-16.6803
-38.6763,-16.6803
-38.4084,-16.6803
-39.2544,-16.6521
-39.2544,-16.6521
-39.0006,-16.6521
-39.6774,-16.4547
-39.6774,-16.4547
-39.4377,-16.017599999999998
-39.4377,-16.017599999999998
-39.4377,-16.017599999999998
-39.19799999999999,-16.6803
-36.758700000000005,-16.6803
-36.758700000000005,-16.6803
-37.3932,-17.6532
-37.3932,-17.6532
-37.3932,-17.6532
-37.1817,-17.6532
-37.816199999999995,-17.6532
-37.816199999999995,-17.6532
-37.604699999999994,-17.413500000000003
-38.281499999999994,-17.413500000000003
-38.281499999999994,-17.413500000000003
-38.7891,-17.780099999999997
-38.7891,-17.780099999999997
-38.7891,-17.780099999999997
-39.1275,-18.118499999999997
-39.1275,-18.118499999999997
-39.1275,-18.118499999999997
-39.0006,-16.581599999999998
-39.53639999999999,-16.581599999999998
-39.53639999999999,-16.581599999999998
-36.4908,-15.552299999999999
-36.4908,-15.552299999999999
-36.4908,-15.552299999999999
-36.349799999999995,-15.495899999999999
-36.871500000000005,-15.495899999999999
-36.871500000000005,-15.495899999999999
-36.7446,-16.0881
-37.238099999999996,-16.0881
-37.238099999999996,-16.0881
-37.590599999999995,-16.497
-37.590599999999995,-16.497
-37.590599999999995,-16.497
-37.4637,-17.1879
-37.9713,-17.1879
-37.9713,-17.1879
-37.8726,-17.5545
-35.1795,-17.5545
-35.1795,-16.863599999999998
-35.4897,-16.863599999999998
-35.4897,-16.863599999999998
-35.4897,-16.863599999999998
-35.3769,-16.863599999999998
-35.8281,-16.863599999999998
-35.8281,-16.8354
-35.7153,-16.8354
-36.236999999999995,-16.8354
-36.236999999999995,-16.6521
-36.547200000000004,-16.6521
-36.547200000000004,-16.6521
-36.547200000000004,-16.497
-36.871500000000005,-16.497
-36.871500000000005,-16.497
-36.871500000000005,-15.524099999999999
-36.800999999999995,-15.524099999999999
-37.2099,-15.524099999999999
-37.2099,-14.5512
-37.5201,-14.5512
-37.5201,-14.5512
-37.5201,-14.5512
-37.7598,-14.5512
-37.7598,-14.5512
-37.7598,-15.270299999999999
-37.717499999999994,-15.270299999999999
-35.0244,-15.270299999999999
-35.0244,-15.270299999999999
-38.2251,-15.806099999999999
-38.2251,-15.806099999999999
-38.2251,-15.806099999999999
-35.560199999999995,-16.3701
-35.560199999999995,-16.3701
-35.560199999999995,-16.3701
-35.5038,-17.2725
-35.8422,-17.2725
-35.8422,-17.2725
-36.081900000000005,-18.1608
-36.081900000000005,-18.2595
-36.081900000000005,-18.2595
-36.3216,-18.2595
-36.3216,-17.8788
-36.3216,-17.8788
-36.2652,-17.8788
-36.5895,-17.7519
-36.5895,-17.7519
-36.8151,-17.7519
-36.8151,-16.525199999999998
-36.8151,-16.525199999999998
-36.758700000000005,-16.525199999999998
-36.913799999999995,-14.9178
-36.913799999999995,-14.9178
-36.8574,-14.9178
-37.153499999999994,-14.9178
-37.153499999999994,-14.424299999999999
-37.3086,-14.424299999999999
-37.3086,-14.424299999999999
-37.3086,-14.198699999999999
-34.2066,-14.198699999999999
-34.4322,-14.198699999999999
-34.4322,-14.424299999999999
-34.3194,-14.424299999999999
-34.6155,-14.424299999999999
-34.6155,-15.228
-34.516799999999996,-15.228
-34.516799999999996,-15.228
-34.516799999999996,-16.5534
-31.851899999999997,-16.5534
-31.851899999999997,-16.5534
-31.851899999999997,-17.6532
-31.668599999999998,-17.6532
-31.668599999999998,-17.6532
-31.668599999999998,-18.062099999999997
-32.0916,-18.062099999999997
-32.0916,-18.062099999999997
-32.0916,-17.469900000000003
-31.936500000000002,-17.469900000000003
-32.2326,-17.469900000000003
-32.2326,-15.735600000000002
-32.1057,-15.735600000000002
-32.43,-14.790899999999999
-32.43,-14.790899999999999
-32.3031,-14.790899999999999
-32.3031,-13.2258
-32.3031,-13.2258
-32.1762,-13.2258
-32.8389,-11.5902
-32.8389,-11.5902
-32.711999999999996,-11.5902
-29.976599999999998,-11.0544
-29.976599999999998,-11.0544
-29.7933,-11.0544
-30.216299999999997,-11.0826
-30.216299999999997,-11.0826
-30.0189,-11.0826
-30.0189,-12.4644
-30.0189,-12.4644
-29.7792,-12.4644
-30.653399999999998,-14.3538
-30.653399999999998,-14.3538
-30.4137,-14.3538
-27.7911,-15.806099999999999
-27.7911,-15.806099999999999
-28.0308,-15.806099999999999
-28.0308,-16.186799999999998
-28.0308,-16.186799999999998
-27.7911,-16.186799999999998
-28.3551,-15.1716
-28.3551,-15.1716
-28.1436,-15.1716
-28.679399999999998,-14.5512
-28.679399999999998,-14.5512
-29.1447,-14.5512
-29.1447,-13.352699999999999
-29.1447,-13.352699999999999
-29.0037,-13.352699999999999
-26.5221,-11.2095
-26.5221,-11.2095
-26.352899999999998,-9.4611
-26.987399999999997,-9.4611
-26.987399999999997,-9.4611
-24.5763,-9.616200000000001
-24.5763,-9.616200000000001
-24.5763,-9.616200000000001
-27.269399999999997,-10.1802
-27.918,-10.1802
-27.918,-10.1802
-27.7488,-10.7724
-25.4082,-10.7724
-25.4082,-10.7724
-25.8312,-11.844
-25.8312,-11.844
-25.8312,-11.844
-25.619699999999998,-12.8169
-26.2683,-12.8169
-26.2683,-12.8169
-26.0568,-12.9156
-26.7195,-12.9156
-26.7195,-12.9156
-24.3366,-12.5631
-24.3366,-12.5631
-24.3366,-12.5631
-24.1392,-13.2258
-24.7596,-13.2258
-24.7596,-13.2258
-27.4668,-12.5772
-25.168499999999998,-12.5772
-25.168499999999998,-12.5772
-22.982999999999997,-10.9416
-22.982999999999997,-10.9416
-22.982999999999997,-10.9416
-22.8138,-10.716
-23.377799999999997,-10.716
-23.377799999999997,-10.716
-23.194499999999998,-10.2789
-21.276899999999998,-10.2789
-21.276899999999998,-10.2789
-21.615299999999998,-10.2789
-21.615299999999998,-9.2073
-21.615299999999998,-9.1791
-21.4179,-9.1791
-21.9678,-9.1791
-21.9678,-9.743099999999998
-21.728099999999998,-9.743099999999998
-22.2639,-9.743099999999998
-22.2639,-9.771299999999998
-22.616400000000002,-9.771299999999998
-22.616400000000002,-9.771299999999998
-18.1608,-9.771299999999998
-17.9352,-9.771299999999998
-16.4547,-9.771299999999998
-16.4547,-9.6867
-18.217200000000002,-9.6867
-16.6521,-9.6867
-16.6521,-9.2355
-16.8354,-9.2355
-16.8354,-9.2355
-16.8354,-9.362400000000001
-16.581599999999998,-9.362400000000001
-17.0751,-9.362400000000001
-17.0751,-9.362400000000001
-16.919999999999998,-9.714899999999998
-15.312600000000002,-9.714899999999998
-15.312600000000002,-9.714899999999998
-15.566400000000002,-8.516399999999999
-15.566400000000002,-8.516399999999999
-15.566400000000002,-8.516399999999999
-13.832099999999999,-6.6693
-13.832099999999999,-6.6693
-13.832099999999999,-6.6693
-13.662899999999999,-6.4437
-14.114099999999999,-6.4437
-14.114099999999999,-6.4437
-14.382,-5.8797
-14.382,-5.8797
-14.382,-5.8797
-14.198699999999999,-5.668200000000001
-12.5913,-5.5695
-12.5913,-5.5695
-12.408,-5.5695
-10.7583,-5.5413
-10.7583,-5.5413
-10.9416,-5.5413
-10.9416,-5.5413
-10.9416,-5.5413
-11.1249,-5.5413
-11.1249,-5.5413
-11.1249,-5.5413
-10.9275,-5.5413
-11.336400000000001,-5.5413
-9.0945,-6.2181
-9.2073,-6.2181
-9.2073,-6.2181
-9.2073,-6.3591
-9.4047,-6.3591
-9.4047,-6.3591
-9.4047,-5.0337
-9.2637,-5.0337
-9.2637,-5.0337
-9.2637,-4.1876999999999995
-9.827699999999998,-4.1876999999999995
-9.827699999999998,-4.1876999999999995
-7.3602,-4.2158999999999995
-7.5717,-4.2158999999999995
-7.5717,-4.2158999999999995
-7.5717,-3.525
-7.5717,-3.525
-7.712700000000001,-3.525
-7.712700000000001,-2.1995999999999998
-7.642200000000001,-2.1995999999999998
-5.2734,-2.1995999999999998
-7.910100000000001,-2.4816
-8.065199999999999,-2.4816
-8.065199999999999,-2.4816
-8.065199999999999,-3.5532
-7.952399999999999,-3.5532
-5.3439,-3.5532
-5.3439,-3.4968
-5.2593,-3.4968
-5.3862,-2.8905
-5.3862,-2.8905
-5.4144,-2.8905
-5.4144,-3.0456
-5.4144,-3.0456
-5.2875,-3.0456
-5.3862,-3.0315
-5.3862,-3.0315
-5.3298,-3.0315
-5.499,-3.1443
-5.499,-3.1443
-5.5554,-3.1443
-5.5554,-3.0597
-5.5554,-3.0597
-5.5272,-3.0597
-5.5554,-1.8189
-5.5554,-1.8189
-5.499,-1.8189
-5.611800000000001,-1.8048
-5.611800000000001,-1.8048
-5.682300000000001,-1.8048
-5.682300000000001,-1.8048
-5.682300000000001,-1.8048
-5.611800000000001,-1.8048
-5.611800000000001,-1.8048
-5.611800000000001,-1.8048
-5.5413,-1.8048
-1.3395,-1.7907
-1.3395,-1.7907
-1.0997999999999999,-1.7907
-1.0997999999999999,-2.1431999999999998
-1.0997999999999999,-2.1431999999999998
-5.5413,-2.1431999999999998
-0.8319,-2.9469
-0.8319,-2.9469
-0.7191,-2.9469
-0.4653,-2.9892
-0.4653,-2.9892
-0.3102,-2.9892
-0.3102,-2.9892
-0.3102,-2.9892
-0.1551,-1.7907
-0.1551,-1.7907
-0.1551,-1.7907
0.0,0.5216999999999999
0.26789999999999997,0.5216999999999999
0.26789999999999997,0.5216999999999999
0.5922000000000001,-0.8601
0.5922000000000001,-0.8601
0.5922000000000001,-0.8601
0.3948,-0.7332
6.0771,-0.7332
6.0771,-0.7332
5.9079,1.7484
6.7116,1.7484
6.7116,1.7484
7.4448,1.833
7.4448,1.833
7.4448,1.833
7.2051,0.7614
7.980599999999999,0.7614
7.980599999999999,0.7614
7.4871,0.26789999999999997
8.5587,0.26789999999999997
8.5587,0.26789999999999997
9.559800000000001,3.1302
9.559800000000001,3.1302
9.559800000000001,3.1302
10.5186,4.5684000000000005
10.5186,4.5684000000000005
10.5186,4.5684000000000005
9.9828,4.5684000000000005
11.745299999999999,4.1453999999999995
11.745299999999999,4.1453999999999995
13.239899999999999,4.1453999999999995
13.239899999999999,4.7940000000000005
13.239899999999999,4.7940000000000005
12.7887,4.7940000000000005
14.805,6.0066
14.805,6.0771
14.3256,6.0771
17.201999999999998,6.0771
17.201999999999998,5.2452
20.1771,5.2452
20.1771,5.2452
20.1771,4.8081000000000005
24.830099999999998,4.8081000000000005
28.566599999999998,4.8081000000000005
28.566599999999998,5.3862
28.0731,5.3862
31.851899999999997,5.3862
27.5796,6.6693
35.9409,6.6693
35.9409,6.6693
35.9409,6.6693
39.4377,6.5142
39.4377,6.5142
39.4377,6.5142
43.752300000000005,8.9817
43.752300000000005,8.9817
43.752300000000005,8.9817
47.6298,13.352699999999999
47.6298,13.352699999999999
47.6298,13.352699999999999
51.9021,16.5675
51.9021,16.5675
51.9021,16.5675
49.885799999999996,19.9656
56.569199999999995,19.9656
56.569199999999995,19.9656
61.0953,24.111
61.0953,24.111
61.0953,24.111
55.8783,26.5503
55.8783,26.5503
55.8783,26.5503
54.3978,27.1848
58.3458,27.3399
58.3458,27.3399
61.081199999999995,27.3399
61.081199999999995,27.3399
61.081199999999995,26.1696
63.2949,26.1696
63.2949,26.1696
63.2949,25.6479
62.1105,25.6479
65.3253,25.6479
65.3253,27.706500000000002
67.821,27.706500000000002
67.821,27.706500000000002
67.821,25.901699999999998
69.28739999999999,25.901699999999998
69.28739999999999,25.901699999999998
69.28739999999999,23.688
68.2863,23.688
70.9512,23.688
70.9512,25.5774
70.0629,25.5774
72.1779,25.5774
58.4727,27.551399999999997
59.1918,27.551399999999997
59.1918,27.551399999999997
73.2213,27.7347
72.4881,27.7347
74.2647,27.7347
59.9673,27.776999999999997
59.3187,27.776999999999997
60.6159,27.776999999999997
60.6159,27.819300000000002
61.137600000000006,27.819300000000002
61.137600000000006,27.819300000000002
61.137600000000006,27.819300000000002
61.476000000000006,27.819300000000002
61.476000000000006,27.819300000000002
61.476000000000006,26.5503
61.053,26.5503
61.8003,26.5503
61.8003,25.5774
62.3361,25.5774
62.3361,26.5785
62.3361,26.5785
62.6322,26.5785
62.6322,25.5351
62.6322,25.5351
62.321999999999996,25.5351
62.7309,25.901699999999998
62.7309,25.901699999999998
62.914199999999994,25.901699999999998
62.914199999999994,26.3247
62.914199999999994,26.3247
62.6181,26.3247
63.0693,27.072
63.0693,27.072
62.7591,27.072
63.1257,27.8052
63.1257,27.8052
53.622299999999996,27.8052
53.622299999999996,27.8475
53.622299999999996,27.8475
53.3121,27.8475
63.111599999999996,27.8475
63.111599999999996,27.8475
62.801399999999994,27.8475
53.8761,27.8475
53.8761,27.8475
53.7915,27.8475
53.7915,27.833399999999997
53.7915,27.833399999999997
53.5377,27.833399999999997
53.8902,27.833399999999997
53.8902,27.833399999999997
53.5518,27.833399999999997
54.0171,25.5492
54.0171,25.5492
53.847899999999996,25.5492
53.847899999999996,23.7444
53.847899999999996,23.7444
53.5518,23.5752
53.9184,23.5752
53.9184,23.5752
53.6082,20.6142
53.932500000000005,20.6142
53.932500000000005,20.6142
53.8338,20.5155
53.8338,20.5155
53.8338,20.5155
53.4531,20.3181
53.7774,20.3181
53.7774,20.3181
53.3826,20.868
53.6505,20.868
53.6505,20.868
53.4813,22.856099999999998
53.4813,22.856099999999998
53.4813,22.856099999999998
53.0019,24.830099999999998
53.0019,24.830099999999998
53.0019,24.830099999999998
52.480199999999996,26.2683
44.0625,26.2683
44.0625,26.2683
43.9215,26.2683
43.9215,26.296499999999998
43.9215,26.296499999999998
43.3857,26.296499999999998
43.71,26.3247
43.71,26.3247
43.216499999999996,26.3247
43.667699999999996,25.394099999999998
43.667699999999996,25.394099999999998
43.8087,25.394099999999998
43.8087,23.4624
43.8087,23.4624
43.5126,23.4624
43.9497,20.0361
43.9497,20.0361
43.6254,20.0361
44.132999999999996,15.411299999999999
44.132999999999996,13.944899999999999
44.3445,13.944899999999999
44.3445,13.944899999999999
44.3445,13.606499999999999
44.0484,13.606499999999999
44.4996,13.606499999999999
44.4996,13.578299999999999
44.2035,13.578299999999999
44.2035,13.578299999999999
44.2035,13.578299999999999
44.8803,14.931899999999999
44.8803,14.931899999999999
44.8803,14.931899999999999
44.922599999999996,16.863599999999998
44.922599999999996,16.863599999999998
44.922599999999996,16.863599999999998
44.5137,20.3745
45.1059,20.3745
45.1059,20.3745
38.041799999999995,23.6175
38.041799999999995,23.6175
38.041799999999995,23.6175
38.6763,23.9841
38.6763,23.9841
38.6763,23.9841
38.3379,24.0405
38.8878,24.0405
38.8878,24.0405
39.08519999999999,23.124
39.08519999999999,23.124
39.08519999999999,23.124
38.8878,21.0231
39.4095,21.0231
39.4095,21.0231
39.2544,17.2302
39.5646,17.2302
39.5646,17.2302
39.3813,12.7323
39.7338,12.7323
39.7338,11.562
39.9594,11.562
39.9594,11.562
39.9594,11.660699999999999
39.7902,11.660699999999999
40.1286,11.660699999999999
40.1286,12.4362
39.9171,12.4362
40.2273,12.4362
40.2273,13.380899999999999
40.326,13.380899999999999
40.326,13.380899999999999
40.326,16.1022
40.0158,16.1022
40.2978,16.1022
40.2978,19.3593
39.9735,19.3593
40.2414,19.3593
34.9116,22.0947
34.530899999999995,22.0947
34.8975,22.0947
40.2132,22.179299999999998
34.516799999999996,22.179299999999998
34.8975,22.179299999999998
34.8975,21.840899999999998
34.5591,21.840899999999998
34.8975,21.840899999999998
34.8975,20.163
35.0244,20.163
35.0244,20.163
35.0244,17.6391
34.855199999999996,17.6391
35.193599999999996,17.6391
35.193599999999996,14.396099999999999
34.982099999999996,14.396099999999999
35.2923,14.396099999999999
35.2923,10.2084
35.391,10.2084
35.391,10.2084
35.391,9.9264
35.1795,9.9264
35.4897,10.575
35.4897,10.575
35.2359,10.575
35.560199999999995,11.604299999999999
35.560199999999995,11.604299999999999
35.6166,11.604299999999999
35.6166,12.6054
35.6166,12.6054
35.2641,12.6054
35.6166,15.284400000000002
35.6166,15.284400000000002
30.893099999999997,15.284400000000002
31.273799999999998,18.189
31.273799999999998,18.189
30.9213,18.189
30.9213,19.6272
30.9213,19.6272
31.442999999999998,19.6272
31.442999999999998,19.5144
31.442999999999998,19.5144
31.1469,19.5144
31.640400000000003,18.753
31.640400000000003,18.753
31.894199999999998,18.753
31.894199999999998,17.1597
31.894199999999998,17.1597
32.1339,17.1597
32.1339,13.268099999999999
32.1339,13.268099999999999
31.964699999999997,13.268099999999999
32.373599999999996,9.7854
32.373599999999996,9.7854
32.5851,9.7854
32.5851,9.7854
32.5851,9.0945
32.7966,9.0945
32.7966,9.0945
32.7966,9.531600000000001
32.571,10.716
32.9658,10.716
32.9658,10.716
29.412599999999998,13.239899999999999
29.412599999999998,13.239899999999999
29.412599999999998,13.239899999999999
29.1024,14.7486
29.4831,14.7486
29.4831,14.7486
32.8671,16.4406
29.5959,16.4406
29.5959,16.4406
29.694599999999998,18.3018
29.694599999999998,18.3018
29.694599999999998,18.3018
29.877900000000004,18.386400000000002
29.877900000000004,18.386400000000002
29.877900000000004,18.386400000000002
29.6805,18.386400000000002
30.103499999999997,15.213899999999999
30.103499999999997,15.213899999999999
30.272699999999997,15.213899999999999
30.272699999999997,12.2952
30.272699999999997,12.2952
30.1317,12.2952
30.5124,11.139
30.5124,11.139
30.3573,11.139
30.3573,9.714899999999998
30.3573,9.714899999999998
30.8085,9.714899999999998
30.8085,9.024
30.8085,9.024
30.949499999999997,9.024
30.949499999999997,10.0392
30.949499999999997,10.0392
30.6957,10.0392
27.875700000000002,12.9015
27.875700000000002,12.9015
27.932100000000002,12.9015
27.932100000000002,14.649899999999999
27.932100000000002,15.721499999999999
27.9603,15.721499999999999
27.9603,15.721499999999999
27.9603,15.721499999999999
27.650100000000002,16.412399999999998
28.002599999999997,16.412399999999998
28.002599999999997,16.412399999999998
28.044900000000002,16.9482
28.044900000000002,16.9482
28.044900000000002,16.9482
28.1859,17.061
28.1859,17.061
28.1859,17.061
28.002599999999997,14.2692
28.3551,14.2692
28.3551,14.2692
25.5915,10.434
25.5915,10.434
25.5915,10.434
25.7748,9.334200000000001
25.7748,9.334200000000001
25.7748,9.334200000000001
25.5774,8.798399999999999
25.9863,8.798399999999999
25.9863,8.798399999999999
25.7466,8.741999999999999
26.127299999999998,8.741999999999999
26.127299999999998,8.741999999999999
26.240099999999998,9.503400000000001
26.240099999999998,9.503400000000001
26.240099999999998,9.503400000000001
25.958099999999998,11.3223
25.958099999999998,11.3223
25.958099999999998,11.3223
25.676099999999998,12.3657
23.8572,12.3657
23.8572,12.3657
23.97,13.0707
23.97,13.0707
23.97,13.352699999999999
23.688,13.352699999999999
24.1815,13.352699999999999
24.1815,13.3668
23.9136,13.3668
21.855,13.3668
21.855,13.3668
22.0524,13.3668
22.0524,13.3668
22.0524,12.6336
21.8691,12.6336
22.334400000000002,12.6336
22.334400000000002,10.2225
22.1511,10.2225
22.574099999999998,10.2225
22.574099999999998,8.741999999999999
22.8843,8.741999999999999
22.8843,8.741999999999999
22.8843,8.459999999999999
22.743299999999998,8.459999999999999
23.194499999999998,8.459999999999999
23.194499999999998,7.2756
23.0535,7.2756
23.490599999999997,7.2756
23.490599999999997,6.8808
23.321399999999997,6.8808
23.321399999999997,6.8808
23.321399999999997,8.234399999999999
23.1099,8.234399999999999
21.6012,8.234399999999999
21.6012,10.2507
21.4038,10.2507
21.840899999999998,10.2507
21.840899999999998,11.139
22.0524,11.139
22.0524,11.139
22.0524,11.745299999999999
21.8127,11.745299999999999
22.2075,11.745299999999999
22.2075,11.745299999999999
21.996,12.6759
22.461299999999998,12.6054
22.461299999999998,12.6054
22.686899999999998,12.6054
22.686899999999998,11.223600000000001
22.686899999999998,11.223600000000001
22.517699999999998,11.223600000000001
22.8702,9.940499999999998
22.8702,9.940499999999998
22.701,9.940499999999998
20.8398,8.8689
20.8398,8.8689
21.0936,8.8689
21.0936,8.4177
21.0936,8.4177
20.9103,8.4177
21.276899999999998,8.0229
21.276899999999998,8.0229
21.0513,8.0229
21.4602,8.093399999999999
21.4602,8.093399999999999
21.2346,8.093399999999999
21.2346,9.4329
21.6012,9.4329
21.389699999999998,9.4329
21.7563,9.4329
19.6413,9.87
19.429799999999997,9.87
19.7964,9.87
19.7964,9.771299999999998
19.542599999999997,9.771299999999998
19.937399999999997,9.771299999999998
19.937399999999997,9.940499999999998
19.711799999999997,9.940499999999998
20.0784,9.940499999999998
20.0784,10.434
19.8951,10.434
20.3181,10.434
20.3181,10.3776
20.1348,8.8125
20.1348,8.8125
20.1348,8.8125
19.9515,7.867800000000001
20.7411,7.867800000000001
20.7411,7.867800000000001
20.5719,7.867800000000001
20.9808,7.867800000000001
20.9808,7.867800000000001
21.276899999999998,7.867800000000001
21.276899999999998,7.867800000000001
21.276899999999998,7.867800000000001
21.0936,7.867800000000001
21.5448,7.867800000000001
21.5448,7.867800000000001
21.3474,7.867800000000001
19.3311,8.149799999999999
19.3311,8.149799999999999
20.0361,8.149799999999999
20.0361,9.4611
20.0361,9.4611
19.824599999999997,9.4611
19.824599999999997,10.2225
19.824599999999997,10.2225
19.5567,10.2225
20.4873,10.434
20.4873,10.434
20.2899,10.434
20.7552,10.6596
20.7552,10.6596
21.0231,10.6596
21.0231,9.7572
21.0231,9.7572
20.868,9.7572
21.3474,8.685599999999999
21.3474,8.685599999999999
21.1923,8.685599999999999
19.2606,7.980599999999999
19.2606,7.980599999999999
19.9797,7.980599999999999
19.9797,7.712700000000001
19.9797,7.712700000000001
19.8528,7.698600000000001
20.2899,7.698600000000001
20.2899,7.698600000000001
20.1066,7.867800000000001
20.5578,7.867800000000001
20.5578,7.867800000000001
19.119600000000002,8.4177
19.119600000000002,8.4177
19.119600000000002,8.4177
18.950400000000002,9.249600000000001
19.345200000000002,9.249600000000001
19.345200000000002,9.249600000000001
19.1619,9.6585
19.1619,9.6585
19.1619,9.6585
19.8669,9.644400000000001
19.8669,9.644400000000001
19.8669,9.644400000000001
19.6977,9.644400000000001
19.6977,9.644400000000001
19.6977,9.644400000000001
19.5567,9.277800000000001
18.4146,9.277800000000001
18.4146,9.277800000000001
18.2595,8.0511
18.6966,8.0511
18.6966,8.0511
18.5415,7.5999
18.964499999999997,7.5999
18.964499999999997,7.5999
18.8235,7.5435
19.2465,7.5435
19.2465,7.5435
19.077299999999997,7.853700000000001
17.5545,7.853700000000001
17.5545,7.853700000000001
17.3853,7.980599999999999
17.780099999999997,7.980599999999999
17.780099999999997,8.206199999999999
17.596799999999998,8.206199999999999
18.0198,8.206199999999999
18.0198,8.657399999999999
18.2454,8.657399999999999
18.2454,8.657399999999999
18.2454,8.9112
18.0762,8.9112
18.4851,8.9112
18.4851,9.0804
18.330000000000002,9.0804
18.7671,9.0804
18.7671,8.713799999999999
17.061,8.713799999999999
17.061,8.713799999999999
17.061,7.740900000000001
16.863599999999998,7.740900000000001
17.2725,7.740900000000001
17.2725,7.5294
17.1033,7.5294
15.890699999999999,7.5294
17.540399999999998,7.3884
17.780099999999997,7.3884
17.780099999999997,7.3884
16.1022,7.3179
15.947099999999999,7.3179
16.3842,7.3179
16.3842,6.9231
16.2291,6.9231
16.637999999999998,6.9231
16.637999999999998,6.9231
16.8918,6.7257
16.8918,6.7257
16.8918,6.7257
14.819099999999999,7.05
15.2562,7.05
15.2562,7.05
17.0046,7.797300000000001
15.538200000000002,7.797300000000001
15.538200000000002,7.797300000000001
15.820200000000002,7.740900000000001
15.820200000000002,7.2051
15.820200000000002,7.2051
16.073999999999998,7.2051
16.073999999999998,7.2333
16.073999999999998,7.2333
15.904799999999998,7.2333
16.3419,7.726800000000001
16.3419,7.726800000000001
16.694399999999998,7.726800000000001
16.694399999999998,7.4589
16.694399999999998,7.4589
16.525199999999998,7.4589
17.032799999999998,6.4719
17.032799999999998,6.4719
16.8918,6.4719
15.228,6.4719
15.228,6.2604
15.566400000000002,6.2604
15.566400000000002,6.2604
15.566400000000002,6.7257
15.383099999999999,6.7257
15.876599999999998,6.7257
15.876599999999998,6.8244
15.679200000000002,6.8244
16.1586,6.8244
16.1586,6.9231
16.468799999999998,6.9231
16.468799999999998,6.9231
16.468799999999998,7.811400000000001
16.7931,7.811400000000001
16.7931,7.811400000000001
14.621699999999999,7.966499999999999
14.4102,7.966499999999999
14.805,7.966499999999999
17.0187,7.2051
15.101099999999999,7.2051
15.101099999999999,7.2051
15.101099999999999,7.1064
14.903699999999999,7.1064
15.354899999999999,7.1064
15.354899999999999,7.1064
15.1434,7.1064
15.622800000000002,7.1064
15.622800000000002,7.1064
15.890699999999999,7.1064
15.890699999999999,7.05
15.890699999999999,7.05
16.2714,7.05
16.2714,6.3168
16.2714,6.3168
16.1022,6.3168
14.311499999999999,5.640000000000001
14.311499999999999,5.640000000000001
14.6076,5.640000000000001
16.976399999999998,6.1053
16.976399999999998,6.1053
14.9178,6.1053
14.9178,6.5142
14.9178,6.5142
14.7204,6.5142
15.1998,6.8244
15.1998,6.8244
15.580499999999999,6.8244
15.580499999999999,7.332
15.580499999999999,7.332
15.876599999999998,7.332
15.876599999999998,7.614
15.876599999999998,7.614
15.679200000000002,7.614
16.243199999999998,7.5858
16.243199999999998,7.5858
16.0317,7.5858
14.1846,7.726800000000001
14.1846,7.726800000000001
14.508899999999999,7.726800000000001
14.508899999999999,6.8244
14.508899999999999,6.8244
14.311499999999999,6.8244
14.8614,6.6129
14.8614,6.6129
14.649899999999999,6.5142
15.1998,6.5142
15.1998,6.5142
15.566400000000002,6.4296
15.566400000000002,6.4296
15.566400000000002,6.4296
15.369000000000002,6.3591
15.932999999999998,6.3591
15.932999999999998,6.3591
15.735600000000002,6.1053
13.9308,6.1053
13.9308,6.1053
14.311499999999999,5.640000000000001
14.311499999999999,5.640000000000001
14.311499999999999,5.640000000000001
14.1,5.7951
14.5794,5.7951
14.5794,5.7951
14.382,6.6693
14.988299999999999,6.6693
14.988299999999999,6.6693
14.762699999999999,7.0782
15.383099999999999,7.0782
15.383099999999999,7.0782
15.157499999999999,7.3602
15.157499999999999,7.3602
15.157499999999999,7.3602
14.9742,7.4589
16.2573,7.4589
16.2573,7.4589
14.170499999999999,7.0782
14.170499999999999,7.0782
14.170499999999999,7.0782
13.959,6.8244
14.5794,6.8244
14.5794,6.8244
14.396099999999999,6.5988
15.016499999999999,6.5988
15.016499999999999,6.3591
15.411299999999999,6.3591
15.411299999999999,6.3591
15.411299999999999,6.2604
15.228,6.2604
15.890699999999999,6.2604
15.890699999999999,6.7962
15.721499999999999,6.7962
14.0154,6.7962
14.0154,6.5424
14.424299999999999,6.5424
14.424299999999999,6.5424
16.9059,5.9784
16.7085,5.9784
14.8332,5.9784
14.8332,6.1758
14.649899999999999,6.1758
15.284400000000002,6.1758
15.284400000000002,6.7962
15.693299999999999,6.7962
15.693299999999999,6.7962
15.693299999999999,6.9795
15.510000000000002,6.9795
16.215,6.9795
16.215,6.8949
15.989399999999998,6.8949
14.170499999999999,6.8949
14.170499999999999,6.8949
14.5512,7.0782
14.5512,7.0782
14.5512,7.0782
14.960099999999999,7.4871
14.960099999999999,7.4871
14.960099999999999,7.4871
14.7486,6.9513
15.383099999999999,6.9513
15.383099999999999,6.9513
15.820200000000002,6.9231
15.820200000000002,6.9231
15.820200000000002,6.9231
16.2855,6.8385
16.2855,6.6693
16.2855,6.6693
16.0458,6.6693
13.606499999999999,5.9502
13.606499999999999,5.9502
13.959,5.9502
13.959,5.8515
13.959,5.8515
13.7052,5.8515
11.491499999999998,5.922
11.491499999999998,5.922
11.2377,5.922
11.717099999999999,5.922
11.717099999999999,6.6411
12.0132,6.6411
12.0132,6.6411
12.0132,7.1769
11.703,7.1769
12.2811,7.1769
12.2811,7.1346
12.0837,7.1346
12.0837,7.1346
12.0837,6.3873
13.0848,6.3873
13.0848,6.3873
13.0848,5.4708
13.5924,5.4708
13.5924,5.4708
13.5924,4.2581999999999995
13.437299999999999,4.2581999999999995
10.8852,4.2581999999999995
10.8852,3.9057000000000004
13.944899999999999,3.9057000000000004
11.3223,3.9057000000000004
11.3223,3.8211000000000004
11.0826,3.8211000000000004
11.7312,3.8211000000000004
11.7312,3.9761999999999995
11.449200000000001,3.9761999999999995
12.1683,5.0619
12.1683,5.0619
11.9286,5.0619
12.6336,6.5706
12.6336,6.5706
12.408,6.5706
13.2117,6.5424
13.2117,6.5424
12.972,6.5424
10.857,5.668200000000001
10.857,5.668200000000001
10.6314,5.668200000000001
11.364600000000001,5.7528
11.364600000000001,5.7528
11.9568,5.7528
11.9568,6.0207
11.9568,6.0207
11.7312,6.0207
12.5631,5.3721
12.5631,5.3721
12.4362,5.3721
9.9828,5.0055
9.9828,5.0055
9.771299999999998,5.0055
10.4904,4.7658000000000005
10.4904,4.7658000000000005
10.3635,4.7658000000000005
7.5999,4.2863999999999995
7.5999,4.2863999999999995
7.4025,4.2863999999999995
8.093399999999999,4.2863999999999995
8.093399999999999,4.2863999999999995
7.938299999999999,4.2863999999999995
8.600999999999999,4.9491
8.600999999999999,4.9491
8.375399999999999,4.9491
8.9535,5.0055
8.9535,5.0055
8.8125,5.0055
9.531600000000001,4.2581999999999995
9.531600000000001,4.2581999999999995
10.1379,3.7506
10.1379,3.7506
10.1379,3.7506
9.940499999999998,2.5944
10.6314,2.5944
10.6314,2.5944
10.4904,2.4816
11.251800000000001,2.4816
11.251800000000001,2.4816
11.858099999999999,2.5803
11.858099999999999,2.5803
11.858099999999999,2.5803
11.632499999999999,2.7777
11.632499999999999,2.7777
11.632499999999999,2.7777
11.3787,4.3145999999999995
8.2485,4.3145999999999995
8.2485,4.3145999999999995
8.5023,5.3298
8.5023,5.3298
8.5023,5.3298
8.1921,5.9502
8.713799999999999,5.9502
8.713799999999999,5.9502
8.403599999999999,6.7257
9.108600000000001,6.7257
9.108600000000001,6.7257
5.1606,7.1628
5.1606,7.1628
5.1606,7.1628
9.447000000000001,5.5695
5.4708,5.5695
5.4708,5.5695
5.3721,2.9328
5.9502,2.9328
5.9502,2.9328
6.5847,2.9328
6.5847,2.3688000000000002
6.5847,2.0162999999999998
6.6129,2.0162999999999998
7.3743,2.0162999999999998
7.3743,0.3243
7.4025,0.3243
3.8775000000000004,0.3243
8.2485,-1.5369
8.1921,-1.5369
8.1921,-1.5369
8.1921,-1.0433999999999999
8.036999999999999,-1.0433999999999999
4.7235000000000005,-1.0433999999999999
4.7235000000000005,0.9870000000000001
4.512,0.9870000000000001
5.1183,0.9870000000000001
5.1183,2.8623000000000003
5.4708,2.8623000000000003
5.4708,2.8623000000000003
5.4708,4.5261
5.0055,4.5261
5.710500000000001,4.5261
5.710500000000001,4.5261
5.3721,6.8526
5.9925,6.8526
5.9925,6.8526
1.9880999999999998,7.4589
1.9880999999999998,7.4589
1.9880999999999998,7.4589
2.3124000000000002,5.2593
2.3124000000000002,5.2593
2.3124000000000002,5.2593
2.2701,2.5239
2.6931,2.5239
2.6931,2.5239
2.8341000000000003,1.3959000000000001
2.8341000000000003,1.3959000000000001
2.8341000000000003,1.3959000000000001
2.9892,-0.35250000000000004
4.3991999999999996,-0.35250000000000004
4.3991999999999996,-0.35250000000000004
0.7191,-2.7072
1.0856999999999999,-3.5955
1.0856999999999999,-3.5955
1.6074,-3.5955
1.6074,-2.3829000000000002
1.6074,-2.3829000000000002
1.5651,-2.3829000000000002
2.0585999999999998,-2.3829000000000002
2.0585999999999998,-1.1985000000000001
1.9176000000000002,-1.1985000000000001
2.5803,-1.1985000000000001
-0.141,0.6486
0.0846,0.6486
0.0846,0.6486
3.1443,2.2137
0.1833,2.2137
0.1833,2.2137
0.1833,3.666
-0.0423,3.666
0.1551,3.666
0.1551,3.6237
0.0987,3.6237
0.6627,3.6237
0.6627,3.0033
0.6345,3.0033
-1.128,3.0033
-1.128,0.5357999999999999
-1.0433999999999999,0.5357999999999999
-0.8601,0.5357999999999999
-0.8601,-0.1692
-0.3807,-0.1692
-0.3807,-0.1692
-0.3807,-0.8319
0.0987,-0.8319
0.0987,-0.8319
0.0987,-2.5803
0.1974,-2.5803
-0.846,-2.5803
-0.846,-2.5098
-0.8178,-2.5098
-0.5075999999999999,-1.6638
-0.5075999999999999,-1.6638
-0.1833,-1.6638
-0.1833,-0.9870000000000001
-0.1833,-0.9870000000000001
-0.2115,-0.9870000000000001
0.1128,-0.26789999999999997
0.1128,-0.26789999999999997
0.0423,-0.26789999999999997
-0.4653,0.25379999999999997
-0.4653,0.25379999999999997
-0.3384,0.25379999999999997
-0.3384,0.9870000000000001
-0.3384,0.9870000000000001
-0.4371,0.9870000000000001
-0.1692,1.2408
-0.1692,1.2408
-0.25379999999999997,1.2408
0.1551,0.9447
0.1551,0.9447
0.5216999999999999,0.9447
0.12689999999999999,0.5357999999999999
0.12689999999999999,0.5357999999999999
0.1551,0.5357999999999999
0.49350000000000005,-0.0141
0.49350000000000005,-0.0141
0.5075999999999999,-0.0141
1.0010999999999999,-0.7191
1.0010999999999999,-0.7191
1.5087,-0.7191
1.5087,-1.0715999999999999
1.5087,-1.0715999999999999
1.551,-1.0715999999999999
1.7484,-1.0715999999999999
1.7484,-1.0715999999999999
1.7202,-1.0715999999999999
2.1854999999999998,-0.564
2.1854999999999998,-0.564
2.1008999999999998,-0.564
2.1008999999999998,-0.0423
2.1008999999999998,-0.0423
1.9880999999999998,0.7896
2.7918000000000003,0.7896
2.7918000000000003,0.7896
2.9046,1.4946
2.9046,1.4946
2.9046,1.4946
2.7636,1.8612
2.7636,1.8612
2.7636,1.8612
4.1876999999999995,2.0867999999999998
4.1876999999999995,2.0867999999999998
4.1876999999999995,2.0867999999999998
4.1171999999999995,2.1572999999999998
4.7235000000000005,2.1572999999999998
4.7235000000000005,2.1572999999999998
4.6671000000000005,1.8894
4.9773,1.8894
4.9773,1.8894
5.4567,1.1421000000000001
6.3309,1.1421000000000001
6.3309,1.1421000000000001
6.204,0.9588000000000001
6.1758,0.9588000000000001
6.1758,0.9588000000000001
6.0771,0.8883
6.0771,0.8883
6.0771,0.8883
5.9502,1.6356
7.5294,1.6356
7.5294,1.6356
7.3179,1.6356
8.290799999999999,2.1149999999999998
8.290799999999999,2.1149999999999998
9.0663,2.1149999999999998
8.234399999999999,3.2148
8.234399999999999,3.2148
8.008799999999999,3.2148
8.770199999999999,4.0607999999999995
8.770199999999999,4.1030999999999995
8.516399999999999,4.1030999999999995
9.4047,4.1030999999999995
9.4047,4.3145999999999995
10.1097,4.3145999999999995
10.1097,4.3145999999999995
10.1097,4.5543000000000005
9.8136,4.5543000000000005
9.8136,4.5543000000000005
9.8136,4.8504
9.588000000000001,4.8504
9.588000000000001,4.8504
9.588000000000001,4.8786
10.9839,4.8786
10.9839,4.8786
10.9839,3.7929
10.7019,3.7929
11.9004,3.7929
11.9004,3.7929
11.6184,3.7224
12.6618,3.7224
12.6618,3.7224
12.3798,4.2158999999999995
12.3798,4.2158999999999995
12.3798,4.2158999999999995
12.0837,4.1453999999999995
12.0837,4.1453999999999995
12.0837,4.1453999999999995
11.7594,4.0748999999999995
13.973099999999999,4.0748999999999995
13.973099999999999,4.0748999999999995
13.6206,4.9209
14.988299999999999,4.9209
14.988299999999999,4.9209
14.664,5.7528
14.664,5.7528
14.664,5.7528
14.311499999999999,6.2604
15.411299999999999,6.2604
15.411299999999999,6.2604
15.072899999999999,6.3873
15.072899999999999,6.3873
15.072899999999999,6.3873
14.6076,6.3873
17.2302,6.3873
17.2302,6.6693
16.7649,6.6693
18.330000000000002,6.6693
18.330000000000002,7.740900000000001
17.8506,7.740900000000001
19.4157,7.740900000000001
19.4157,7.811400000000001
20.6988,7.811400000000001
20.6988,7.811400000000001
20.6988,7.2897
20.2335,7.2897
19.2042,7.2897
19.2042,7.0218
18.8235,7.0218
18.8235,7.0218
20.2758,7.2333
19.7964,7.2333
21.3756,7.2333
21.3756,8.121599999999999
20.8962,8.121599999999999
22.5459,8.121599999999999
22.5459,8.5869
22.0383,8.5869
23.8995,8.5869
23.8995,9.714899999999998
23.3919,9.714899999999998
25.337699999999998,9.714899999999998
25.337699999999998,10.3353
24.801899999999996,10.3353
26.8041,10.3353
26.8041,10.0956
26.2542,10.0956
24.3225,10.0956
24.3225,10.1379
23.8149,10.1379
25.4223,10.4481
25.4223,10.4481
24.9006,10.4481
26.79,10.6596
26.79,10.6596
26.183699999999998,10.6596
27.932100000000002,11.5056
27.932100000000002,11.5056
27.438599999999997,11.5056
29.4408,12.5772
29.4408,12.5772
28.8768,12.5772
30.907200000000003,12.549
30.907200000000003,12.549
30.3432,12.549
32.486399999999996,11.6748
32.486399999999996,11.6748
31.908299999999997,11.6748
33.8964,11.970899999999999
33.8964,11.970899999999999
33.3183,11.970899999999999
29.5536,12.7041
29.5536,12.7041
29.0319,12.7041
30.5265,13.0425
30.5265,13.0425
31.386599999999998,13.0425
31.386599999999998,13.775699999999999
31.386599999999998,13.775699999999999
30.709799999999998,13.775699999999999
32.3454,15.340800000000002
32.3454,15.340800000000002
31.739099999999997,15.340800000000002
33.3747,16.7226
33.3747,16.7226
32.7684,16.7226
34.403999999999996,15.848400000000002
34.403999999999996,15.848400000000002
33.727199999999996,15.848400000000002
35.4615,15.848400000000002
35.4615,13.775699999999999
34.7001,13.747499999999999
36.194700000000005,13.747499999999999
36.194700000000005,13.747499999999999
35.5038,13.7334
35.5038,13.7334
37.3932,13.7334
29.877900000000004,13.3386
31.020000000000003,13.3386
31.020000000000003,13.3386
30.2868,12.7887
31.682699999999997,12.7887
31.682699999999997,12.7887
32.147999999999996,13.521899999999999
32.147999999999996,13.521899999999999
32.147999999999996,13.521899999999999
31.3161,16.2291
32.5851,16.2291
32.5851,16.2291
31.880100000000002,16.2291
33.2901,17.357100000000003
33.2901,17.357100000000003
33.9951,16.130399999999998
33.9951,16.130399999999998
33.9951,16.130399999999998
33.275999999999996,16.130399999999998
34.7847,14.523
34.7847,14.523
34.1361,14.523
29.356199999999998,14.6358
29.356199999999998,14.6358
30.103499999999997,14.6358
30.103499999999997,14.142299999999999
30.103499999999997,14.142299999999999
29.4831,14.142299999999999
30.893099999999997,12.9156
30.893099999999997,12.9156
30.2304,12.9156
31.724999999999998,12.9438
31.724999999999998,14.734499999999999
32.937599999999996,14.734499999999999
32.937599999999996,14.734499999999999
32.937599999999996,14.085899999999999
32.3877,14.085899999999999
33.952799999999996,14.085899999999999
33.952799999999996,12.0696
33.4452,12.0696
35.094899999999996,12.0696
35.094899999999996,12.0696
36.335699999999996,12.0696
36.335699999999996,12.0696
36.335699999999996,12.0696
35.7999,12.69
37.717499999999994,12.69
37.717499999999994,12.69
37.1958,13.832099999999999
38.8173,13.832099999999999
38.8173,13.832099999999999
38.239200000000004,14.311499999999999
38.239200000000004,14.311499999999999
39.76199999999999,14.311499999999999
32.007,15.495899999999999
33.4452,15.495899999999999
33.4452,15.495899999999999
32.937599999999996,17.780099999999997
34.2348,17.780099999999997
34.2348,17.780099999999997
34.7847,18.753
34.7847,18.753
34.7847,18.753
34.3194,18.5415
35.630700000000004,18.5415
35.630700000000004,18.5415
35.2641,18.513299999999997
35.2641,18.513299999999997
35.2641,18.513299999999997
34.855199999999996,16.7226
37.139399999999995,16.7226
37.139399999999995,16.7226
36.786899999999996,12.7887
37.928999999999995,12.7887
37.928999999999995,12.2529
37.5483,12.2529
38.5635,12.2529
38.5635,12.4362
38.211,12.4362
38.211,12.4362
39.19799999999999,12.9297
38.732699999999994,12.9297
39.7056,12.9297
39.7056,13.3104
39.1275,13.3104
33.050399999999996,13.3104
40.1286,14.7204
39.4659,14.7204
40.2837,14.7204
33.135,17.7378
32.486399999999996,17.7378
33.2619,17.7378
33.2619,20.2617
32.5287,20.2617
33.3183,20.2617
33.3183,20.5578
32.571,20.5578
33.388799999999996,20.5578
33.388799999999996,20.727
32.7684,20.727
32.7684,20.727
32.7684,20.7411
32.289,20.7411
34.0092,20.7411
34.0092,17.8647
33.5862,17.8647
34.4604,17.8647
34.4604,11.985
34.0233,11.985
35.0103,11.985
28.961399999999998,9.771299999999998
28.5384,9.771299999999998
29.2857,9.531600000000001
29.2857,9.531600000000001
28.8627,9.531600000000001
29.6664,9.3483
29.6664,9.3483
29.1447,9.3483
29.9484,9.4329
29.9484,9.4329
29.2716,9.4329
30.2304,11.3787
30.2304,11.3787
29.581799999999998,11.3787
30.596999999999998,15.369000000000002
30.596999999999998,15.369000000000002
30.907200000000003,15.369000000000002
30.907200000000003,16.863599999999998
30.907200000000003,16.863599999999998
30.3009,16.863599999999998
31.358400000000003,15.904799999999998
31.358400000000003,15.904799999999998
30.780299999999997,15.904799999999998
31.964699999999997,15.904799999999998
31.964699999999997,15.904799999999998
31.541700000000002,15.904799999999998
32.6697,15.749699999999999
32.6697,15.749699999999999
26.8464,15.749699999999999
33.4311,13.536
33.4311,13.536
33.0222,13.536
33.0222,11.576099999999999
33.0222,11.576099999999999
32.599199999999996,11.576099999999999
32.599199999999996,11.576099999999999
29.243399999999998,11.3505
28.8627,11.3505
29.863799999999998,11.3505
29.863799999999998,12.2388
29.4408,12.2388
30.441899999999997,12.2388
30.441899999999997,12.9297
30.0753,14.3256
30.0753,14.3256
30.963600000000003,14.3256
30.568800000000003,15.495899999999999
31.485300000000002,15.495899999999999
31.485300000000002,15.495899999999999
31.1469,15.904799999999998
31.992900000000002,15.904799999999998
31.992900000000002,15.904799999999998
31.668599999999998,15.904799999999998
31.668599999999998,15.834299999999999
28.904999999999998,15.834299999999999
32.3031,14.678099999999999
33.0645,14.678099999999999
33.0645,14.678099999999999
32.7825,14.678099999999999
29.892,13.0848
29.892,13.0848
29.6241,13.0848
29.6241,12.4503
30.329099999999997,12.4503
30.089399999999998,12.4503
30.780299999999997,12.4503
30.780299999999997,12.4503
30.5265,12.4503
31.104599999999998,12.4785
31.104599999999998,12.4785
31.555799999999998,12.4785
31.555799999999998,13.268099999999999
31.555799999999998,13.268099999999999
31.344299999999997,13.268099999999999
31.936500000000002,14.085899999999999
31.936500000000002,14.085899999999999
31.724999999999998,14.085899999999999
32.289,13.550099999999999
32.289,13.550099999999999
32.0916,13.550099999999999
32.6415,13.775699999999999
29.2293,14.480699999999999
28.9896,14.480699999999999
28.9896,14.480699999999999
28.9896,14.480699999999999
32.2185,14.565299999999999
29.877900000000004,14.565299999999999
29.877900000000004,14.565299999999999
29.694599999999998,14.5512
29.694599999999998,14.5512
30.1881,14.5512
30.0189,14.226899999999999
30.498299999999997,14.226899999999999
30.498299999999997,14.226899999999999
30.3573,14.0718
30.794400000000003,14.0718
30.794400000000003,14.0718
30.6393,13.0566
28.002599999999997,13.0566
28.002599999999997,13.0566
27.8616,12.4926
27.8616,12.4926
27.8616,12.4926
27.720599999999997,12.7323
28.5384,12.7323
28.5384,12.7323
28.3833,12.3234
28.7781,12.3234
28.7781,12.3234
28.622999999999998,12.3798
29.0037,12.3798
29.0037,12.3798
28.8627,13.239899999999999
29.2293,13.239899999999999
29.2293,13.239899999999999
29.0883,13.2117
29.3844,13.2117
29.3844,13.2117
29.243399999999998,12.1542
29.581799999999998,12.1542
29.581799999999998,12.1542
29.4267,12.0414
26.874599999999997,12.0414
26.874599999999997,12.7041
26.6913,12.7041
27.0156,12.7041
29.9061,13.0143
29.750999999999998,13.0143
30.047099999999997,13.0143
27.156599999999997,13.0425
26.987399999999997,13.0425
27.2553,13.0425
27.2553,12.8451
27.100199999999997,12.8451
27.4104,12.8451
27.4104,13.0143
27.2412,13.0143
27.537300000000002,13.0143
27.537300000000002,12.5349
27.354,12.5349
27.650100000000002,12.5349
27.650100000000002,12.126
27.4668,12.126
27.762900000000002,12.126
24.9006,12.267
24.675,12.267
24.9852,12.267
24.9852,11.421000000000001
24.773699999999998,11.421000000000001
25.0698,11.421000000000001
25.0698,11.308200000000001
24.8442,11.308200000000001
25.1403,11.308200000000001
25.1403,11.2659
24.9288,11.2659
24.9288,11.2659
25.2531,11.688899999999999
25.0275,11.688899999999999
25.38,11.688899999999999
25.38,11.0685
25.1544,11.0685
25.506899999999998,10.2507
25.506899999999998,10.2507
25.2672,10.2507
20.2899,10.3212
20.2899,10.3212
20.0643,10.3212
25.7748,10.7583
25.7748,10.7583
25.5492,10.7583
20.5437,10.8147
20.5437,10.8147
20.6424,10.8147
20.6424,10.8147
20.6424,10.8147
20.445,10.8147
20.8539,11.3223
20.8539,11.3223
20.6001,11.3223
21.009,10.0674
21.009,10.0674
20.8116,10.0674
20.8116,9.7572
21.291,9.7572
21.0936,9.7572
21.5307,9.7572
19.006800000000002,9.7572
18.795299999999997,9.7572
19.2465,9.7572
19.2465,7.867800000000001
19.063200000000002,7.867800000000001
19.063200000000002,7.867800000000001
19.5567,7.642200000000001
19.345200000000002,7.642200000000001
19.7964,7.642200000000001
19.7964,7.726800000000001
19.598999999999997,7.726800000000001
17.6109,7.726800000000001
20.1066,8.685599999999999
20.4027,8.685599999999999
20.4027,8.685599999999999
20.4027,8.3331
20.2194,7.994699999999999
20.2194,7.994699999999999
20.2194,7.994699999999999
17.5122,8.713799999999999
18.4287,8.713799999999999
18.4287,8.713799999999999
20.8539,9.1509
20.8539,9.1509
18.781200000000002,9.1509
18.569699999999997,9.1509
19.0491,8.9112
19.0491,8.9112
18.837600000000002,8.9112
16.7649,8.431799999999999
16.7649,8.431799999999999
17.0469,8.431799999999999
17.0469,9.277800000000001
17.0469,9.277800000000001
16.8495,9.277800000000001
17.314799999999998,8.798399999999999
17.314799999999998,8.798399999999999
17.1033,8.798399999999999
17.5686,8.3331
17.5686,8.3331
17.3853,8.3331
17.3853,8.6151
17.3853,8.6151
17.1879,8.6151
15.524099999999999,7.4448
15.524099999999999,7.4448
15.340800000000002,7.4448
15.763800000000002,6.3591
15.763800000000002,6.3591
15.552299999999999,6.3591
15.975299999999999,6.1758
15.975299999999999,6.1758
15.777899999999999,6.1758
13.6206,6.7962
13.6206,6.7962
13.395,7.0359
13.395,7.0359
13.395,7.0359
13.1976,6.909
14.001299999999999,6.909
14.001299999999999,6.909
13.7898,6.3591
14.255099999999999,6.3591
14.255099999999999,6.3591
14.001299999999999,6.5142
14.001299999999999,6.5142
14.001299999999999,6.5142
13.803899999999999,7.2474
12.1401,7.2474
12.1401,7.2474
11.970899999999999,6.5847
12.3657,6.5847
12.3657,6.5847
12.1824,5.1606
12.69,5.1606
12.69,5.1606
12.5208,5.1324
13.0425,5.1324
13.0425,5.1324
12.8592,5.724600000000001
13.380899999999999,5.724600000000001
13.380899999999999,5.724600000000001
13.1976,5.724600000000001
13.7616,5.724600000000001
13.7616,5.724600000000001
13.606499999999999,4.8363000000000005
13.606499999999999,4.8363000000000005
11.421000000000001,4.8363000000000005
11.223600000000001,4.6530000000000005
11.717099999999999,4.6530000000000005
11.717099999999999,4.6530000000000005
11.562,5.696400000000001
12.0696,5.696400000000001
12.0696,5.696400000000001
11.844,6.0771
12.3939,6.0771
9.616200000000001,6.1053
9.447000000000001,6.1053
9.87,6.1053
9.87,6.3027
9.6867,6.3027
10.2084,6.3027
10.2084,6.0066
10.011,6.0066
10.5045,6.0066
10.5045,5.499
10.8429,5.499
10.8429,5.499
10.8429,5.3721
10.7442,5.3721
11.308200000000001,5.3721
8.3613,3.6237
8.234399999999999,3.6237
8.6715,3.6237
8.6715,2.7636
9.0099,2.7636
9.0099,2.7636
9.0099,2.7636
8.8689,2.7636
9.362400000000001,2.7636
9.362400000000001,3.4686
9.249600000000001,3.4686
9.672600000000001,3.4686
9.672600000000001,4.1453999999999995
9.5175,4.1453999999999995
9.5175,4.1453999999999995
10.011,4.1171999999999995
9.827699999999998,4.1171999999999995
10.3635,4.1171999999999995
10.3635,4.1171999999999995
10.1802,4.1171999999999995
7.2474,4.1171999999999995
7.2474,4.1171999999999995
10.9698,4.7235000000000005
7.4448,4.7658000000000005
7.4448,4.7658000000000005
7.2615,4.7658000000000005
7.698600000000001,4.5684000000000005
7.698600000000001,4.5684000000000005
7.5153,4.5684000000000005
7.952399999999999,4.2581999999999995
7.952399999999999,4.2581999999999995
8.262599999999999,4.2581999999999995
8.262599999999999,4.3145999999999995
8.262599999999999,4.3145999999999995
8.1357,4.3145999999999995
8.600999999999999,3.9339000000000004
8.600999999999999,3.9339000000000004
8.431799999999999,3.9339000000000004
5.2593,2.3970000000000002
5.2593,2.3970000000000002
5.1606,2.3970000000000002
5.1606,2.3970000000000002
5.5695,2.1854999999999998
5.3862,2.1854999999999998
5.781,2.1854999999999998
5.781,2.5803
5.5554,2.5803
5.9925,2.5803
5.9925,2.9046
6.2886,2.9046
6.2886,2.9046
6.2886,3.3135
6.1617,3.3135
6.6834,3.3135
6.6834,3.1866
6.4719,3.1866
7.0359,3.1866
7.0359,2.6226
3.3135,2.6226
3.3135,2.6226
3.3135,2.5944
7.3884,2.5944
3.5955,2.5944
8.036999999999999,2.4957
3.4404,2.3970000000000002
3.9480000000000004,2.3970000000000002
3.9480000000000004,2.3970000000000002
3.7929,2.3970000000000002
4.3709999999999996,2.3406000000000002
4.3709999999999996,2.3406000000000002
4.1453999999999995,2.3406000000000002
4.1453999999999995,2.5803
4.1453999999999995,2.5803
4.0889999999999995,2.5803
5.3157,2.0867999999999998
5.3157,2.0867999999999998
5.3016,2.0867999999999998
5.3016,0.7755
1.0433999999999999,0.7755
0.9306,0.7755
1.3677,0.7614
1.3677,0.7614
1.2549,0.7614
1.7343,1.269
1.7343,1.269
1.551,1.269
2.0021999999999998,1.3959000000000001
2.0021999999999998,1.3959000000000001
1.9458000000000002,1.3959000000000001
2.4534,1.9599000000000002
2.4534,1.9599000000000002
2.2842000000000002,1.9599000000000002
2.8764,3.0033
2.8764,3.0033
2.7777,3.0033
3.384,2.3970000000000002
3.384,2.3970000000000002
3.243,2.3970000000000002
-1.8189,0.5498999999999999
-1.8189,0.5498999999999999
-1.9176000000000002,0.5498999999999999
-1.6638,0.423
-1.6638,0.423
-1.6356,0.4089
-1.4241000000000001,0.4089
-1.4241000000000001,0.4089
-1.6074,0.25379999999999997
-1.2126,0.25379999999999997
-1.2126,0.25379999999999997
-1.2831,-0.141
-0.9024,-0.141
-0.9024,-0.141
-0.8742,0.0
-0.6345,0.0
-0.6345,0.0
-0.6063,-0.3807
-0.1692,-0.3807
-0.1692,-0.3807
-5.9784,-1.6074
-5.781,-1.6074
-5.781,-1.6074
-5.7528,-1.6356
-5.9361,-1.6356
-5.9361,-1.6356
-5.922,-1.3818
-6.0489,-1.3818
-6.0489,-1.3818
-6.0489,-0.7896
-5.9361,-0.7896
-5.9361,-0.7896
-5.8515,-0.423
-5.7528,-0.423
-5.7528,-0.423
-5.597700000000001,-1.7907
-5.640000000000001,-1.7907
-5.640000000000001,-1.7907
-5.5272,-3.1866
-11.970899999999999,-3.1866
-11.970899999999999,-3.1866
-11.745299999999999,-3.4263
-12.4362,-3.4263
-12.4362,-3.4263
-12.2811,-3.807
-12.2811,-3.807
-12.5913,-4.0889999999999995
-12.408,-4.0889999999999995
-12.9861,-4.0889999999999995
-12.9861,-4.1453999999999995
-12.7605,-4.1453999999999995
-13.493699999999999,-4.1453999999999995
-13.493699999999999,-3.8916000000000004
-13.0425,-3.8916000000000004
-13.0425,-3.8916000000000004
-13.5642,-4.7517000000000005
-13.2258,-4.7517000000000005
-18.5415,-4.7517000000000005
-18.5415,-6.8526
-18.118499999999997,-6.8526
-19.3593,-6.8526
-19.3593,-6.9795
-19.006800000000002,-6.9795
-19.006800000000002,-6.9795
-20.2335,-6.7821
-19.8105,-6.7821
-21.0936,-6.7821
-21.0936,-6.768
-20.6001,-6.768
-22.137,-6.768
-22.137,-6.768
-21.4884,-6.8808
-21.4884,-6.8808
-23.2227,-6.8808
-22.5459,-7.5999
-24.1392,-7.5999
-24.1392,-7.5999
-25.563299999999998,-9.108600000000001
-27.494999999999997,-9.108600000000001
-27.494999999999997,-9.108600000000001
-28.5948,-9.771299999999998
-28.5948,-9.771299999999998
-28.5948,-9.771299999999998
-27.8475,-10.5327
-30.103499999999997,-11.1531
-30.103499999999997,-11.1531
-29.2575,-11.1531
-31.795499999999997,-11.604299999999999
-31.795499999999997,-11.604299999999999
-28.5525,-11.604299999999999
-28.5525,-12.3234
-26.226,-12.3234
-25.4787,-12.3234
-27.100199999999997,-13.7334
-27.100199999999997,-13.7334
-26.352899999999998,-13.7334
-28.2564,-13.7334
-28.2564,-14.6076
-27.3963,-14.6076
-29.1024,-14.6076
-29.1024,-14.8614
-28.2564,-14.8614
-28.2564,-14.8614
-28.2564,-15.397200000000002
-27.650100000000002,-15.397200000000002
-32.3172,-15.397200000000002
-32.3172,-13.7334
-34.079699999999995,-13.7334
-34.079699999999995,-13.7334
-34.079699999999995,-10.8711
-33.2619,-10.8711
-36.096,-10.8711
-36.096,-10.716
-35.320499999999996,-10.716
-38.634,-10.716
-38.634,-10.7442
-37.604699999999994,-10.7442
-37.604699999999994,-10.7442
-41.0169,-10.8711
-39.6351,-10.8711
-43.6536,-10.8711
-32.4723,-12.126
-31.400699999999997,-12.126
-33.5298,-12.126
-33.5298,-16.243199999999998
-32.2326,-16.243199999999998
-32.2326,-19.035
-34.545,-19.035
-33.2901,-19.035
-29.581799999999998,-20.8257
-29.581799999999998,-20.8257
-28.2705,-20.8257
-30.103499999999997,-21.6435
-30.103499999999997,-21.6435
-29.074199999999998,-21.6435
-31.062299999999997,-23.406
-31.062299999999997,-23.406
-30.216299999999997,-23.406
-26.6772,-22.6446
-26.6772,-22.6446
-26.226,-22.6446
-27.8475,-16.1163
-27.8475,-16.1163
-27.494999999999997,-16.1163
-29.3844,-11.0262
-29.3844,-11.0262
-29.0037,-11.0262
-31.132800000000003,-7.4589
-31.132800000000003,-7.4589
-30.949499999999997,-7.4589
-27.212999999999997,-6.5424
-27.212999999999997,-6.5424
-26.7759,-6.5424
-28.5807,-4.6812000000000005
-28.5807,-4.6812000000000005
-27.875700000000002,-4.6812000000000005
-29.6664,-6.0066
-29.6664,-6.0066
-28.7217,-6.0066
-30.723899999999997,-10.6737
-30.723899999999997,-10.6737
-24.745499999999996,-10.6737
-32.007,-15.1998
-32.007,-15.1998
-25.4646,-16.9905
-25.4646,-16.9905
-27.1284,-16.9905
-26.2542,-17.314799999999998
-26.2542,-17.314799999999998
-26.2542,-17.314799999999998
-25.3659,-18.471
-23.6739,-18.471
-23.6739,-18.471
-28.0872,-18.386400000000002
-24.717299999999998,-18.386400000000002
-24.717299999999998,-18.386400000000002
-24.4353,-15.213899999999999
-25.9722,-15.213899999999999
-25.9722,-15.213899999999999
-25.6479,-10.152
-22.9548,-10.152
-22.9548,-10.152
-22.785600000000002,-7.3461
-24.3789,-7.3461
-24.3789,-7.3461
-24.1815,-6.063
-25.8171,-6.063
-25.8171,-6.063
-25.450499999999998,-5.217
-22.743299999999998,-5.217
-22.743299999999998,-5.217
-23.7585,-6.2886
-23.7585,-6.2886
-23.7585,-6.2886
-23.1099,-9.0522
-24.5199,-9.0522
-24.5199,-9.0522
-23.8572,-11.717099999999999
-21.4179,-11.717099999999999
-21.4179,-11.717099999999999
-21.9396,-11.717099999999999
-21.9396,-14.3538
-21.9396,-14.3538
-21.3756,-14.3538
-22.6446,-14.8614
-22.6446,-13.959
-22.0242,-13.959
-23.3073,-13.959
-23.3073,-13.832099999999999
-24.3225,-13.832099999999999
-24.3225,-13.832099999999999
-24.3225,-13.0989
-24.0405,-13.0989
-21.3474,-13.0989
-21.3474,-10.1238
-21.164099999999998,-10.1238
-22.461299999999998,-10.1238
-22.461299999999998,-6.8526
-23.5752,-6.8526
-23.5752,-6.8526
-23.5752,-5.9361
-23.264999999999997,-5.9361
-23.264999999999997,-5.9361
-23.264999999999997,-7.05
-22.9971,-7.05
-21.7422,-7.05
-21.7422,-7.05
-22.6023,-8.290799999999999
-22.6023,-8.290799999999999
-22.6023,-8.290799999999999
-18.626099999999997,-8.600999999999999
-18.626099999999997,-8.600999999999999
-18.626099999999997,-8.600999999999999
-23.095799999999997,-10.7865
-24.5199,-10.7865
-24.5199,-10.7865
-24.0264,-13.352699999999999
-24.0264,-13.352699999999999
-24.0264,-13.352699999999999
-23.7021,-13.324499999999999
-20.4309,-13.324499999999999
-20.4309,-13.324499999999999
-20.1489,-12.0696
-21.220499999999998,-9.644400000000001
-21.220499999999998,-9.644400000000001
-20.868,-9.644400000000001
-20.868,-8.6715
-20.868,-8.6715
-23.0112,-8.6715
-23.0112,-8.6715
-23.0112,-10.2507
-22.799699999999998,-10.2507
-19.1337,-10.2507
-19.1337,-9.9546
-19.9515,-9.9546
-19.9515,-9.9546
-25.38,-7.1628
-20.4168,-7.1628
-20.4168,-7.1628
-20.4168,-7.1769
-20.1066,-7.1769
-21.1218,-7.1769
-21.1218,-9.2073
-20.8539,-9.2073
-21.953699999999998,-9.2073
-21.953699999999998,-9.743099999999998
-21.432,-9.743099999999998
-22.3203,-9.743099999999998
-17.3994,-8.9253
-16.976399999999998,-8.9253
-17.766,-8.9253
-17.766,-10.1238
-18.273600000000002,-10.1238
-18.273600000000002,-10.1238
-18.273600000000002,-11.8158
-18.5274,-11.8158
-18.5274,-11.8158
-18.5274,-9.968699999999998
-18.189,-9.968699999999998
-18.189,-9.968699999999998
-14.480699999999999,-9.5457
-14.2128,-9.5457
-15.185699999999999,-9.5457
-15.185699999999999,-8.262599999999999
-15.580499999999999,-8.262599999999999
-15.580499999999999,-6.4155
-15.580499999999999,-6.4155
-15.312600000000002,-6.4155
-15.975299999999999,-6.1617
-15.975299999999999,-6.1617
-15.693299999999999,-6.1617
-16.3137,-5.9643
-16.3137,-5.9643
-13.719299999999999,-5.9643
-13.719299999999999,-5.5554
-13.719299999999999,-5.5554
-13.4514,-5.5554
-13.9872,-5.5413
-13.9872,-5.5413
-13.662899999999999,-5.5413
-14.2974,-5.682300000000001
-14.2974,-5.682300000000001
-14.5794,-5.682300000000001
-11.858099999999999,-7.2615
-11.858099999999999,-7.2615
-11.604299999999999,-7.2615
-14.2974,-7.825500000000001
-14.2974,-7.825500000000001
-13.973099999999999,-7.825500000000001
-12.3093,-7.5717
-12.3093,-7.5717
-12.6477,-7.5717
-12.6477,-6.6693
-12.6477,-6.6693
-12.4926,-6.6693
-13.0848,-6.6411
-13.0848,-6.6411
-12.9297,-6.6411
-11.1249,-5.4003
-11.1249,-5.4003
-11.4069,-5.4003
-11.4069,-4.2158999999999995
-11.4069,-4.2158999999999995
-11.195400000000001,-4.4979
-11.195400000000001,-4.4979
-11.195400000000001,-4.4979
-11.0262,-4.1594999999999995
-12.4926,-4.1594999999999995
-12.4926,-4.1594999999999995
-12.9861,-4.4697
-12.9861,-4.4697
-12.9861,-4.4697
-12.8028,-4.6530000000000005
-10.6314,-4.6530000000000005
-10.6314,-4.6530000000000005
-10.4763,-4.8081000000000005
-11.0121,-4.8081000000000005
-11.0121,-4.8081000000000005
-11.223600000000001,-4.9068
-11.223600000000001,-4.9068
-11.223600000000001,-4.9068
-11.4069,-5.8092
-11.4069,-5.8092
-11.4069,-5.8092
-11.280000000000001,-6.5988
-12.0132,-6.5988
-12.0132,-6.5988
-9.4611,-6.0348
-9.4611,-6.0348
-9.4611,-6.0348
-9.306000000000001,-4.9068
-9.729,-4.9068
-9.729,-4.9068
-9.559800000000001,-4.9068
-10.1379,-4.8786
-10.1379,-4.8786
-10.2084,-4.8786
-10.2084,-4.7517000000000005
-10.2084,-4.7517000000000005
-10.1661,-4.7517000000000005
-10.6878,-4.3286999999999995
-10.6878,-4.3286999999999995
-10.4622,-4.3286999999999995
-10.998,-3.4968
-8.657399999999999,-2.9892
-8.7279,-2.9892
-8.7279,-2.9892
-8.7279,-3.525
-8.5305,-3.525
-8.8407,-3.525
-8.8407,-3.807
-8.713799999999999,-3.807
-8.9394,-3.807
-8.9394,-4.1735999999999995
-7.2192,-4.1735999999999995
-7.2192,-4.1735999999999995
-7.2192,-4.1735999999999995
-7.0641,-4.4979
-7.2474,-4.4979
-7.2474,-4.4979
-7.1487,-4.6530000000000005
-7.2756,-4.6530000000000005
-7.2756,-4.6530000000000005
-7.1769,-4.5261
-7.4025,-4.5261
-7.4025,-4.5261
-7.2897,-3.9621000000000004
-5.8797,-3.9621000000000004
-5.8797,-3.9621000000000004
-5.8092,-3.1866
-5.8797,-3.1866
-5.8797,-3.1866
-5.8797,-2.2137
-5.8797,-2.2137
-5.8797,-2.2137
-5.8374,-1.9740000000000002
-5.8374,-1.9740000000000002
-5.8374,-1.9740000000000002
-5.7528,-1.9317000000000002
-4.5825000000000005,-1.9317000000000002
-4.5825000000000005,-1.9317000000000002
-4.6389000000000005,-2.0444999999999998
-4.6389000000000005,-2.0444999999999998
-4.6389000000000005,-2.3547000000000002
-4.4979,-2.3547000000000002
-4.4979,-2.3547000000000002
-4.4979,-2.3265000000000002
-4.3286999999999995,-2.3265000000000002
-4.2722999999999995,-2.3265000000000002
-4.2722999999999995,-2.7354
-4.1312999999999995,-2.7354
-4.1312999999999995,-2.7354
-4.1312999999999995,-2.8905
-3.0174,-2.8905
-3.0174,-2.8905
-3.0174,-2.8341000000000003
-3.0033,-2.8341000000000003
-2.8341000000000003,-2.8341000000000003
-2.8341000000000003,-2.0444999999999998
-2.7777,-2.0444999999999998
-2.7777,-2.0444999999999998
-2.7777,-1.7907
-2.5521,-1.7907
-2.5521,-1.7907
-2.5521,-1.3818
-2.5521,-1.3818
-2.0162999999999998,-1.3818
-2.0162999999999998,-1.0997999999999999
-2.1149999999999998,-1.0997999999999999
-2.1149999999999998,-1.0997999999999999
-2.1149999999999998,-0.6345
-1.6779,-0.6345
-1.6779,-0.6345
-1.6779,-0.26789999999999997
-1.7625,-0.26789999999999997
-1.4241000000000001,-0.26789999999999997
-1.4241000000000001,-0.423
-1.4382,-0.423
-1.2126,-0.423
-1.2126,-0.7614
-1.0574999999999999,-0.7614
-1.0574999999999999,-0.7614
-1.0574999999999999,-0.8178
-1.128,-0.8178
-0.5781000000000001,-0.8178
-0.5781000000000001,-0.8178
-0.5781000000000001,-0.8178
-0.1551,-0.8178
-0.1551,-0.8178
0.141,-0.8178
0.141,-0.8178
0.141,-0.8178
0.1551,-0.8178
0.564,-0.8178
0.564,-0.8178
0.49350000000000005,-0.8178
0.9165,-0.6063
0.9165,-0.6063
1.2972,-0.6063
1.2972,0.0
1.2972,0.0
1.7907,0.0
1.7907,0.26789999999999997
1.7907,0.26789999999999997
1.6497,0.26789999999999997
2.1713999999999998,0.5781000000000001
2.1713999999999998,0.5781000000000001
2.7636,0.5781000000000001
2.7636,0.9447
2.7636,0.9447
3.6237,0.9447
3.6237,1.0997999999999999
3.6237,1.0997999999999999
3.4827,1.0997999999999999
4.7376000000000005,1.1421000000000001
4.7376000000000005,1.1421000000000001
5.5554,1.1421000000000001
5.5554,1.1421000000000001
5.5554,1.1421000000000001
6.8526,1.1421000000000001
6.8526,1.1421000000000001
6.8526,1.1421000000000001
