-28.7076,0.0
-28.7217,0.0
-28.7217,0.0
-28.7217,0.0
-28.679399999999998,0.0
-28.6512,0.0
-28.6512,0.0
-28.7217,0.0
-28.7499,0.0
-26.352899999999998,-2.3970000000000002
-22.9407,-5.8092
-22.912499999999998,-5.8092
-22.8843,-5.8092
-22.8843,-5.8092
-22.856099999999998,-5.8374
-22.856099999999998,-5.8374
-22.856099999999998,-5.8374
-20.0361,-8.6433
-20.0361,-8.6433
-20.0361,-8.6433
-14.8896,-13.7898
-14.9178,-13.7898
-14.903699999999999,-13.7898
-10.152,-18.5415
-10.152,-18.5415
-10.0674,-18.5415
-6.345,-22.2498
-6.345,-22.2498
-6.3027,-22.2498
-6.063,-22.4895
-6.0207,-22.4895
-6.0207,-22.4895
-6.9513,-21.4884
-6.9513,-21.4884
-6.8526,-21.4884
-11.0967,-17.2725
-11.0967,-17.2725
-10.998,-17.2725
-15.552299999999999,-12.7182
-15.538200000000002,-12.7182
-15.481800000000002,-12.7182
-19.768199999999997,-8.431799999999999
-19.6131,-8.431799999999999
-19.5285,-8.431799999999999
-21.5448,-6.3873
-21.5448,-6.3873
-21.432,-6.3873
-21.3615,-6.3168
-21.3615,-6.3168
-18.2595,-9.418800000000001
-17.9775,-9.418800000000001
-17.8506,-9.418800000000001
-9.0945,-13.0707
-8.770199999999999,-13.0707
-8.770199999999999,-13.0707
-11.844,-15.044699999999999
-11.463299999999998,-15.044699999999999
-11.463299999999998,-15.044699999999999
-3.5673,-17.343
-3.5673,-17.343
-3.6378,-17.343
-0.3666,-20.1912
-0.3666,-20.1912
-0.3666,-20.1912
-0.3807,-19.7259
-0.5357999999999999,-19.7259
-0.5357999999999999,-19.7259
-4.4133,-15.425400000000002
-4.4133,-15.425400000000002
-4.4979,-15.425400000000002
-7.994699999999999,-11.8158
-8.149799999999999,-11.8158
-8.149799999999999,-11.8158
-7.3038,-8.6997
-7.4589,-8.6997
-7.4589,-8.6997
-16.525199999999998,-3.4545
-16.525199999999998,-3.4545
-16.7931,-3.4545
-15.354899999999999,-0.6909
-15.552299999999999,-0.6909
-15.552299999999999,-0.6909
-17.7378,-2.1995999999999998
-13.9872,-2.1995999999999998
-13.9872,-2.1995999999999998
-9.771299999999998,-6.1335
-7.1769,-6.1335
-7.1769,-6.1335
-8.2203,-7.4871
-8.516399999999999,-7.4871
-5.8938,-10.1097
-5.3298,-10.1097
-5.3298,-10.1097
-0.5498999999999999,-15.425400000000002
-0.5498999999999999,-15.425400000000002
0.141,-15.425400000000002
3.4686,-16.017599999999998
3.4686,-16.017599999999998
3.5391,-16.017599999999998
-1.1421000000000001,-14.6076
-0.846,-14.6076
1.8612,-14.6076
-1.7202,-11.0262
-1.5087,-11.0262
-1.5087,-11.0262
-6.5283,-6.486
-6.6411,-6.486
-7.1769,-6.486
-10.857,-2.8059000000000003
-10.9275,-2.8059000000000003
-11.4774,-2.8059000000000003
-15.580499999999999,1.2972
-15.580499999999999,1.2972
-15.580499999999999,1.2972
-14.903699999999999,0.6204
-14.7768,0.6204
-14.7768,0.6204
-14.7768,-1.0715999999999999
-12.9438,-1.0715999999999999
-12.9438,-1.0715999999999999
-12.9438,-1.0715999999999999
-9.418800000000001,-4.2722999999999995
-9.418800000000001,-4.2722999999999995
-9.2919,-4.2722999999999995
-4.7094000000000005,-8.459999999999999
-4.7094000000000005,-8.459999999999999
-4.7094000000000005,-8.459999999999999
-0.0423,-12.7605
1.2831,-14.678099999999999
1.2831,-14.678099999999999
1.7907,-14.678099999999999
1.0292999999999999,-13.916699999999999
0.5781000000000001,-13.916699999999999
1.0010999999999999,-13.916699999999999
2.6226,-12.7887
2.6226,-12.7887
2.6226,-12.7887
0.3243,-10.8711
0.3243,-10.8711
0.3243,-10.8711
-1.7766,-6.6975
-1.7766,-6.6975
-1.7766,-6.6975
-1.9317000000000002,-6.6975
-8.459999999999999,-2.5098
-8.600999999999999,-2.5098
-8.9112,-2.5098
-9.4329,0.47940000000000005
-9.531600000000001,0.47940000000000005
-9.531600000000001,0.47940000000000005
-10.8006,1.551
-10.9134,1.551
-10.9134,1.551
-11.0121,1.6497
-10.6737,1.6497
-10.8993,1.6497
-6.5565,-0.5781000000000001
-6.1476,-0.5781000000000001
-6.1476,-0.5781000000000001
-1.6638,-5.0901
-1.1562000000000001,-5.0901
-1.1562000000000001,-5.0901
0.23970000000000002,-8.516399999999999
0.846,-8.516399999999999
2.7777,-8.516399999999999
4.0748999999999995,-9.8136
4.4556,-9.8136
4.4556,-9.8136
5.2593,-10.6596
5.668200000000001,-10.6596
3.7506,-8.741999999999999
3.8211000000000004,-8.741999999999999
3.9057000000000004,-8.741999999999999
2.8482000000000003,-6.3873
2.8482000000000003,-6.3873
2.8623000000000003,-6.3873
0.282,-3.807
0.2115,-3.807
-0.0846,-3.807
-4.8504,0.9588000000000001
-4.7799000000000005,0.9588000000000001
-4.7799000000000005,0.9588000000000001
-7.473,3.3135
-7.473,3.3135
-7.473,3.3135
-7.05,4.0043999999999995
-6.9936,4.0043999999999995
-6.9936,4.0043999999999995
-7.698600000000001,3.4263
-6.5142,3.4263
-6.3732,3.4263
-4.5966000000000005,1.6497
-4.4697,1.6497
-4.2299999999999995,1.6497
-0.47940000000000005,-2.1008999999999998
-0.141,-2.1008999999999998
0.141,-2.1008999999999998
3.7224,-5.682300000000001
3.8634000000000004,-5.682300000000001
4.4133,-5.682300000000001
6.3591,-7.0077
6.3591,-7.0077
6.3591,-7.0077
6.204,-7.1769
6.6129,-7.1769
6.6129,-7.1769
6.1617,-6.345
6.4578,-6.345
2.5803,-2.5803
2.8623000000000003,-2.5803
2.8623000000000003,-2.5803
-1.7625,1.8048
-1.7625,1.8048
-1.692,1.8048
-3.9339000000000004,3.8352000000000004
-3.9339000000000004,3.8352000000000004
-3.102,3.8352000000000004
-4.7799000000000005,5.076
-3.9621000000000004,5.076
-3.9621000000000004,5.076
-5.4285,6.3591
-5.4285,6.3591
-5.2875,6.3591
-3.7506,4.8222000000000005
-3.6237,4.8222000000000005
-2.9469,4.8222000000000005
1.0997999999999999,0.7755
1.2549,0.7755
1.2549,0.7755
4.512,-2.4816
4.6107000000000005,-2.4816
6.1476,-2.4816
8.0793,-4.1171999999999995
8.0793,-4.1171999999999995
8.0511,-4.1171999999999995
9.0663,-4.935
9.108600000000001,-4.935
9.108600000000001,-4.935
9.559800000000001,-4.8363000000000005
9.559800000000001,-4.8363000000000005
10.3635,-4.8363000000000005
6.9372,-1.4100000000000001
6.7116,-1.4100000000000001
6.627,-1.4100000000000001
6.1617,-1.4100000000000001
2.6508,2.7495
2.6508,2.7495
2.1995999999999998,2.7495
-1.1562000000000001,6.1053
-2.7072,8.290799999999999
-3.2571,8.290799999999999
-3.2571,8.290799999999999
-4.3850999999999996,8.8407
-4.9632,8.8407
-4.5966000000000005,8.8407
-5.2734,9.5175
-5.5413,9.5175
-5.5413,9.5175
-4.3004999999999995,8.8407
-4.3145999999999995,8.8407
-4.3145999999999995,8.8407
-0.6627,4.7940000000000005
-0.4512,4.7940000000000005
0.1833,4.7940000000000005
6.5706,-0.5357999999999999
6.7962,-0.5357999999999999
6.7962,-0.5357999999999999
9.4611,-3.807
9.4611,-3.807
9.7008,-3.807
10.293,-3.807
11.519699999999998,-5.0337
12.408,-5.0337
12.408,-5.0337
12.4785,-5.1042
13.3104,-5.1042
13.3104,-5.1042
10.1661,-2.3547000000000002
10.1661,-2.3547000000000002
9.3765,-2.3547000000000002
4.9209,1.5228
5.611800000000001,1.5228
5.611800000000001,1.5228
0.1128,6.4155
1.0151999999999999,6.4155
1.0151999999999999,6.4155
-3.1443,9.968699999999998
-5.0055,11.829899999999999
-3.8352000000000004,11.829899999999999
-4.3850999999999996,11.829899999999999
-4.6671000000000005,11.519699999999998
-4.6671000000000005,11.519699999999998
-5.0055,11.519699999999998
-2.5098,9.8136
-2.5098,9.8136
-2.7495,9.8136
-1.8753,7.4589
0.47940000000000005,7.4589
0.5216999999999999,7.4589
1.6074,7.4589
5.4426,3.6237
5.5413,3.6237
5.5413,3.6237
11.1531,-0.7050000000000001
11.280000000000001,-0.7050000000000001
11.280000000000001,-0.7050000000000001
13.4514,-3.9057000000000004
13.578299999999999,-3.9057000000000004
14.593499999999999,-3.9057000000000004
14.170499999999999,-3.4827
14.001299999999999,-3.4827
15.1152,-3.4827
12.831,-1.1985000000000001
12.831,-1.1985000000000001
12.5208,-1.1985000000000001
9.771299999999998,2.6085
9.771299999999998,2.6085
9.362400000000001,2.6085
6.1758,7.0077
5.7951,7.0077
5.7951,7.0077
2.5662,11.4069
1.9458000000000002,11.4069
1.9458000000000002,11.4069
-1.5933,13.380899999999999
-1.9880999999999998,13.380899999999999
-1.9880999999999998,13.380899999999999
-1.0010999999999999,13.5078
-1.2408,13.5078
1.8048,11.449200000000001
1.8048,11.449200000000001
1.5369,11.449200000000001
3.4263,9.559800000000001
4.4133,9.559800000000001
4.2863999999999995,9.559800000000001
6.2604,7.5858
7.5294,7.5858
7.4589,7.5858
11.3223,3.7224
11.3223,3.7224
11.364600000000001,3.7224
14.9178,0.1692
17.2161,0.1692
17.1033,0.1692
17.582700000000003,-0.3102
19.020899999999997,-0.3102
18.753,-0.3102
17.2443,2.4393
17.2443,2.4393
16.8213,2.4393
13.0002,4.512
13.0002,4.512
13.0002,4.512
7.5858,9.2073
8.5023,9.2073
8.5023,9.2073
4.9491,12.8169
4.9491,12.8169
4.9491,12.8169
0.9870000000000001,15.890699999999999
1.9035,15.890699999999999
1.9035,15.890699999999999
0.1128,17.089199999999998
-1.3536,17.089199999999998
-1.7202,17.089199999999998
0.0423,15.326699999999999
0.0423,15.326699999999999
4.0466999999999995,10.9416
5.8233,10.9416
5.8233,10.9416
9.4893,7.05
9.4893,7.05
10.5609,7.05
12.4926,4.9491
13.578299999999999,4.9491
13.578299999999999,4.9491
15.0306,3.525
15.0306,3.525
16.1586,3.525
19.486199999999997,-0.0141
19.486199999999997,-0.0141
20.7411,-0.0141
19.4439,0.6909
21.0795,0.6909
21.0795,0.6909
15.608699999999999,5.4708
15.608699999999999,5.4708
17.1597,5.4708
8.883,10.0674
8.883,10.0674
10.1802,10.0674
5.5413,13.677
6.909,13.677
6.909,13.677
2.6931,16.807199999999998
2.6931,16.807199999999998
4.0325999999999995,16.807199999999998
3.0315,16.807199999999998
-3.6237,20.2335
-2.256,20.2335
-2.256,20.2335
-0.7473,18.2595
-0.7473,18.2595
0.2256,18.2595
4.8222000000000005,13.662899999999999
6.204,13.662899999999999
6.204,13.662899999999999
10.7442,8.9817
16.3137,5.0337
16.2009,5.0337
17.7378,5.0337
19.8105,2.961
19.937399999999997,2.961
19.937399999999997,2.961
24.4917,0.4512
24.393,0.4512
24.393,0.4512
28.3128,-1.2549
23.7444,-1.2549
23.7444,-1.2549
19.9656,2.5239
21.389699999999998,2.5239
20.868,2.5239
22.4331,2.5239
17.2302,7.05
17.2302,7.05
18.9927,7.05
13.2822,11.7876
9.7854,11.7876
9.7854,11.7876
4.3568999999999996,16.3983
4.3568999999999996,16.3983
5.654100000000001,16.3983
0.3807,20.9103
0.3807,20.9103
1.8612,20.9103
-0.1974,22.2498
1.4241000000000001,22.2498
1.4241000000000001,22.2498
4.0325999999999995,19.176000000000002
0.7191,19.176000000000002
0.7191,19.176000000000002
4.4979,15.0588
4.4979,15.0588
5.654100000000001,15.0588
9.644400000000001,11.0685
19.9797,5.9502
19.9797,5.9502
19.9797,5.9502
19.9797,5.9502
21.9255,1.3959000000000001
21.9114,1.3959000000000001
21.9114,1.3959000000000001
24.3084,0.423
24.1674,0.423
24.1674,0.423
24.914699999999996,0.9588000000000001
24.6327,0.9588000000000001
25.9299,0.9588000000000001
19.7964,3.0315
19.3734,3.0315
19.3734,3.0315
19.9233,7.867800000000001
19.2606,7.867800000000001
19.2606,7.867800000000001
11.3223,12.7041
10.3917,12.7041
11.4351,12.7041
6.9513,17.1879
6.1335,17.1879
6.1335,17.1879
-1.1844000000000001,21.7422
-1.9458000000000002,21.7422
-1.9458000000000002,21.7422
-1.2831,22.2498
-1.9035,22.2498
-0.8883,22.2498
1.5933,19.768199999999997
1.1844000000000001,19.768199999999997
1.1844000000000001,19.768199999999997
5.217,16.7226
4.935,16.7226
4.935,16.7226
7.3743,11.463299999999998
7.3461,11.463299999999998
8.290799999999999,11.463299999999998
13.9026,5.8515
13.9026,5.8515
18.724800000000002,0.9870000000000001
19.768199999999997,0.9870000000000001
19.768199999999997,0.9870000000000001
21.7422,-1.0715999999999999
19.4016,-1.0715999999999999
19.4016,-1.0715999999999999
22.6446,-0.0987
22.6446,-0.0987
22.348499999999998,-0.0987
19.3593,2.8905
16.7367,2.8905
16.2714,2.8905
12.7041,6.4578
13.5642,6.4578
13.5642,6.4578
9.165000000000001,11.1249
9.165000000000001,11.1249
8.3331,11.1249
3.6378,15.820200000000002
4.5402,15.820200000000002
3.7506,15.820200000000002
-0.6627,20.2335
0.3666,20.2335
-0.26789999999999997,20.2335
-4.0748999999999995,20.7693
-4.0748999999999995,20.7693
-3.525,20.7693
0.25379999999999997,16.9905
1.3113,16.9905
1.1139,16.9905
5.9502,12.1542
7.0077,12.1542
6.9372,12.1542
9.447000000000001,7.698600000000001
9.447000000000001,7.698600000000001
9.559800000000001,7.698600000000001
9.559800000000001,7.698600000000001
18.287699999999997,3.2571
23.6316,-2.0726999999999998
23.6316,-2.0726999999999998
24.6186,-2.0726999999999998
20.6283,-1.5087
21.6294,-1.5087
21.6294,-1.5087
22.686899999999998,1.0856999999999999
22.461299999999998,1.0856999999999999
22.461299999999998,1.0856999999999999
16.3701,3.5532
16.1022,3.5532
14.819099999999999,3.5532
13.860299999999999,7.825500000000001
10.9275,7.825500000000001
10.9275,7.825500000000001
6.7821,11.4774
6.7821,11.4774
7.684500000000001,11.4774
2.3406000000000002,16.215
2.3406000000000002,16.215
3.2853,16.215
-2.0021999999999998,21.0795
-1.0715999999999999,21.0795
-1.0715999999999999,21.0795
-1.4382,21.0795
0.25379999999999997,19.3875
-2.0585999999999998,19.3875
-2.2419,19.3875
2.7495,14.396099999999999
3.5673,14.396099999999999
3.525,14.396099999999999
9.108600000000001,9.7572
9.108600000000001,9.7572
9.108600000000001,9.7572
14.4948,5.2593
14.4948,5.2593
14.452499999999999,5.2593
18.8235,0.8883
19.6272,0.8883
19.4439,0.8883
21.728099999999998,-0.4512
19.9797,1.2972
19.9797,1.2972
19.880999999999997,1.2972
15.538200000000002,2.961
15.1998,2.961
15.1998,2.961
15.918899999999999,6.1335
12.7464,6.1335
12.9438,6.1335
12.9438,6.1335
8.4741,10.6032
8.488199999999999,10.6032
8.488199999999999,10.6032
0.7614,15.087
0.0282,15.087
0.6204,15.087
-3.5814,18.724800000000002
-3.5814,18.724800000000002
-2.9328,18.724800000000002
-5.358,17.7519
-4.8645,17.7519
-4.8645,17.7519
-1.4382,13.9872
-1.4382,13.9872
-0.9165,13.9872
3.2571,9.7572
3.2571,9.7572
3.8493000000000004,9.7572
7.755000000000001,5.9502
5.5413,5.9502
5.5413,5.9502
10.7019,0.9588000000000001
10.7019,0.9588000000000001
11.2659,0.9588000000000001
15.763800000000002,-3.5532
15.763800000000002,-3.5532
16.355999999999998,-3.5532
15.975299999999999,-3.3981
13.395,-3.3981
9.4611,0.5357999999999999
9.193200000000001,0.5357999999999999
9.193200000000001,0.5357999999999999
5.5272,4.7940000000000005
5.2593,4.7940000000000005
5.2593,4.7940000000000005
4.4697,6.204
3.8352000000000004,6.204
3.8352000000000004,6.204
2.6226,8.0511
2.0585999999999998,8.0511
2.0585999999999998,8.0511
-1.7766,12.6054
-1.7766,12.6054
-2.0726999999999998,12.6054
-4.8786,13.0707
-4.8786,13.0707
-4.3709999999999996,13.0707
0.6204,8.0793
0.6204,8.0793
0.4089,8.0793
3.9339000000000004,5.2875
3.9621000000000004,5.2875
3.9621000000000004,5.2875
3.1866,3.6237
3.2994,3.6237
3.2994,3.6237
7.3461,0.4089
7.4307,0.4089
7.4307,0.4089
12.3234,-3.6801
12.1542,-3.6801
12.1542,-3.6801
8.685599999999999,-2.5803
8.5869,-2.5803
9.2637,-2.5803
4.7517000000000005,1.9317000000000002
4.4979,1.9317000000000002
4.4979,1.9317000000000002
3.7647,3.2994
3.525,3.2994
1.8471,4.9773
-1.5792,4.9773
-1.9740000000000002,4.9773
0.6486,7.2333
0.6486,7.2333
0.2256,7.2333
-6.1053,9.221400000000001
-5.7528,9.221400000000001
-5.9643,9.221400000000001
-7.5294,10.7865
-7.5294,10.7865
-7.698600000000001,10.7865
-4.1171999999999995,7.2051
-4.1171999999999995,7.2051
-3.0174,7.2051
0.6486,3.5391
1.0715999999999999,3.5391
1.0715999999999999,3.5391
3.3699,1.3536
4.0748999999999995,1.3536
4.0748999999999995,1.3536
8.1075,-1.7907
8.1075,-1.7907
8.2485,-1.7907
7.853700000000001,-6.1617
8.3049,-6.1617
8.234399999999999,-6.1617
8.008799999999999,-5.9361
8.488199999999999,-5.9361
8.488199999999999,-5.9361
8.9112,-5.9361
5.076,-2.1008999999999998
4.7376000000000005,-2.1008999999999998
4.7376000000000005,-2.1008999999999998
0.7755,2.2842000000000002
0.3384,2.2842000000000002
0.3384,2.2842000000000002
-2.7495,5.7951
-5.2875,7.896000000000001
-10.6737,7.896000000000001
-10.6737,7.896000000000001
-5.4567,8.149799999999999
-5.4567,8.149799999999999
-5.0478,8.149799999999999
-11.703,8.347199999999999
-11.703,8.347199999999999
-11.6748,8.347199999999999
-10.5327,7.1205
-10.2789,7.1205
-10.2789,7.1205
-5.9502,2.9751
-5.696400000000001,2.9751
-5.696400000000001,2.9751
-0.9870000000000001,-1.5087
-0.9870000000000001,-1.5087
-0.7191,-1.5087
-0.0423,-1.5087
3.9339000000000004,-5.1606
3.9339000000000004,-5.1606
3.9339000000000004,-5.1606
7.966499999999999,-8.008799999999999
7.966499999999999,-8.008799999999999
7.966499999999999,-8.008799999999999
3.5391,-10.6596
3.4686,-10.6596
3.4686,-10.6596
0.7755,-8.008799999999999
0.4089,-8.008799999999999
0.4089,-8.008799999999999
-3.666,-3.9339000000000004
-3.7647,-3.9339000000000004
-4.3850999999999996,-3.9339000000000004
-8.713799999999999,0.3948
-8.713799999999999,0.3948
-8.9394,0.3948
-13.550099999999999,4.7940000000000005
-13.550099999999999,4.7940000000000005
-13.634699999999999,4.7940000000000005
-15.354899999999999,6.0489
-11.7876,2.4816
-11.844,2.4816
-11.844,2.4816
-12.3657,2.4816
-10.2507,0.6909
-10.2507,0.6909
-10.5186,0.6909
-7.5294,-1.4523
-7.5999,-1.4523
-7.5999,-1.4523
-2.3406000000000002,-5.781
-2.3406000000000002,-5.781
-2.5098,-5.781
2.6649,-9.9264
2.6649,-9.9264
-13.3668,-9.9264
-10.1802,-12.3516
-11.547899999999998,-12.3516
-11.547899999999998,-12.3516
-12.2529,-11.1531
-12.2529,-11.1531
-14.2974,-11.1531
-16.2855,-9.024
-16.2855,-9.024
-19.768199999999997,-9.024
-23.4483,-5.3439
-23.4201,-5.3439
-23.4201,-5.3439
-27.776999999999997,-0.9870000000000001
-27.3399,-0.9870000000000001
-36.885600000000004,-0.9870000000000001
-36.519,-1.3536
-35.7999,-1.3536
-42.990899999999996,-1.3536
-36.7446,-6.345
-44.1612,-6.345
-44.1612,-6.345
-39.7902,-10.716
-38.239200000000004,-10.716
-43.2729,-15.989399999999998
-43.2729,-15.989399999999998
-41.3271,-15.989399999999998
-48.0669,-20.445
-46.0224,-20.445
-46.0224,-20.445
-58.4727,-24.7596
-56.5128,-24.7596
-56.5128,-24.7596
-73.7571,-27.424500000000002
-71.8536,-27.424500000000002
-71.8536,-27.424500000000002
-97.7976,-27.706500000000002
-95.79539999999999,-27.706500000000002
-95.79539999999999,-27.706500000000002
-104.76299999999999,-27.8052
-104.76299999999999,-27.8052
-104.08619999999999,-27.8052
-119.5821,-27.833399999999997
-118.9617,-27.833399999999997
-118.9617,-27.833399999999997
-134.1192,-27.833399999999997
-133.52700000000002,-27.833399999999997
-146.18880000000001,-27.833399999999997
-146.18880000000001,-27.833399999999997
-145.7235,-27.833399999999997
-145.7235,-27.833399999999997
-145.7235,-27.833399999999997
-145.23000000000002,-27.833399999999997
-145.23000000000002,-27.833399999999997
-171.2445,-27.833399999999997
-171.2445,-27.833399999999997
-179.2815,-27.833399999999997
-179.2815,-27.833399999999997
-179.2815,-27.833399999999997
-179.07,-27.833399999999997
-185.04840000000002,-27.833399999999997
-184.8792,-27.833399999999997
-184.8792,-27.833399999999997
-190.5756,-27.833399999999997
-190.4769,-27.833399999999997
-192.0984,-27.833399999999997
-192.0984,-27.833399999999997
-192.11249999999998,-27.833399999999997
-192.11249999999998,-27.833399999999997
-192.29579999999999,-27.833399999999997
-192.4227,-27.833399999999997
-192.4227,-27.833399999999997
-193.91729999999998,-27.833399999999997
-194.1852,-27.833399999999997
-194.1852,-27.833399999999997
-194.1852,-27.833399999999997
-194.42489999999998,-27.833399999999997
-194.42489999999998,-27.833399999999997
-191.76,-27.833399999999997
-192.1971,-27.833399999999997
-192.2535,-27.776999999999997
-192.80339999999998,-27.776999999999997
-193.3674,-27.776999999999997
-191.3652,-27.762900000000002
-191.3652,-27.762900000000002
-192.08429999999998,-27.762900000000002
-103.18379999999999,-27.762900000000002
-103.18379999999999,-27.762900000000002
-103.00049999999999,-27.762900000000002
-103.00049999999999,-27.762900000000002
-103.6209,-27.762900000000002
-103.38119999999999,-27.762900000000002
-103.64909999999999,-27.762900000000002
-103.64909999999999,-27.762900000000002
-103.38119999999999,-27.762900000000002
-103.38119999999999,-27.762900000000002
-103.5504,-27.762900000000002
-103.212,-27.762900000000002
-103.212,-27.762900000000002
-103.67729999999999,-27.762900000000002
-103.67729999999999,-27.762900000000002
-103.9452,-27.762900000000002
-103.9452,-27.762900000000002
-103.9452,-27.762900000000002
-69.4143,-27.762900000000002
-69.4143,-27.762900000000002
-68.87849999999999,-27.762900000000002
-68.87849999999999,-27.762900000000002
-69.87960000000001,-27.762900000000002
-69.3156,-27.762900000000002
-49.1244,-27.762900000000002
-49.1244,-27.762900000000002
-70.5846,-27.762900000000002
-48.504,-27.762900000000002
-49.4487,-27.762900000000002
-48.8142,-27.762900000000002
-48.8142,-27.762900000000002
-49.8153,-27.762900000000002
-49.1385,-27.762900000000002
-49.9563,-27.762900000000002
-49.9563,-27.762900000000002
-49.35,-27.762900000000002
-35.5743,-27.762900000000002
-35.5743,-27.762900000000002
-35.0103,-27.762900000000002
-35.0103,-27.762900000000002
-35.955,-27.762900000000002
-35.3769,-27.762900000000002
-35.3064,-27.833399999999997
-36.6036,-27.833399999999997
-36.124199999999995,-27.833399999999997
-36.096,-27.8616
-37.1676,-27.8616
-25.8594,-27.8616
-36.674099999999996,-27.889799999999997
-37.703399999999995,-27.889799999999997
-37.703399999999995,-27.889799999999997
-26.508,-27.8616
-26.508,-27.8616
-25.958099999999998,-27.8616
-25.958099999999998,-27.8616
-28.3269,-27.8616
-28.3269,-27.8616
-27.833399999999997,-27.889799999999997
-28.792199999999998,-27.889799999999997
-28.8204,-27.8616
-28.4256,-27.8616
-29.4831,-27.8616
-22.390800000000002,-26.6349
-22.9971,-26.6349
-22.9971,-26.6349
-22.926599999999997,-26.296499999999998
-22.926599999999997,-26.296499999999998
-23.603399999999997,-26.296499999999998
-22.6587,-26.8041
-22.6587,-26.8041
-23.7021,-26.8041
-23.3919,-26.6067
-24.4353,-26.6067
-24.4353,-26.6067
-23.095799999999997,-27.5796
-23.095799999999997,-27.5796
-23.8995,-27.5796
-26.592599999999997,-24.886499999999998
-26.240099999999998,-24.886499999999998
-20.586,-24.886499999999998
-22.5459,-22.4895
-23.6175,-22.4895
-23.6175,-22.4895
-23.208599999999997,-22.4895
-23.208599999999997,-22.4895
-23.941799999999997,-22.4895
-23.3496,-22.6446
-23.3496,-22.6446
-24.252,-22.6446
-23.5611,-22.898400000000002
-24.4212,-22.898400000000002
-24.4212,-22.898400000000002
-16.5675,-24.3507
-16.5675,-24.3507
-17.596799999999998,-24.3507
-16.5675,-24.914699999999996
-16.5675,-24.914699999999996
-18.273600000000002,-23.208599999999997
-18.273600000000002,-23.208599999999997
-19.4721,-23.208599999999997
-19.711799999999997,-22.968899999999998
-19.711799999999997,-22.968899999999998
-19.2465,-22.968899999999998
-19.768199999999997,-23.2509
-19.768199999999997,-23.2509
-19.317,-23.2509
-19.5708,-23.8995
-19.2183,-23.8995
-20.1912,-23.8995
-17.540399999999998,-21.1359
-17.145599999999998,-21.1359
-17.145599999999998,-21.1359
-21.3474,-17.8788
-20.9103,-17.8788
-20.9103,-17.8788
-20.9667,-18.626099999999997
-20.5437,-18.626099999999997
-20.5437,-18.626099999999997
-19.8105,-19.3593
-19.4016,-19.3593
-19.4016,-19.3593
-21.2487,-19.4439
-20.8821,-19.4439
-20.8821,-19.4439
-18.3582,-18.062099999999997
-18.3582,-18.062099999999997
-19.020899999999997,-18.062099999999997
-18.4146,-18.668400000000002
-17.9775,-18.668400000000002
-17.9775,-18.668400000000002
-18.9222,-18.668400000000002
-16.8213,-20.3181
-16.8213,-20.3181
-16.8213,-20.3181
-16.7226,-19.9515
-16.7226,-19.9515
-16.7226,-19.9515
-16.5393,-19.6977
-16.8213,-19.4157
-20.1207,-19.4157
-14.931899999999999,-19.4157
-15.848400000000002,-18.499200000000002
-16.9059,-18.499200000000002
-16.9059,-18.499200000000002
-16.7226,-18.287699999999997
-16.7226,-18.287699999999997
-17.8506,-18.287699999999997
-18.626099999999997,-17.1315
-19.6413,-17.1315
-19.6413,-17.1315
-19.768199999999997,-16.5534
-16.3983,-16.5534
-15.947099999999999,-16.5534
-15.947099999999999,-18.442800000000002
-15.1152,-18.442800000000002
-14.7204,-18.442800000000002
-14.7204,-18.442800000000002
-15.693299999999999,-18.4146
-15.693299999999999,-18.4146
-15.1998,-18.4146
-18.048,-16.7085
-17.526300000000003,-16.7085
-17.526300000000003,-16.7085
-16.6662,-17.5686
-17.314799999999998,-17.5686
-17.314799999999998,-17.5686
-17.9775,-17.8788
-17.5686,-17.8788
-17.5686,-17.8788
-20.8962,-15.636899999999999
-20.4168,-15.636899999999999
-17.0469,-15.636899999999999
-17.5686,-15.1152
-17.089199999999998,-15.1152
-17.089199999999998,-15.1152
-16.750799999999998,-16.3983
-15.580499999999999,-17.089199999999998
-15.580499999999999,-17.089199999999998
-16.7367,-17.089199999999998
-16.3419,-16.9905
-17.427599999999998,-16.9905
-17.427599999999998,-16.9905
-16.919999999999998,-16.9905
-16.5675,-17.343
-13.352699999999999,-17.343
-13.352699999999999,-17.343
-17.3853,-17.343
-13.9872,-17.343
-13.9872,-17.343
-13.888499999999999,-16.9905
-10.857,-16.9905
-10.857,-16.9905
-11.195400000000001,-16.1445
-12.3093,-16.1445
-12.3093,-16.1445
-11.9004,-16.0458
-12.8874,-16.0458
-12.3798,-16.0458
-11.844,-16.581599999999998
-13.0707,-16.581599999999998
-13.0707,-16.581599999999998
-12.5772,-16.6239
-12.5772,-16.6239
-12.2529,-16.6239
-13.1694,-15.707400000000002
-11.2941,-15.707400000000002
-10.8993,-15.707400000000002
-14.3256,-12.2811
-15.354899999999999,-12.2811
-15.0024,-12.2811
-15.932999999999998,-11.3505
-13.1412,-11.3505
-12.7746,-11.3505
-12.5349,-11.5902
-13.5642,-11.5902
-13.1271,-11.5902
-12.7182,-11.999099999999999
-13.691099999999999,-11.999099999999999
-12.6759,-12.6054
-12.6759,-12.6054
-13.803899999999999,-12.6054
-13.888499999999999,-12.0978
-13.888499999999999,-12.0978
-11.139,-12.0978
-10.1802,-12.5913
-10.1802,-12.5913
-11.2095,-12.5913
-9.616200000000001,-13.7334
-10.6878,-13.7334
-10.6878,-13.7334
-11.4774,-12.9438
-11.0262,-12.9438
-8.4459,-12.9438
-12.3234,-12.7605
-11.8722,-12.7605
-9.108600000000001,-12.7605
-9.024,-12.8451
-8.6715,-12.8451
-9.729,-12.8451
-10.3776,-11.844
-10.3776,-11.844
-8.0793,-11.844
-9.8418,-9.6867
-9.8418,-9.6867
-10.7724,-9.6867
-13.550099999999999,-10.0815
-10.9839,-10.0815
-10.9839,-10.0815
-9.3765,-11.3787
-9.3765,-11.3787
-7.2897,-11.3787
-8.121599999999999,-10.2225
-8.121599999999999,-10.2225
-8.9958,-10.2225
-8.657399999999999,-10.2225
-9.616200000000001,-9.2637
-9.108600000000001,-9.771299999999998
-9.672600000000001,-9.771299999999998
-7.5012,-9.771299999999998
-7.05,-10.2225
-6.6693,-10.2225
-6.6693,-10.2225
-6.9795,-10.8006
-6.7116,-10.8006
-7.642200000000001,-10.8006
-9.108600000000001,-9.334200000000001
-8.8548,-9.334200000000001
-8.8548,-9.334200000000001
-8.3049,-7.853700000000001
-8.0229,-7.853700000000001
-8.0229,-7.853700000000001
-8.121599999999999,-8.5869
-7.910100000000001,-8.5869
-5.8797,-8.5869
-6.4578,-8.008799999999999
-6.4578,-8.008799999999999
-6.204,-8.008799999999999
-7.4589,-6.7539
-7.4589,-6.7539
-7.191,-6.7539
-5.2311,-7.4166
-5.2311,-7.4166
-5.499,-7.4166
-5.499,-8.234399999999999
-4.4133,-8.234399999999999
-4.4133,-8.234399999999999
-2.4111000000000002,-8.234399999999999
-5.076,-8.008799999999999
-5.076,-8.008799999999999
-5.710500000000001,-8.008799999999999
-6.3732,-7.1346
-6.3732,-7.1346
-4.0889999999999995,-7.1346
-4.2863999999999995,-6.7539
-4.2863999999999995,-6.7539
-4.7940000000000005,-6.7539
-5.1324,-6.3732
-3.9339000000000004,-4.8081000000000005
-4.3568999999999996,-4.8081000000000005
-4.2158999999999995,-4.8081000000000005
-6.0912,-3.2712
-6.0912,-3.2712
-5.9361,-3.2712
-5.8233,-3.7083
-5.8233,-3.7083
-5.682300000000001,-3.7083
-4.4274,-4.9632
-4.935,-4.9632
-4.7658000000000005,-4.9632
-2.0444999999999998,-4.9632
-2.4816,-4.5261
-2.3547000000000002,-4.5261
-2.3547000000000002,-4.5261
-2.538,-4.4979
-2.3124000000000002,-4.4979
-2.3124000000000002,-4.4979
-2.2983000000000002,-4.8081000000000005
-2.0444999999999998,-4.8081000000000005
-2.0444999999999998,-4.8081000000000005
-1.128,-5.724600000000001
-1.128,-5.724600000000001
-1.0433999999999999,-5.724600000000001
1.8471,-5.5272
1.8471,-5.5272
1.9599000000000002,-5.5272
0.2256,-3.7788
0.3243,-3.7788
0.3243,-3.7788
-1.0292999999999999,-2.4957
-0.9588000000000001,-2.4957
-0.8883,-2.4957
-0.9870000000000001,-2.3970000000000002
-1.1139,-2.3970000000000002
-1.1139,-2.3970000000000002
-1.8048,-1.6356
-1.833,-1.6356
-3.9621000000000004,0.49350000000000005
-3.9761999999999995,0.49350000000000005
-4.0184999999999995,0.49350000000000005
-0.5781000000000001,1.1844000000000001
-0.5781000000000001,1.1844000000000001
-0.564,1.1844000000000001
-3.8352000000000004,0.3948
-3.8352000000000004,0.3948
-3.8211000000000004,0.3948
0.8601,-0.2256
1.5651,-0.2256
1.7343,-0.2256
2.4252,-0.9165
2.7918000000000003,-0.9165
2.8764,-0.9165
4.4415,-2.4816
4.9632,-2.4816
5.0478,-2.4816
5.1747,-2.6085
5.8515,-2.6085
5.7951,-2.6085
5.2311,-2.0444999999999998
10.2084,-2.0444999999999998
10.011,-2.0444999999999998
5.640000000000001,-1.7625
6.3732,-1.7625
6.3732,-1.7625
7.0218,1.551
8.149799999999999,1.551
8.149799999999999,1.551
7.4025,3.2571
7.4025,3.2571
7.4025,3.2571
5.640000000000001,4.6389000000000005
7.0359,4.6389000000000005
6.5283,4.6389000000000005
6.1053,5.0619
7.726800000000001,5.0619
7.1346,5.0619
6.5001,5.696400000000001
8.431799999999999,5.696400000000001
6.3732,7.1628
6.3732,7.1628
11.547899999999998,7.1628
7.3884,8.0229
6.8244,8.0229
9.0099,8.0229
11.844,7.924200000000001
14.4102,7.924200000000001
14.4102,7.924200000000001
14.903699999999999,6.9513
14.903699999999999,6.9513
17.469900000000003,6.9513
17.2725,6.6693
17.2725,6.6693
20.1348,6.6693
19.5567,6.6411
22.8138,6.6411
22.8138,6.6411
21.897299999999998,6.627
21.897299999999998,6.627
25.1967,6.627
21.3051,9.390600000000001
21.3051,9.390600000000001
24.773699999999998,9.390600000000001
17.907,13.0143
20.8116,13.0143
20.8116,13.0143
16.5534,15.820200000000002
16.5534,15.820200000000002
19.5708,15.820200000000002
16.130399999999998,19.2606
14.7486,19.2606
17.7096,19.2606
17.7096,21.7986
16.9482,21.7986
16.9482,21.7986
16.9482,21.7986
15.862499999999999,21.4884
19.880999999999997,20.7411
18.724800000000002,20.7411
18.724800000000002,20.7411
18.8094,18.513299999999997
17.7096,18.513299999999997
20.3886,18.513299999999997
21.3756,17.526300000000003
20.4027,17.526300000000003
20.4027,17.526300000000003
21.953699999999998,18.442800000000002
20.9244,18.442800000000002
20.9244,18.442800000000002
24.745499999999996,17.2725
23.6739,17.2725
26.2824,17.2725
26.240099999999998,17.314799999999998
25.1826,17.314799999999998
25.1826,17.314799999999998
27.1707,17.9211
26.0427,17.9211
26.0427,17.9211
28.848599999999998,17.9211
26.5503,19.077299999999997
29.1024,19.077299999999997
29.1024,19.077299999999997
19.317,20.3322
21.3192,20.3322
21.3192,20.3322
18.682499999999997,21.7986
18.682499999999997,21.7986
20.5578,21.7986
17.1174,24.0828
19.020899999999997,24.0828
19.020899999999997,24.0828
17.907,25.1967
18.7671,25.1967
18.7671,25.1967
18.0903,25.8735
17.2302,25.8735
17.2302,25.8735
19.6695,23.434199999999997
26.9733,19.2042
26.9733,19.2042
26.070899999999998,19.2042
27.875700000000002,19.2042
27.875700000000002,19.2042
20.1771,19.2042
20.1771,19.2042
28.5525,19.6977
20.586,19.6977
20.586,19.6977
22.7151,18.781200000000002
21.996,18.781200000000002
23.3919,18.781200000000002
24.393,17.780099999999997
23.5047,17.780099999999997
23.5047,17.780099999999997
21.7704,19.5144
20.7552,19.5144
20.7552,19.5144
18.8658,24.3789
18.048,24.3789
18.048,24.3789
16.5957,27.212999999999997
15.834299999999999,27.212999999999997
15.834299999999999,27.212999999999997
13.4514,24.5481
12.7605,24.5481
12.7605,24.5481
21.9396,23.081699999999998
14.6922,23.081699999999998
15.749699999999999,23.081699999999998
15.890699999999999,22.9407
15.890699999999999,22.9407
15.369000000000002,22.9407
19.1337,20.163
18.7671,20.163
18.7671,20.163
22.3767,17.6109
22.3767,17.6109
24.5199,14.988299999999999
25.521,14.988299999999999
25.521,14.988299999999999
23.7021,16.412399999999998
24.4776,16.412399999999998
24.4776,16.412399999999998
23.2227,17.314799999999998
24.1251,17.314799999999998
23.7303,17.314799999999998
26.5644,15.397200000000002
26.5644,15.397200000000002
26.1132,15.397200000000002
24.914699999999996,16.5957
25.732499999999998,16.5957
25.732499999999998,16.5957
21.432,20.4027
22.2498,20.4027
21.8268,20.4027
14.1564,23.321399999999997
14.1564,23.321399999999997
13.6488,23.321399999999997
13.677,23.2932
14.523,23.2932
14.057699999999999,23.2932
12.972,24.3789
13.7898,24.3789
13.324499999999999,24.3789
12.1542,25.5492
12.7746,25.5492
12.4503,25.5492
15.566400000000002,22.4331
16.3842,22.4331
16.3842,22.4331
19.74,18.7671
20.4591,18.7671
20.1489,18.7671
24.773699999999998,14.847299999999999
24.773699999999998,14.847299999999999
24.4917,14.847299999999999
25.224899999999998,14.114099999999999
25.944,14.114099999999999
26.9169,13.1412
26.6349,13.1412
27.1284,13.1412
27.819300000000002,12.4503
28.002599999999997,12.4503
28.002599999999997,12.4503
20.4732,13.7616
19.9797,13.7616
20.4732,13.7616
16.468799999999998,17.766
15.820200000000002,17.766
16.3137,17.766
11.7876,21.558899999999998
12.2388,21.558899999999998
12.2388,21.558899999999998
7.811400000000001,25.224899999999998
7.811400000000001,25.224899999999998
8.403599999999999,25.224899999999998
6.1335,26.8887
6.1335,26.8887
6.7116,26.8887
8.431799999999999,24.6609
8.431799999999999,24.6609
8.431799999999999,24.6609
13.465499999999999,19.3029
13.465499999999999,19.3029
14.762699999999999,19.3029
14.537099999999999,14.6922
19.1478,14.6922
19.824599999999997,14.6922
19.6413,14.6922
24.6609,10.434
24.6609,10.434
24.4212,10.434
27.776999999999997,7.0782
27.776999999999997,7.0782
27.776999999999997,7.0782
27.480900000000002,7.0218
20.3463,10.3212
19.937399999999997,10.3212
20.727,10.3212
16.243199999999998,14.805
16.243199999999998,14.805
15.763800000000002,14.805
12.831,18.499200000000002
12.831,18.499200000000002
12.2529,18.499200000000002
10.011,21.432
10.011,21.432
10.293,21.432
6.2745,25.450499999999998
6.2745,25.450499999999998
5.8656,25.450499999999998
6.5283,25.450499999999998
7.4166,24.252
7.4166,24.252
8.2203,24.252
13.3386,18.908099999999997
14.085899999999999,18.908099999999997
14.085899999999999,18.908099999999997
18.0339,14.805
18.0339,14.805
18.7107,14.805
21.996,11.4069
21.996,11.4069
22.701,11.4069
25.9722,8.1357
25.788899999999998,8.1357
25.788899999999998,8.1357
27.2835,6.6411
28.228199999999998,6.6411
28.228199999999998,6.6411
24.999299999999998,9.559800000000001
24.999299999999998,9.559800000000001
25.6479,9.559800000000001
20.5719,14.283299999999999
20.5719,14.283299999999999
20.5719,14.283299999999999
15.679200000000002,19.176000000000002
15.270299999999999,19.176000000000002
7.5999,23.0535
7.5999,23.0535
7.1487,23.0535
4.9209,25.281299999999998
4.4274,25.281299999999998
4.4274,25.281299999999998
4.2722999999999995,26.5503
3.8352000000000004,26.5503
3.8352000000000004,26.5503
3.9621000000000004,26.8605
3.9621000000000004,26.8605
3.6096,26.8605
7.867800000000001,23.138099999999998
7.867800000000001,23.138099999999998
7.614,23.138099999999998
13.3386,17.413500000000003
13.3386,17.413500000000003
13.1976,17.413500000000003
19.1619,12.3516
19.063200000000002,12.3516
19.063200000000002,12.3516
24.3648,7.4448
24.3648,7.4448
24.252,7.4448
23.5611,4.4415
23.5611,4.4415
23.321399999999997,4.4415
26.7336,5.654100000000001
26.3811,5.654100000000001
26.3811,5.654100000000001
18.569699999999997,9.644400000000001
18.0762,9.644400000000001
18.0762,9.644400000000001
14.0718,14.114099999999999
13.493699999999999,14.114099999999999
13.944899999999999,14.114099999999999
9.334200000000001,18.724800000000002
9.334200000000001,18.724800000000002
4.6671000000000005,22.743299999999998
5.2029,22.743299999999998
4.4979,22.743299999999998
2.8059000000000003,24.4353
3.2853,24.4353
2.6508,24.4353
1.6215,25.9863
1.6215,25.9863
1.6215,25.9863
0.1974,23.2227
0.7473,23.2227
0.7473,23.2227
9.4329,17.9634
6.2181,17.9634
6.2181,17.9634
11.4774,13.1271
11.4774,13.1271
11.4774,13.1271
16.4406,8.1357
17.0187,8.1357
17.0187,8.1357
22.3062,2.8341000000000003
22.912499999999998,2.8341000000000003
22.912499999999998,2.8341000000000003
25.0698,1.1139
25.0698,1.1139
24.830099999999998,1.1139
23.1099,2.8341000000000003
23.7444,2.8341000000000003
23.7444,2.8341000000000003
18.569699999999997,7.670400000000001
19.2465,7.670400000000001
19.2465,7.670400000000001
14.9742,12.1683
14.9742,12.1683
14.9742,12.1683
14.452499999999999,12.1683
10.6737,16.7085
10.6737,16.7085
10.2084,16.7085
6.4014,21.3051
4.0466999999999995,23.659799999999997
3.6096,23.659799999999997
3.6096,23.659799999999997
3.7083,23.5611
3.3417,23.5611
1.2831,23.5611
6.8244,21.389699999999998
6.8244,21.389699999999998
3.9198000000000004,21.389699999999998
8.149799999999999,17.1597
7.994699999999999,17.1597
7.994699999999999,17.1597
15.707400000000002,13.0566
15.707400000000002,13.0566
13.4796,13.0566
18.0339,8.5023
17.9916,8.5023
18.668400000000002,8.5023
22.8843,4.2863999999999995
23.4483,4.2863999999999995
23.4483,4.2863999999999995
23.4483,4.2863999999999995
23.025299999999998,4.6812000000000005
23.6316,4.6812000000000005
23.6316,4.6812000000000005
20.8821,7.3602
21.432,7.3602
21.432,7.3602
18.9786,10.2789
18.9786,10.2789
18.9786,10.2789
14.0436,15.1434
14.5512,15.1434
14.5512,15.1434
10.5468,19.077299999999997
10.9698,19.077299999999997
10.9698,19.077299999999997
8.0793,22.334400000000002
8.572799999999999,21.840899999999998
8.5023,21.840899999999998
8.5023,21.840899999999998
10.7442,19.937399999999997
10.7442,19.937399999999997
10.6737,19.937399999999997
12.1401,18.795299999999997
12.1401,18.795299999999997
12.408,18.795299999999997
12.408,18.795299999999997
14.565299999999999,16.637999999999998
14.4948,16.637999999999998
14.7486,16.637999999999998
15.354899999999999,12.5349
15.312600000000002,12.5349
15.510000000000002,12.5349
18.1608,9.7854
18.1608,9.7854
18.3582,9.7854
18.9222,9.221400000000001
18.781200000000002,9.221400000000001
18.9222,9.221400000000001
16.9059,11.0685
16.9059,11.0685
17.0046,11.0685
15.157499999999999,12.9156
14.931899999999999,12.9156
15.0306,12.9156
13.239899999999999,14.706299999999999
12.972,14.706299999999999
13.0425,14.706299999999999
7.5435,16.9482
7.2051,16.9482
7.2051,16.9482
9.165000000000001,18.2454
8.8548,18.2454
8.8548,18.2454
5.5131,17.9775
5.7528,17.9775
5.7528,17.9775
7.726800000000001,16.0035
7.4025,16.0035
9.4329,14.085899999999999
9.4329,14.085899999999999
9.1791,14.085899999999999
10.2507,13.0143
10.0392,13.0143
10.0392,13.0143
10.2648,10.0674
10.2648,10.0674
10.0533,10.0674
15.622800000000002,7.726800000000001
15.622800000000002,7.726800000000001
15.453600000000002,7.726800000000001
13.0707,7.3179
13.0707,7.3179
12.7887,7.3179
12.9297,7.1769
12.9297,7.1769
12.6759,7.1769
10.998,9.531600000000001
10.998,9.531600000000001
10.6314,9.531600000000001
10.152,10.011
10.5891,10.011
10.716,10.011
8.1921,12.5349
7.853700000000001,12.5349
7.853700000000001,12.5349
6.1194,14.2692
6.1194,14.2692
5.8233,14.2692
7.191,12.9015
7.191,12.9015
6.8949,12.9015
9.771299999999998,11.8722
9.5457,11.8722
9.5457,11.8722
10.716,10.7019
10.716,10.7019
12.0837,9.2073
13.5924,9.2073
13.5924,9.2073
12.5772,6.9231
13.2822,6.9231
13.2822,6.9231
14.1846,5.9079
14.8614,5.9079
14.8614,5.9079
14.6922,5.9079
15.425400000000002,5.9079
15.425400000000002,5.9079
13.1694,7.966499999999999
13.1694,7.966499999999999
13.691099999999999,7.966499999999999
11.0685,10.5891
11.7876,10.5891
11.7876,10.5891
10.1238,12.0414
10.7583,12.0414
10.7583,12.0414
9.165000000000001,13.4232
9.165000000000001,13.4232
9.87,13.4232
8.1921,14.903699999999999
5.597700000000001,14.903699999999999
5.597700000000001,14.903699999999999
9.1227,14.424299999999999
6.4578,14.424299999999999
6.4578,14.424299999999999
6.8667,14.424299999999999
8.7843,12.5067
8.7843,12.5067
8.6433,12.5067
10.3776,11.280000000000001
10.3776,11.280000000000001
10.2789,11.280000000000001
12.1119,9.968699999999998
12.1119,9.968699999999998
12.5208,9.968699999999998
15.0306,7.4589
16.637999999999998,5.8515
16.5534,5.8515
16.976399999999998,5.8515
16.694399999999998,6.1335
16.5675,6.1335
16.5675,6.1335
15.439499999999999,7.2615
16.130399999999998,7.2615
16.130399999999998,7.2615
11.2095,9.108600000000001
10.9416,9.108600000000001
11.280000000000001,9.108600000000001
9.136800000000001,11.251800000000001
8.7561,11.251800000000001
9.136800000000001,11.251800000000001
9.136800000000001,11.251800000000001
5.0619,14.9178
5.0619,14.9178
5.0619,14.9178
3.3135,16.215
4.0043999999999995,16.215
4.0043999999999995,16.215
3.6519,16.215
3.6519,16.215
3.6519,16.215
6.3732,13.9026
6.3732,13.9026
6.3732,13.9026
10.1661,9.9264
7.740900000000001,9.9264
7.740900000000001,9.9264
10.2507,7.3179
10.6032,7.3179
10.6032,7.3179
13.7616,4.3568999999999996
13.7616,4.3568999999999996
13.7616,4.3568999999999996
14.7486,3.4968
13.324499999999999,4.9209
13.324499999999999,4.9209
12.9438,4.9209
13.4232,4.9209
10.5468,7.797300000000001
10.2366,7.797300000000001
10.7583,7.797300000000001
9.249600000000001,8.8689
9.249600000000001,8.8689
9.855899999999998,8.8689
7.3602,8.8125
6.7962,8.8125
7.3884,8.8125
4.512,11.688899999999999
4.0043999999999995,11.688899999999999
4.0043999999999995,11.688899999999999
2.4252,13.268099999999999
1.9880999999999998,13.268099999999999
1.9880999999999998,13.268099999999999
3.1584,12.0978
5.3721,12.0978
4.9209,12.0978
7.4025,9.616200000000001
7.0923,9.616200000000001
5.611800000000001,9.616200000000001
6.6411,8.4177
6.6411,8.4177
7.5294,8.4177
9.8418,6.1053
9.729,6.1053
10.6455,6.1053
13.1976,3.5532
13.0002,3.5532
14.029499999999999,3.5532
14.903699999999999,2.679
14.649899999999999,2.679
15.707400000000002,2.679
10.7583,4.6671000000000005
10.5609,4.6671000000000005
11.491499999999998,4.6671000000000005
9.362400000000001,6.7962
9.0381,6.7962
9.1509,7.642200000000001
9.1509,7.642200000000001
9.8418,7.642200000000001
7.5576,9.9264
7.5576,9.9264
7.1628,9.9264
3.102,11.914499999999999
2.7777,11.914499999999999
2.7777,11.914499999999999
4.1594999999999995,14.5794
4.1594999999999995,14.5794
3.9339000000000004,14.5794
4.5966000000000005,13.916699999999999
2.2701,13.916699999999999
2.0726999999999998,13.916699999999999
6.3591,10.4763
6.2604,10.4763
6.2604,10.4763
9.136800000000001,8.431799999999999
9.136800000000001,8.431799999999999
9.0804,8.431799999999999
12.6195,5.724600000000001
12.6195,5.724600000000001
12.549,5.724600000000001
15.481800000000002,3.6237
15.481800000000002,3.6237
15.453600000000002,3.6237
13.2117,3.3981
13.2117,3.3981
13.818,3.3981
16.7226,3.8775000000000004
16.7226,3.8775000000000004
16.5957,3.8775000000000004
10.5609,7.1487
10.5609,7.1487
10.4199,7.1487
11.1108,10.3776
11.421000000000001,10.3776
4.4979,13.6206
4.4979,13.6206
5.1042,13.6206
4.3145999999999995,14.283299999999999
4.8927,14.283299999999999
4.8927,14.283299999999999
5.5695,13.4232
6.1053,13.4232
6.1053,13.4232
2.1572999999999998,14.678099999999999
2.1572999999999998,14.678099999999999
2.1572999999999998,14.678099999999999
3.4686,13.268099999999999
3.9198000000000004,13.268099999999999
3.8493000000000004,13.268099999999999
11.223600000000001,8.9958
11.660699999999999,8.9958
11.660699999999999,8.9958
12.267,5.4426
12.267,5.4426
12.267,5.4426
12.5067,5.1324
12.831,5.1324
12.7605,5.1324
12.7605,4.5966000000000005
13.578299999999999,4.5966000000000005
13.578299999999999,4.5966000000000005
13.395,4.5966000000000005
15.087,2.9046
15.087,2.9046
14.8332,2.9046
7.924200000000001,6.8949
7.924200000000001,6.8949
7.5717,6.8949
3.7788,10.8711
3.7788,10.8711
3.5814,10.8711
2.3406000000000002,12.1119
2.3406000000000002,12.1119
2.0726999999999998,12.1119
1.3395,12.8451
0.12689999999999999,14.057699999999999
-0.3948,14.057699999999999
-0.1833,14.057699999999999
-1.1844000000000001,14.7204
-1.1844000000000001,14.7204
-1.1844000000000001,14.7204
1.1421000000000001,12.3939
1.4523,12.3939
1.4523,12.3939
1.4523,12.3939
6.9372,6.768
3.9761999999999995,6.768
3.9761999999999995,6.768
11.0262,2.9892
11.364600000000001,2.9892
11.364600000000001,2.9892
9.827699999999998,1.1985000000000001
10.1943,1.1985000000000001
10.1943,1.1985000000000001
15.397200000000002,-0.6345
15.397200000000002,-0.6345
15.397200000000002,-0.6345
11.251800000000001,-0.1974
12.2106,-0.1974
12.2106,-0.1974
8.4459,3.1584
8.9676,3.1584
8.9676,3.1584
3.6237,8.149799999999999
4.2722999999999995,8.149799999999999
4.2722999999999995,8.149799999999999
1.9599000000000002,9.884099999999998
-0.564,9.884099999999998
-0.564,9.884099999999998
-0.0141,12.0837
-0.0141,12.0837
-0.0141,12.0837
-1.4946,13.296299999999999
-1.4946,13.296299999999999
1.7766,10.0251
1.5933,10.0251
0.3666,10.0251
4.3709999999999996,6.0207
4.2440999999999995,6.0207
4.2440999999999995,6.0207
6.2322,4.0325999999999995
6.2322,4.0325999999999995
7.839600000000001,4.0325999999999995
9.6585,2.2137
9.644400000000001,2.2137
10.5891,2.2137
13.0566,-0.25379999999999997
13.0284,-0.25379999999999997
14.0436,-0.25379999999999997
13.0002,0.7896
12.8874,0.7896
12.8874,0.7896
11.0262,2.6508
10.8288,2.6508
8.798399999999999,2.6508
6.2463,5.2029
6.7116,5.2029
6.7116,5.2029
4.3286999999999995,7.5858
3.9621000000000004,7.5858
4.8504,7.5858
1.2126,11.223600000000001
0.846,11.223600000000001
1.6074,11.223600000000001
0.141,12.69
-0.141,12.69
-0.141,12.69
0.1833,12.1542
0.1833,12.1542
-2.4534,12.1542
0.9165,8.7843
0.8319,8.7843
1.4382,8.7843
4.9068,5.3157
4.8504,5.3157
8.488199999999999,2.3124000000000002
8.488199999999999,2.3124000000000002
8.375399999999999,2.3124000000000002
9.5175,1.1703000000000001
9.5175,1.1703000000000001
9.5457,1.1703000000000001
11.139,0.8319
11.139,0.8319
11.139,0.8319
13.239899999999999,-1.269
13.239899999999999,-1.269
13.0707,-1.269
9.6867,-0.5357999999999999
9.6867,-0.5357999999999999
9.2919,-0.5357999999999999
4.5402,4.6671000000000005
4.5402,4.6671000000000005
4.5543000000000005,4.6671000000000005
0.8319,8.3895
0.8319,8.3895
0.2115,8.3895
-1.3959000000000001,9.9969
-1.3959000000000001,9.9969
-2.0585999999999998,9.9969
-1.0715999999999999,9.9969
-3.1725,12.0978
-6.2886,12.0978
-5.7387,11.547899999999998
-5.7387,11.547899999999998
-5.8797,11.547899999999998
-5.4708,7.332
-1.2549,7.332
-1.2549,7.332
-0.7050000000000001,7.332
3.8493000000000004,2.7777
3.9057000000000004,2.7777
3.9057000000000004,2.7777
6.8244,-0.141
9.418800000000001,-2.4816
10.7301,-2.4816
10.7301,-2.4816
12.972,-4.4133
10.7583,-4.4133
10.9275,-4.4133
12.9438,-5.654100000000001
12.9438,-5.654100000000001
12.9438,-5.654100000000001
10.6737,-3.4827
11.463299999999998,-3.4827
11.463299999999998,-3.4827
6.3591,1.269
7.2333,1.269
7.2333,1.269
3.2571,5.724600000000001
3.2571,5.724600000000001
2.6649,5.724600000000001
0.3807,5.724600000000001
-3.5814,9.6867
-3.5814,9.6867
-4.1312999999999995,9.6867
-5.597700000000001,11.914499999999999
-5.597700000000001,11.914499999999999
-6.0207,11.914499999999999
-6.3309,12.2247
-8.3895,12.2247
-7.924200000000001,12.2247
-4.8222000000000005,9.1227
-4.8222000000000005,9.1227
-4.8222000000000005,9.1227
-0.1974,5.217
-0.1974,5.217
-0.0141,5.217
5.076,0.8883
5.076,0.8883
5.2452,0.8883
7.3743,-3.8634000000000004
7.3743,-3.8634000000000004
7.5858,-3.8634000000000004
12.972,-5.654100000000001
13.0002,-5.682300000000001
13.2258,-5.682300000000001
13.2258,-5.682300000000001
13.2117,-5.682300000000001
10.9275,-4.8363000000000005
10.9275,-4.8363000000000005
10.9275,-4.8363000000000005
8.0229,-2.1008999999999998
8.798399999999999,-2.1008999999999998
8.798399999999999,-2.1008999999999998
4.0466999999999995,2.2701
1.3395,2.2701
1.3395,2.2701
0.23970000000000002,6.1758
0.9588000000000001,6.1758
0.9588000000000001,6.1758
-7.1487,10.0533
-6.8103,10.0533
-6.8103,10.0533
-8.9676,11.801699999999999
-8.4741,11.801699999999999
-8.4741,11.801699999999999
-8.516399999999999,9.334200000000001
-8.177999999999999,9.334200000000001
-8.177999999999999,9.334200000000001
-1.5228,5.1324
-3.7083,5.1324
-3.7083,5.1324
-0.26789999999999997,1.9599000000000002
0.23970000000000002,1.9599000000000002
0.23970000000000002,1.9599000000000002
5.3298,-2.1995999999999998
5.3298,-2.1995999999999998
5.3298,-2.1995999999999998
8.093399999999999,-6.9513
8.3895,-6.9513
8.3895,-6.9513
9.87,-8.3331
10.3071,-8.3331
7.6281,-5.654100000000001
7.642200000000001,-5.654100000000001
8.0229,-5.654100000000001
3.2853,-0.9165
3.2853,-0.9165
3.2853,-0.9165
2.3265000000000002,0.0423
1.9458000000000002,0.0423
-0.282,0.0423
-3.2712,3.0315
-3.6942,3.0315
-3.6942,3.0315
-7.867800000000001,6.7539
-7.867800000000001,6.7539
-7.698600000000001,6.7539
-8.713799999999999,7.769100000000001
-8.9676,7.769100000000001
-8.5587,7.769100000000001
-6.3027,5.3862
-7.614,5.3862
-7.614,5.3862
-3.3981,2.8341000000000003
-3.1443,2.8341000000000003
-4.7376000000000005,2.8341000000000003
-1.3677,-0.5357999999999999
-0.9165,-0.5357999999999999
-0.5922000000000001,-0.5357999999999999
4.0889999999999995,-5.217
4.9068,-5.217
4.9068,-5.217
7.924200000000001,-8.234399999999999
8.262599999999999,-8.234399999999999
8.7279,-8.234399999999999
6.7539,-8.3895
6.8244,-8.3895
6.9372,-8.3895
3.8634000000000004,-5.3157
4.0466999999999995,-5.3157
4.0466999999999995,-5.3157
0.6486,-1.9176000000000002
0.3948,-1.9176000000000002
-2.6649,1.6497
-3.0456,1.6497
-3.0456,1.6497
-7.2756,4.5543000000000005
-7.2756,4.5543000000000005
-7.6281,4.5543000000000005
-9.87,6.7962
-9.87,6.7962
-10.1802,6.7962
-11.195400000000001,7.867800000000001
-11.195400000000001,7.867800000000001
-11.336400000000001,7.867800000000001
-8.8689,5.499
-8.8689,5.499
-9.616200000000001,5.499
-4.7376000000000005,1.5087
-4.7376000000000005,1.5087
-4.3427999999999995,1.5087
0.8178,-3.6519
0.8178,-3.6519
1.3254,-3.6519
4.8504,-7.952399999999999
4.8504,-7.952399999999999
5.3439,-7.952399999999999
5.3439,-10.2366
7.994699999999999,-10.2366
7.994699999999999,-10.2366
8.262599999999999,-10.2366
8.0511,-10.0251
8.1639,-10.0251
8.5023,-10.0251
5.2029,-6.7257
5.2311,-6.7257
5.2311,-6.7257
-0.2115,-2.0726999999999998
-0.5357999999999999,-2.0726999999999998
-0.4653,-2.0726999999999998
-5.0337,2.4957
-9.2919,6.2886
-9.0945,6.2886
-9.0945,6.2886
-10.7865,7.726800000000001
-10.7865,7.726800000000001
-10.7865,7.726800000000001
-11.519699999999998,8.0511
-11.519699999999998,8.0511
-11.519699999999998,8.0511
-11.6748,8.0511
-10.5468,6.8949
-10.5468,6.8949
-10.4763,6.8949
-6.486,2.9751
-6.486,2.9751
-6.0489,2.9751
-0.3666,-2.4816
-0.3666,-2.4816
0.3384,-2.4816
5.724600000000001,-7.4166
5.724600000000001,-7.4166
6.4437,-7.4166
9.6585,-10.6314
9.6585,-10.6314
10.1661,-10.6314
10.9557,-11.0262
10.9557,-11.0262
11.0685,-11.0262
8.7561,-8.3613
8.7561,-8.3613
8.5305,-8.3613
4.0607999999999995,-3.8916000000000004
4.0607999999999995,-3.8916000000000004
4.0184999999999995,-3.8916000000000004
-0.3807,0.9588000000000001
-0.3807,0.9588000000000001
-0.9870000000000001,0.9588000000000001
-5.5413,5.8515
-5.5413,5.8515
-6.1335,5.8515
-9.165000000000001,9.884099999999998
-9.165000000000001,9.884099999999998
-9.418800000000001,9.7572
-9.418800000000001,9.7572
-9.418800000000001,9.7572
-8.6151,8.6151
-8.3049,8.6151
-8.3049,8.6151
-5.8233,6.0771
-5.8233,6.0771
-5.8233,6.0771
-0.5075999999999999,1.9317000000000002
-0.5075999999999999,1.9317000000000002
0.0423,1.9317000000000002
4.6530000000000005,-2.679
5.8797,-2.679
5.8797,-2.679
11.5338,-7.867800000000001
11.5338,-7.867800000000001
11.5338,-7.867800000000001
14.142299999999999,-8.8548
14.142299999999999,-8.8548
14.142299999999999,-8.8548
12.5208,-7.191
13.3668,-7.191
13.3668,-7.191
9.221400000000001,-3.243
10.2648,-3.243
10.2648,-3.243
5.9643,1.4946
5.9643,1.4946
5.9643,1.4946
0.5357999999999999,6.0771
1.3818,6.0771
1.3818,6.0771
-4.0466999999999995,10.7583
-3.1161,10.7583
-3.1161,10.7583
-5.2311,13.1412
-5.2311,13.1412
-3.2712,11.1813
-3.6378,11.1813
-3.6378,11.1813
-0.6063,8.149799999999999
-0.9447,8.149799999999999
0.9870000000000001,8.149799999999999
3.1584,5.9784
4.2158999999999995,5.9784
4.2158999999999995,5.9784
6.6975,3.4968
6.8244,3.4968
8.1075,3.4968
11.4774,-0.6345
11.519699999999998,-0.6345
12.6195,-0.6345
15.947099999999999,-2.9046
16.1163,-2.9046
16.1163,-2.9046
15.467699999999999,-2.256
15.242099999999999,-2.256
16.4547,-2.256
12.1119,2.0867999999999998
11.6748,2.0867999999999998
13.0002,2.0867999999999998
10.0815,5.0055
9.362400000000001,5.0055
9.362400000000001,5.0055
7.05,8.8407
6.1476,8.8407
6.1194,8.8407
3.2007,13.2117
2.3124000000000002,13.2117
2.1854999999999998,13.2117
2.1854999999999998,15.1716
1.0292999999999999,15.1716
1.0292999999999999,15.1716
1.0292999999999999,15.1716
2.1713999999999998,13.536
3.8775000000000004,13.536
3.8775000000000004,13.536
6.6129,10.4481
10.7442,7.839600000000001
10.7442,7.839600000000001
12.3234,7.839600000000001
14.1,6.063
14.1,6.063
13.959,6.063
15.284400000000002,4.1171999999999995
15.284400000000002,4.1171999999999995
15.157499999999999,4.1171999999999995
19.429799999999997,1.6215
19.429799999999997,1.6215
20.8821,1.6215
20.445,2.0585999999999998
20.445,2.0585999999999998
19.8528,2.0585999999999998
17.7519,5.9361
17.7519,5.9361
16.9341,5.9361
19.006800000000002,10.7019
14.241,10.7019
11.914499999999999,10.7019
11.914499999999999,10.7019
8.4459,14.170499999999999
7.4025,14.170499999999999
8.8407,14.170499999999999
5.2029,17.8083
4.1735999999999995,17.8083
5.7528,17.8083
3.9902999999999995,19.5708
3.0597,19.5708
3.0597,19.5708
3.6237,19.006800000000002
2.961,19.006800000000002
2.961,19.006800000000002
6.0348,15.932999999999998
5.668200000000001,15.932999999999998
7.2615,15.932999999999998
11.308200000000001,11.886299999999999
15.566400000000002,7.332
17.061,7.332
17.061,7.332
19.4157,4.7517000000000005
20.9949,4.7517000000000005
20.9949,4.7517000000000005
20.8116,4.7517000000000005
23.8431,3.3699
23.8431,3.3699
23.5893,3.3699
25.7607,2.9328
25.7607,2.9328
25.2954,2.9328
25.563299999999998,4.5543000000000005
25.563299999999998,4.5543000000000005
24.858299999999996,4.5543000000000005
22.461299999999998,8.8689
22.461299999999998,8.8689
21.5166,8.8689
18.781200000000002,13.606499999999999
18.781200000000002,13.606499999999999
14.226899999999999,13.606499999999999
9.7572,18.0762
9.7572,18.0762
8.685599999999999,18.0762
5.8092,22.6446
5.8092,22.6446
4.7799000000000005,22.6446
4.2722999999999995,24.971099999999996
4.2722999999999995,24.971099999999996
3.3276,24.971099999999996
6.6834,23.5329
6.6834,23.5329
5.9361,23.5329
10.8147,20.586
10.8147,20.586
10.3071,20.586
11.251800000000001,16.355999999999998
11.251800000000001,16.355999999999998
12.5067,16.355999999999998
23.377799999999997,11.2659
23.377799999999997,11.2659
27.875700000000002,6.5988
23.659799999999997,6.5988
23.659799999999997,6.5988
26.0286,4.0043999999999995
27.4668,4.0043999999999995
27.4668,4.0043999999999995
26.79,4.3145999999999995
28.3269,4.3145999999999995
28.3269,4.3145999999999995
24.0969,8.008799999999999
25.619699999999998,8.008799999999999
25.619699999999998,8.008799999999999
21.840899999999998,11.0544
23.208599999999997,11.0544
23.208599999999997,11.0544
20.4027,14.480699999999999
20.4027,14.480699999999999
20.4027,14.480699999999999
14.523,19.176000000000002
16.186799999999998,19.176000000000002
16.186799999999998,19.176000000000002
5.0196,23.659799999999997
6.2886,23.659799999999997
6.2886,23.659799999999997
3.9057000000000004,25.098
5.2311,25.098
5.2311,25.098
6.5706,22.799699999999998
8.0793,22.799699999999998
8.0793,22.799699999999998
9.0945,21.009
10.5327,21.009
10.5327,21.009
12.7605,18.231299999999997
12.7605,18.231299999999997
12.7605,18.231299999999997
16.807199999999998,13.818
19.711799999999997,13.818
24.6045,8.9253
24.2097,8.9253
25.788899999999998,8.9253
28.002599999999997,6.7116
27.6783,6.7116
27.6783,6.7116
26.6208,7.769100000000001
26.183699999999998,7.769100000000001
22.785600000000002,7.769100000000001
28.058999999999997,9.108600000000001
27.5232,9.108600000000001
29.1024,9.108600000000001
26.8887,11.3223
20.5719,11.3223
20.5719,11.3223
17.0046,14.8896
16.1586,14.8896
17.5686,14.8896
12.8592,19.598999999999997
11.9004,19.598999999999997
13.395,19.598999999999997
8.9817,24.0123
9.277800000000001,24.0123
9.277800000000001,24.0123
7.0641,26.226
6.2604,26.226
6.2604,26.226
6.2604,24.1674
7.656300000000001,24.1674
4.6389000000000005,24.1674
4.6389000000000005,24.1674
10.5609,19.077299999999997
10.5609,19.077299999999997
10.5609,19.077299999999997
20.9667,14.678099999999999
15.693299999999999,14.678099999999999
15.425400000000002,14.678099999999999
19.4016,10.7019
20.586,10.7019
20.586,10.7019
24.3789,7.797300000000001
25.4364,6.7398
25.4364,6.7398
25.1967,6.7398
26.648999999999997,6.3168
26.648999999999997,6.3168
26.2683,6.3168
26.6067,7.1769
26.6067,7.1769
27.043799999999997,7.1769
22.3062,11.914499999999999
22.3062,11.914499999999999
21.615299999999998,11.914499999999999
22.7151,16.186799999999998
18.442800000000002,16.186799999999998
17.625,16.186799999999998
18.781200000000002,16.186799999999998
13.352699999999999,21.615299999999998
12.4785,21.615299999999998
12.4785,21.615299999999998
8.8689,25.224899999999998
7.980599999999999,25.224899999999998
4.2581999999999995,25.224899999999998
9.4893,26.1132
2.6508,26.1132
3.6096,26.1132
5.0619,24.6609
4.4697,24.6609
5.4426,24.6609
9.672600000000001,20.4309
9.2637,20.4309
10.3635,20.4309
14.5794,16.215
14.241,16.215
15.284400000000002,16.215
19.7823,11.717099999999999
19.5144,11.717099999999999
20.4591,11.717099999999999
22.856099999999998,9.3201
23.5893,9.3201
26.4657,6.4437
26.4657,6.4437
26.085,6.4437
26.536199999999997,6.9936
26.536199999999997,6.9936
26.127299999999998,6.9936
24.3366,9.729
24.3366,9.729
23.7444,9.729
21.840899999999998,12.4503
21.840899999999998,12.4503
21.1359,12.4503
11.9004,16.8213
11.9004,16.8213
11.0967,16.8213
7.755000000000001,21.1077
7.755000000000001,21.1077
7.896000000000001,21.1077
3.8634000000000004,25.1403
3.8634000000000004,25.1403
3.1443,25.1403
3.3417,24.942899999999998
3.3417,24.942899999999998
2.7354,24.942899999999998
6.6834,22.8702
6.6834,22.8702
6.2604,22.8702
9.8418,19.288800000000002
9.8418,19.288800000000002
9.5739,19.288800000000002
16.863599999999998,14.057699999999999
16.863599999999998,14.057699999999999
16.750799999999998,14.057699999999999
22.6023,9.193200000000001
22.4331,9.193200000000001
22.4331,9.193200000000001
27.9039,4.7235000000000005
27.9039,4.7235000000000005
27.6219,4.7235000000000005
28.5384,4.6953000000000005
28.5384,4.6953000000000005
24.886499999999998,8.093399999999999
25.8171,8.093399999999999
25.8171,8.093399999999999
19.317,9.4611
19.317,9.4611
18.8094,9.4611
16.2714,11.999099999999999
17.0469,11.999099999999999
17.0469,11.999099999999999
11.5338,16.8777
12.3516,16.8777
12.3516,16.8777
7.1487,21.389699999999998
7.994699999999999,21.389699999999998
7.994699999999999,21.389699999999998
4.3568999999999996,24.4635
5.1606,24.4635
5.1606,24.4635
6.8949,22.2216
7.684500000000001,22.2216
7.684500000000001,22.2216
12.5208,17.766
12.5208,17.766
12.5208,17.766
16.3278,13.677
17.258399999999998,13.677
17.258399999999998,13.677
20.5155,10.2225
21.2487,10.2225
21.2487,10.2225
25.4646,6.6411
25.4646,6.6411
25.4646,6.6411
25.6338,6.1053
21.15,6.1053
21.15,6.1053
20.6142,6.1053
17.9775,9.475200000000001
13.6206,13.832099999999999
13.662899999999999,13.832099999999999
13.662899999999999,13.832099999999999
9.3483,18.1467
8.6997,18.1467
9.4047,18.1467
6.8103,20.7411
5.9784,20.7411
6.7398,20.7411
1.4805,22.701
1.4664,22.701
1.4664,22.701
4.4415,23.095799999999997
0.5357999999999999,23.095799999999997
1.2831,23.095799999999997
5.8938,18.4851
5.5272,18.4851
6.3027,18.4851
11.0544,13.521899999999999
11.0544,13.521899999999999
11.914499999999999,13.521899999999999
11.914499999999999,13.521899999999999
16.694399999999998,8.6433
17.5122,8.6433
17.5122,8.6433
21.8127,4.2581999999999995
22.616400000000002,4.2581999999999995
22.616400000000002,4.2581999999999995
26.2824,1.2408
26.2824,1.2408
26.2824,1.2408
23.603399999999997,3.5673
24.4776,3.5673
24.4776,3.5673
16.8354,7.4448
17.5545,7.4448
17.5545,7.4448
15.693299999999999,12.0414
15.693299999999999,12.0414
13.239899999999999,12.0414
7.896000000000001,16.6803
1.0856999999999999,21.3051
1.0856999999999999,21.3051
0.3666,21.3051
-2.5803,25.0134
-2.5803,25.0134
-3.2571,25.0134
-2.3547000000000002,25.0134
-2.5944,25.2531
-3.0879,25.2531
-2.2419,25.2531
1.1421000000000001,21.8691
0.7614,21.8691
1.6215,21.8691
6.8667,16.6239
6.627,16.6239
7.5576,16.6239
12.3375,11.844
12.267,11.844
10.1097,11.844
15.0306,6.9231
15.016499999999999,6.9231
15.834299999999999,6.9231
20.7975,1.9599000000000002
20.6988,1.9599000000000002
20.6988,1.9599000000000002
23.4483,-0.0705
23.2368,-0.0705
23.998199999999997,-0.0705
20.6847,3.243
20.3886,3.243
21.1218,3.243
16.497,7.867800000000001
16.130399999999998,7.867800000000001
16.130399999999998,7.867800000000001
10.4763,13.0425
10.4763,13.0425
8.8125,13.0425
5.0055,16.8495
4.5402,16.8495
0.9588000000000001,21.1218
0.9588000000000001,21.1218
0.5075999999999999,21.1218
0.4089,21.8832
0.4089,21.8832
-0.0282,21.8832
1.7625,20.7834
1.7625,20.7834
1.4523,20.7834
4.2299999999999995,18.668400000000002
4.2299999999999995,18.668400000000002
4.0466999999999995,18.668400000000002
9.362400000000001,14.0436
9.362400000000001,14.0436
9.2637,14.0436
15.806099999999999,8.177999999999999
15.806099999999999,8.177999999999999
15.749699999999999,8.177999999999999
15.242099999999999,3.3135
15.242099999999999,3.3135
15.185699999999999,3.3135
23.8995,1.2408
23.8995,1.2408
23.7585,1.2408
16.6803,2.7072
16.6803,2.7072
16.4547,2.7072
13.296299999999999,6.3873
13.296299999999999,6.3873
13.0143,6.3873
9.2919,10.6596
9.2919,10.6596
9.334200000000001,10.6596
5.625900000000001,14.367899999999999
5.625900000000001,14.367899999999999
5.2875,14.367899999999999
2.7213,17.469900000000003
2.7213,17.469900000000003
2.4111000000000002,17.469900000000003
-1.7343,19.2042
-1.7343,19.2042
2.6367,15.0588
2.6367,15.0588
2.6367,15.0588
4.3427999999999995,13.1412
4.8081000000000005,13.1412
4.8081000000000005,13.1412
6.7398,11.0685
6.7398,11.0685
6.7398,11.0685
11.3223,7.3602
11.3223,7.3602
11.3223,7.3602
14.734499999999999,3.8775000000000004
15.228,3.8775000000000004
15.228,3.8775000000000004
16.4265,2.6085
16.9482,2.6085
16.9482,2.6085
13.493699999999999,3.3699
13.493699999999999,3.3699
13.493699999999999,3.3699
11.2095,5.4708
11.604299999999999,5.4708
11.604299999999999,5.4708
8.1075,8.713799999999999
8.516399999999999,8.713799999999999
8.177999999999999,8.713799999999999
4.5825000000000005,12.8028
4.5825000000000005,12.8028
4.5825000000000005,12.8028
4.2863999999999995,12.8028
1.9317000000000002,15.580499999999999
1.9317000000000002,15.580499999999999
1.692,15.580499999999999
2.4534,15.270299999999999
2.4534,15.270299999999999
2.2419,15.270299999999999
1.8189,12.5772
5.2452,9.6021
5.1183,9.6021
5.4567,9.6021
8.431799999999999,6.627
8.3049,6.627
8.7561,6.627
10.9134,4.4697
11.280000000000001,4.4697
11.280000000000001,4.4697
12.7182,3.0315
12.6336,3.0315
13.0002,3.0315
14.1564,1.8753
14.0154,1.8753
11.2941,1.8753
11.2941,3.2853
13.1835,3.2853
13.1835,3.2853
13.1835,3.2853
6.7962,6.5142
6.7962,6.5142
6.7962,6.5142
2.9751,9.968699999999998
3.2994,9.968699999999998
3.2994,9.968699999999998
1.1703000000000001,11.660699999999999
1.5792,11.660699999999999
1.5792,11.660699999999999
-0.1551,12.9861
0.25379999999999997,12.9861
0.25379999999999997,12.9861
-0.5498999999999999,13.521899999999999
-3.3417,13.521899999999999
-3.3417,13.521899999999999
2.4816,10.7442
2.9751,10.7442
2.9751,10.7442
4.8081000000000005,6.0066
4.8081000000000005,6.0066
4.8081000000000005,6.0066
8.4459,2.3406000000000002
8.8548,2.3406000000000002
10.5327,0.6627
10.4763,0.6627
10.9839,0.6627
11.6466,0.0
9.1227,0.0
9.1227,0.0
10.5186,-1.3959000000000001
13.536,-1.3959000000000001
10.7865,-1.3959000000000001
10.2084,-0.8178
10.0392,-0.8178
10.0392,-0.8178
8.8689,3.6237
8.5023,3.6237
6.1899,3.6237
2.8905,6.9231
2.538,6.9231
3.0315,6.9231
-0.5498999999999999,10.5045
-0.8883,10.5045
-0.35250000000000004,10.5045
-0.8742,11.0262
-1.2126,11.0262
-0.6768,11.0262
0.0705,10.2789
-0.1833,10.2789
0.4653,10.2789
1.1421000000000001,9.6021
1.0715999999999999,9.6021
-1.9317000000000002,9.6021
5.0901,6.2604
1.8894,6.2604
1.8894,6.2604
6.5001,1.6497
6.5001,1.6497
6.5001,1.6497
8.629199999999999,-0.47940000000000005
8.5869,-0.47940000000000005
9.9264,-0.6345
9.9264,-0.6345
10.5045,-0.6345
5.696400000000001,0.26789999999999997
5.696400000000001,0.26789999999999997
5.696400000000001,0.26789999999999997
11.0121,-0.47940000000000005
11.0121,-0.47940000000000005
10.8852,-0.47940000000000005
6.9795,-0.25379999999999997
6.9795,-0.25379999999999997
7.191,-0.25379999999999997
3.4827,3.4545
3.4827,3.4545
3.1584,3.4545
-0.4371,7.4871
-0.4371,7.4871
-0.7332,7.4871
-0.846,8.093399999999999
-0.846,8.093399999999999
-0.8601,8.093399999999999
-0.5357999999999999,7.769100000000001
-0.5357999999999999,7.769100000000001
-0.7191,7.769100000000001
-5.9079,9.0804
-5.9079,9.0804
-6.0207,9.0804
-2.2419,5.597700000000001
-2.2419,5.597700000000001
-1.8753,5.597700000000001
2.538,1.1844000000000001
2.538,1.1844000000000001
2.8764,1.1844000000000001
4.5402,-0.47940000000000005
4.5402,-0.47940000000000005
4.6671000000000005,-0.47940000000000005
5.1606,-0.6063
5.1606,-0.6063
5.8233,-0.6063
5.8233,-0.6063
7.769100000000001,-2.5521
9.6021,-4.3709999999999996
10.152,-4.3709999999999996
10.152,-4.3709999999999996
3.0597,-2.1431999999999998
3.243,-2.1431999999999998
3.243,-2.1431999999999998
1.0997999999999999,0.0705
1.0997999999999999,0.0705
1.0997999999999999,0.0705
-2.5521,3.4545
-2.1854999999999998,3.4545
-2.1854999999999998,3.4545
-4.1453999999999995,4.9209
-3.8352000000000004,4.9209
-3.8352000000000004,4.9209
-6.5988,7.642200000000001
-6.5988,7.642200000000001
-6.5988,7.642200000000001
-6.1617,7.4025
-6.1617,7.4025
-6.1617,7.4025
-6.204,2.6226
-0.7614,2.6226
-0.7614,2.6226
-0.12689999999999999,2.6226
2.679,-0.1833
2.679,-0.1833
2.8341000000000003,-0.1833
-0.47940000000000005,-2.679
-0.47940000000000005,-2.679
-0.0846,-2.679
2.3970000000000002,-4.8786
2.3970000000000002,-4.8786
2.7918000000000003,-4.8786
4.2299999999999995,-6.3168
4.2299999999999995,-6.3168
4.0466999999999995,-6.3168
1.692,-3.7506
-2.538,0.47940000000000005
-2.5944,0.47940000000000005
-2.3688000000000002,0.47940000000000005
-3.102,1.2126
-8.8971,1.2126
-8.8971,1.2126
-7.5294,-0.1551
-7.881900000000001,-0.1551
-7.881900000000001,-0.1551
-7.881900000000001,0.8601
-9.165000000000001,0.8601
-9.334200000000001,0.8601
-9.334200000000001,0.8601
-11.6184,3.1161
-11.6184,3.1161
-11.6184,3.1161
-9.165000000000001,0.9447
-9.6867,0.9447
-9.6867,0.9447
-5.0055,-3.4263
-5.2593,-3.4263
-5.2593,-3.4263
-1.1139,-7.0359
-1.4664,-7.0359
-1.4664,-7.0359
0.35250000000000004,-8.1357
0.3666,-8.1357
0.3666,-8.1357
-3.5109,-10.0533
-4.1171999999999995,-10.0533
-4.1171999999999995,-10.0533
-3.2148,-10.6878
-3.2148,-10.6878
-3.1302,-10.6878
-8.2203,-7.3461
-8.2203,-7.3461
-8.2203,-7.3461
-12.2106,-3.3981
-13.1553,-3.3981
-13.1553,-3.3981
-15.862499999999999,-0.5357999999999999
-15.862499999999999,-0.5357999999999999
-15.326699999999999,-1.0715999999999999
-20.3181,-1.0715999999999999
-20.3181,-1.0715999999999999
-17.836499999999997,-3.5532
-17.6391,-3.5532
-19.119600000000002,-3.5532
-18.964499999999997,-3.7083
-18.400499999999997,-3.7083
-20.0361,-3.7083
-18.8799,-4.8645
-19.598999999999997,-4.8645
-19.598999999999997,-4.8645
-15.2562,-9.2073
-14.057699999999999,-9.2073
-15.538200000000002,-9.2073
-10.5468,-14.198699999999999
-9.447000000000001,-14.198699999999999
-11.1813,-14.198699999999999
-9.2637,-16.1163
-9.531600000000001,-16.1163
-9.531600000000001,-16.1163
-7.740900000000001,-17.907
-6.5424,-17.907
-8.1075,-17.907
-7.4166,-18.5979
-6.4014,-18.5979
-8.7279,-18.5979
-10.0533,-17.2725
-9.4893,-17.2725
-9.4893,-17.2725
-13.8462,-12.9156
-13.3104,-12.9156
-15.298499999999999,-12.9156
-18.1608,-10.0533
-17.836499999999997,-10.0533
-20.2899,-10.0533
-22.334400000000002,-8.008799999999999
-21.953699999999998,-8.008799999999999
-26.3388,-6.4155
-26.3388,-6.4155
-25.7184,-6.4155
-27.889799999999997,-7.2333
-27.889799999999997,-7.2333
-22.179299999999998,-7.2333
-20.2899,-9.1227
-20.2899,-9.1227
-24.1674,-9.1227
-20.8821,-12.408
-20.8821,-12.408
-19.655399999999997,-12.408
-18.2595,-16.3983
-18.2595,-16.3983
-16.581599999999998,-16.3983
-14.6922,-21.1782
-14.6922,-21.1782
-9.855899999999998,-21.1782
-5.682300000000001,-25.3518
-5.682300000000001,-25.3518
-4.6671000000000005,-25.3518
-8.741999999999999,-23.3073
-8.741999999999999,-23.3073
-7.656300000000001,-23.3073
-10.5468,-20.4168
-10.5468,-20.4168
-14.8332,-20.4168
-4.5684000000000005,-19.6977
-4.5684000000000005,-19.6977
-4.0607999999999995,-19.6977
-9.165000000000001,-16.0599
-9.165000000000001,-16.0599
-8.8125,-16.0599
-10.3212,-12.0978
-14.283299999999999,-12.0978
-15.608699999999999,-12.0978
-15.608699999999999,-12.0978
-18.908099999999997,-8.798399999999999
-18.555600000000002,-8.798399999999999
-20.3604,-8.798399999999999
-19.6977,-9.4611
-21.502499999999998,-7.5153
-23.5047,-7.5153
-23.5047,-7.5153
-28.4961,-4.3427999999999995
-28.4961,-4.3427999999999995
-28.4961,-4.3427999999999995
-26.014499999999998,-6.2886
-28.228199999999998,-6.2886
-28.228199999999998,-6.2886
-22.785600000000002,-10.8006
-24.745499999999996,-10.8006
-24.745499999999996,-10.8006
-21.2487,-15.580499999999999
-21.2487,-15.580499999999999
-21.2487,-15.580499999999999
-19.937399999999997,-15.580499999999999
-17.766,-20.3181
-17.766,-20.3181
-16.1727,-20.3181
-2.5239,-24.689099999999996
-2.5239,-24.689099999999996
-3.0174,-24.689099999999996
-0.25379999999999997,-27.4527
-0.25379999999999997,-27.4527
0.8883,-27.4527
-2.5944,-25.6056
-2.5944,-25.6056
-1.7202,-25.6056
-1.2126,-22.5882
-1.2126,-22.5882
-0.5922000000000001,-22.5882
-4.1171999999999995,-19.063200000000002
-5.4708,-19.063200000000002
-5.1888,-19.063200000000002
-10.7019,-15.1152
-10.7019,-15.1152
-10.5609,-15.1152
-17.723699999999997,-9.644400000000001
-22.560000000000002,-4.8081000000000005
-22.5459,-4.8081000000000005
-18.8235,-4.8081000000000005
-18.8235,-4.8081000000000005
-21.6012,-2.0867999999999998
-23.0676,-2.0867999999999998
-23.0676,-2.0867999999999998
-24.1815,-0.8319
-24.1815,-0.8319
-24.1815,-0.8319
-22.0383,-2.6085
-20.2335,-2.6085
-20.2335,-2.6085
-15.072899999999999,-7.1628
-16.186799999999998,-7.1628
-16.186799999999998,-7.1628
-10.716,-11.7594
-11.9286,-11.7594
-11.9286,-11.7594
-5.922,-16.6239
-7.1487,-16.6239
-7.1487,-16.6239
1.7202,-21.4179
1.7202,-21.4179
1.7202,-21.4179
-0.5781000000000001,-22.7151
2.7636,-22.7151
2.7636,-22.7151
-0.5498999999999999,-18.8799
-1.6638,-18.8799
-1.6638,-18.8799
-8.6433,-12.8451
-8.6433,-12.8451
-8.6433,-12.8451
-13.0002,-8.4459
-14.508899999999999,-8.4459
-14.508899999999999,-8.4459
-14.7768,-3.8916000000000004
-15.777899999999999,-3.8916000000000004
-15.777899999999999,-3.8916000000000004
-19.020899999999997,-0.6627
-20.4309,-0.6627
-20.4873,-0.6063
-20.445,-0.6063
-17.9775,-0.6063
-17.766,-0.8178
-17.469900000000003,-0.8178
-18.5838,-0.8178
-15.129299999999999,-4.2722999999999995
-15.820200000000002,-4.2722999999999995
-15.820200000000002,-4.2722999999999995
-10.1661,-9.9264
-9.4329,-9.9264
-10.6314,-9.9264
-6.204,-14.3538
-5.2452,-14.3538
-2.5521,-14.3538
0.7896,-17.6955
0.6627,-17.6955
0.6627,-17.6955
1.8471,-18.8799
2.4957,-18.8799
1.3254,-18.8799
-1.4100000000000001,-16.1445
-0.9588000000000001,-16.1445
1.3959000000000001,-16.1445
-2.3124000000000002,-12.4362
-3.0174,-12.4362
-3.0174,-12.4362
-7.5012,-7.952399999999999
-7.5999,-7.952399999999999
-8.6433,-7.952399999999999
-13.352699999999999,-3.243
-13.4796,-3.243
-11.280000000000001,-3.243
-19.0914,1.4241000000000001
-16.863599999999998,1.4241000000000001
-16.863599999999998,1.4241000000000001
-16.2573,0.8178
-16.1163,0.8178
-14.480699999999999,-1.9458000000000002
-14.480699999999999,-1.9458000000000002
-14.198699999999999,-1.9458000000000002
-11.5338,-5.4426
-11.5338,-5.4426
-8.9535,-5.4426
-6.5706,-7.825500000000001
-6.5706,-7.825500000000001
-6.8244,-7.825500000000001
-8.234399999999999,-9.743099999999998
-8.234399999999999,-9.743099999999998
-7.5153,-9.743099999999998
-0.8742,-13.7616
-0.282,-13.7616
-1.0433999999999999,-13.7616
0.6486,-15.453600000000002
0.6486,-15.453600000000002
1.0574999999999999,-15.453600000000002
1.3818,-12.8592
1.6215,-12.8592
1.6215,-12.8592
-6.9372,-8.8266
-6.9372,-8.8266
-3.1584,-8.8266
-3.1584,-8.8266
-4.5966000000000005,-7.3884
-4.6389000000000005,-7.3884
-5.4285,-7.3884
-7.853700000000001,-4.9632
-7.980599999999999,-4.9632
-8.8971,-4.9632
-13.5924,-0.26789999999999997
-14.311499999999999,-0.26789999999999997
-14.311499999999999,-0.26789999999999997
-15.538200000000002,0.9588000000000001
-15.354899999999999,0.9588000000000001
-16.1022,0.9588000000000001
-13.818,-1.3254
-13.691099999999999,-1.3254
-10.7583,-1.3254
-6.9795,-5.1042
-6.3732,-6.0066
-6.3732,-6.0066
-6.3732,-6.0066
-3.7647,-8.149799999999999
-3.7647,-8.149799999999999
-3.7647,-8.149799999999999
0.29610000000000003,-11.4069
0.29610000000000003,-11.4069
0.29610000000000003,-11.4069
0.8037,-14.931899999999999
2.8200000000000003,-14.931899999999999
2.8200000000000003,-14.931899999999999
6.0207,-14.931899999999999
4.3145999999999995,-13.2258
4.3145999999999995,-13.2258
4.5684000000000005,-13.2258
-0.9024,-7.853700000000001
-0.9024,-7.853700000000001
-0.9165,-7.853700000000001
-1.5228,-5.1888
-1.5228,-5.1888
-2.0726999999999998,-5.1888
-5.682300000000001,-1.5792
-5.682300000000001,-1.5792
-5.9361,-1.5792
-9.418800000000001,1.6356
-9.418800000000001,1.6356
-9.503400000000001,1.6356
-11.5056,3.3699
-11.5056,3.3699
-11.519699999999998,3.3699
-9.855899999999998,1.7061
-9.855899999999998,1.7061
-9.714899999999998,1.7061
-5.7387,-1.0997999999999999
-5.7387,-1.0997999999999999
-5.3439,-1.0997999999999999
-3.0738,-3.3699
-3.0738,-3.3699
2.1431999999999998,-8.0793
1.7061,-8.0793
1.7061,-8.0793
4.4133,-10.2507
4.3850999999999996,-10.2507
4.3850999999999996,-10.2507
7.1769,-11.280000000000001
7.1769,-11.280000000000001
7.1769,-11.280000000000001
6.6834,-10.716
6.6834,-10.716
6.6693,-10.716
3.2148,-7.2615
3.2007,-7.2615
3.2007,-7.2615
-1.5228,-2.8059000000000003
-1.4241000000000001,-2.8059000000000003
-1.4241000000000001,-2.8059000000000003
-6.7398,2.0867999999999998
-6.7398,2.0867999999999998
-6.7398,2.0867999999999998
-10.2366,6.0207
-10.4622,6.0207
-10.4622,6.0207
-12.4221,6.7257
-11.2377,6.7257
-11.2659,6.7257
-9.447000000000001,4.9068
-9.3483,4.9068
-9.3483,4.9068
-5.2029,0.9588000000000001
-5.1042,0.9588000000000001
-5.1042,0.9588000000000001
-0.3666,-3.4686
-0.3384,-3.4686
-0.3384,-3.4686
4.5261,-7.952399999999999
4.5261,-7.952399999999999
4.5261,-7.952399999999999
8.065199999999999,-10.4622
8.3049,-10.4622
8.177999999999999,-10.3353
8.572799999999999,-10.3353
8.9535,-10.3353
7.896000000000001,-9.277800000000001
8.3895,-9.277800000000001
8.3895,-9.277800000000001
6.0207,-6.909
6.0066,-6.909
6.2886,-6.909
2.0162999999999998,-2.7636
1.7625,-2.7636
1.7766,-2.7636
-2.538,1.551
-2.7918000000000003,1.551
-2.7918000000000003,1.551
-7.191,5.9502
-7.5576,5.9502
-7.4871,5.9502
-9.1791,7.642200000000001
-9.4329,7.642200000000001
-9.4329,7.642200000000001
-8.9112,7.0077
-8.6151,7.0077
-8.6151,7.0077
-4.512,2.9046
-4.1876999999999995,2.9046
-4.1876999999999995,2.9046
-0.8037,-0.47940000000000005
-0.4371,-0.47940000000000005
-0.1833,-0.47940000000000005
3.9902999999999995,-4.6530000000000005
4.6671000000000005,-4.6530000000000005
4.6671000000000005,-4.6530000000000005
7.4589,-8.1075
7.811400000000001,-8.1075
7.924200000000001,-8.1075
7.924200000000001,-8.1075
8.7843,-8.8689
6.6411,-6.4719
6.6411,-6.4719
6.5847,-6.4719
2.6085,-2.4957
2.6085,-2.4957
3.1443,-2.4957
1.0574999999999999,-0.4089
1.0574999999999999,-0.4089
0.5075999999999999,-0.4089
-2.6931,2.4675
-2.6931,2.4675
-3.0033,2.4675
-6.7398,6.204
-6.7398,6.204
-6.8667,6.204
-7.896000000000001,7.2333
-7.896000000000001,7.2333
-8.206199999999999,7.2333
-8.347199999999999,4.4979
-5.611800000000001,4.4979
-5.682300000000001,4.4979
-5.682300000000001,4.4979
-3.0738,1.8894
-2.8059000000000003,1.8894
-2.5521,1.8894
0.2115,-0.8742
0.5075999999999999,-0.8742
1.128,-0.8742
4.7517000000000005,-4.4979
