-3.1866,0.0141
-3.1866,0.0141
-3.1866,0.0141
-3.1725,0.0141
-3.1725,0.0141
-3.1725,0.0141
-3.1866,0.0141
-3.1866,0.0141
-3.2148,0.0141
-3.2289,0.0141
-3.2289,0.0141
-3.2289,2.4252
-3.1866,2.4252
-3.1866,2.4252
-3.1866,7.853700000000001
-3.2007,7.853700000000001
-3.2007,7.853700000000001
-3.2007,7.2333
-3.1725,7.2333
-3.1725,7.2333
-3.1725,1.9880999999999998
-3.1866,1.9880999999999998
-3.1866,1.9880999999999998
-3.1866,-2.4534
-3.1443,-2.4534
-3.1443,-2.4534
-3.1443,-3.9339000000000004
-3.1161,-3.9339000000000004
-3.1161,-3.9339000000000004
-3.1161,-7.797300000000001
-3.0597,-7.797300000000001
-3.0597,-7.797300000000001
-3.0597,-9.9264
-3.0315,-9.9264
-3.0315,-9.9264
-3.0174,-8.6715
-2.961,-8.6715
-2.961,-4.7094000000000005
-2.961,-4.7094000000000005
-2.9328,-4.7094000000000005
-2.9328,-2.679
-2.9328,-2.679
-2.9187,-2.679
-2.9187,-2.0162999999999998
-2.9469,-2.0162999999999998
-3.0174,-2.0162999999999998
-3.0174,-0.0987
-3.0174,-0.0987
-3.0174,-0.0987
-2.9328,2.4534
-2.9328,2.4534
-2.8764,2.4534
-2.8764,1.7061
-2.8482000000000003,1.7061
-2.7918000000000003,1.7061
-2.7918000000000003,-0.9165
-2.7918000000000003,-0.9165
-2.5944,-0.9165
-2.5944,-1.9176000000000002
-2.5944,-1.9176000000000002
-2.3124000000000002,-1.9176000000000002
-2.2983000000000002,-3.0879
-2.2701,-3.0879
-1.8894,-3.0879
-1.8894,-5.0337
-1.5369,-5.0337
-1.5228,-5.0337
-1.5228,-6.0348
-1.5228,-6.0348
-1.3536,-6.0348
-1.3536,-5.2593
-1.4523,-5.2593
-1.2549,-5.2593
-1.2549,-3.6096
-1.2549,-3.6096
-1.1844000000000001,-3.6096
-1.1844000000000001,-3.6096
-1.1844000000000001,-2.5521
-1.2408,-0.7614
-1.2408,-0.7614
-1.269,-0.7614
-1.3254,0.3807
-1.3254,0.3807
-1.3254,0.3807
-1.3818,0.9306
-1.3818,0.9306
-1.3818,0.9306
-1.2972,1.5792
-1.2972,1.5792
-1.2831,1.5792
-1.1139,1.0574999999999999
-1.1139,1.0574999999999999
-1.1139,1.0574999999999999
-0.7896,-0.7614
-0.7896,-0.7614
-0.7896,-0.7614
-0.29610000000000003,-2.3265000000000002
-0.29610000000000003,-2.3265000000000002
-0.29610000000000003,-2.3265000000000002
0.12689999999999999,-3.2007
0.0564,-3.2007
0.0564,-3.2007
0.5216999999999999,-3.2007
0.5216999999999999,-3.8775000000000004
0.5216999999999999,-3.8775000000000004
0.3807,-3.8775000000000004
0.3807,-4.0889999999999995
0.3807,-4.0889999999999995
0.5216999999999999,-4.0889999999999995
0.6204,-3.2994
0.6204,-3.2994
0.7050000000000001,-3.2994
0.7050000000000001,-1.3536
0.7050000000000001,-1.3536
0.7614,-1.3536
0.7614,0.0705
0.6627,1.1139
0.5216999999999999,1.1139
0.5216999999999999,1.1139
0.5216999999999999,1.9176000000000002
0.5357999999999999,1.9176000000000002
0.5357999999999999,1.9176000000000002
0.4512,2.2137
0.3948,2.2137
0.3948,2.2137
0.6345,2.3124000000000002
0.5498999999999999,2.3124000000000002
0.5498999999999999,2.3124000000000002
0.5498999999999999,2.3124000000000002
0.9165,1.7907
0.9165,1.7907
0.9165,1.7907
1.1421000000000001,-0.1833
1.1421000000000001,-0.1833
1.1421000000000001,-0.1833
1.2126,-1.5651
1.4382,-1.5651
1.4382,-1.5651
2.1854999999999998,-2.1431999999999998
2.1854999999999998,-2.1431999999999998
2.1854999999999998,-2.1431999999999998
3.0456,-2.4534
3.0456,-2.4534
3.0456,-2.4534
3.3276,-2.4957
3.3276,-2.4957
3.4827,-2.4957
4.2158999999999995,-1.1985000000000001
4.2158999999999995,-1.1985000000000001
4.2158999999999995,-1.1985000000000001
4.2863999999999995,0.4089
4.2863999999999995,0.4089
4.2863999999999995,0.4089
4.0748999999999995,1.6779
4.0748999999999995,1.6779
4.0748999999999995,1.6779
3.6237,3.0315
3.6237,3.0315
3.6237,3.9057000000000004
4.2158999999999995,3.9057000000000004
4.2158999999999995,3.9057000000000004
4.2158999999999995,4.4133
3.0456,4.4133
3.0456,4.4133
3.0456,4.5684000000000005
2.0303999999999998,4.5684000000000005
2.0303999999999998,4.5684000000000005
2.0303999999999998,4.3568999999999996
2.5662,4.3568999999999996
2.5662,4.3568999999999996
2.5662,3.1443
1.2408,3.1443
1.2408,3.1443
1.6356,1.0856999999999999
1.6497,1.0856999999999999
1.6497,1.0856999999999999
1.6497,0.3666
2.3265000000000002,0.3666
2.3265000000000002,0.3666
2.3265000000000002,-0.0282
0.8178,-0.0282
0.8178,-0.0282
0.8178,-0.9588000000000001
0.8601,-0.9588000000000001
1.1562000000000001,-0.9588000000000001
1.1562000000000001,-1.0151999999999999
1.6074,-1.0151999999999999
1.6074,-1.0151999999999999
1.6074,0.141
1.5933,0.141
1.5933,0.141
-0.5357999999999999,0.9588000000000001
-0.564,0.9588000000000001
-0.564,0.9588000000000001
-0.564,1.1421000000000001
-1.6779,1.1421000000000001
-1.6779,1.5087
-1.6779,1.5087
-1.7484,1.5087
-1.7484,2.2701
-3.5955,2.2701
-3.7506,2.2701
-3.7506,2.7213
-3.7506,2.7213
-3.8775000000000004,2.7213
-3.8775000000000004,2.6226
-3.8775000000000004,2.6226
-3.7506,2.6226
-3.7506,0.9447
-5.668200000000001,0.9447
-5.4849,0.9447
-5.4849,-1.1139
-5.4849,-1.1139
-5.3157,-1.1139
-5.3157,-2.2701
-5.3157,-2.2701
-5.1183,-2.2701
-5.1183,-4.2440999999999995
-5.1183,-4.2440999999999995
-5.8515,-4.2440999999999995
-5.8515,-5.2734
-5.8515,-5.2734
-5.9784,-5.2734
-5.9784,-5.7528
-5.9784,-5.7528
-7.473,-5.7528
-7.473,-5.668200000000001
-9.0945,-5.668200000000001
-8.8689,-5.668200000000001
-8.8689,-4.3427999999999995
-7.896000000000001,-4.3427999999999995
-9.390600000000001,-4.3427999999999995
-9.390600000000001,-4.3427999999999995
-9.390600000000001,-3.0315
-10.152,-3.0315
-10.152,-3.0315
-12.3093,-2.0726999999999998
-12.0978,-1.8189
-12.0978,-1.8189
-12.0978,-1.8189
-13.296299999999999,-2.0162999999999998
-13.296299999999999,-2.0162999999999998
-13.296299999999999,-2.0162999999999998
-14.762699999999999,-3.4263
-14.762699999999999,-3.4263
-16.7226,-3.4263
-15.947099999999999,-5.0337
-15.947099999999999,-5.0337
-15.947099999999999,-5.0337
-17.0046,-6.8808
-17.0046,-6.8808
-17.0046,-6.8808
-18.118499999999997,-9.4893
-18.118499999999997,-9.4893
-18.118499999999997,-9.4893
-18.8799,-11.8722
-19.6695,-11.8722
-19.6695,-11.8722
-20.4168,-11.8722
-20.4168,-12.8451
-20.4168,-12.8451
-20.586,-12.8451
-20.586,-13.578299999999999
-23.490599999999997,-13.578299999999999
-22.3767,-13.578299999999999
-22.3767,-13.691099999999999
-22.3767,-13.691099999999999
-22.4331,-13.691099999999999
-22.4331,-13.662899999999999
-22.4331,-13.662899999999999
-24.1815,-13.662899999999999
-24.1815,-13.0989
-27.4104,-13.0989
-26.3247,-13.0989
-23.4765,-12.9438
-23.4765,-12.972
-25.098,-12.972
-25.098,-12.972
-25.098,-12.972
-26.705399999999997,-13.8462
-26.705399999999997,-13.8462
-25.9722,-13.8462
-24.7314,-15.242099999999999
-24.7314,-15.242099999999999
-24.7314,-15.242099999999999
-25.8594,-16.3701
-25.8594,-16.3701
-25.8594,-16.3701
-23.377799999999997,-18.8235
-23.377799999999997,-18.8235
-23.377799999999997,-18.8235
-24.1533,-20.2335
-24.1533,-20.2335
-24.1533,-20.2335
-21.6012,-20.6706
-21.6012,-20.6706
-21.6012,-20.6706
-20.1066,-20.6706
-20.1066,-20.6706
-20.1066,-20.6706
-16.3701,-19.7964
-16.3701,-19.7964
-16.3701,-19.7964
-17.5686,-18.344099999999997
-17.5686,-18.344099999999997
-17.5686,-18.344099999999997
-15.608699999999999,-16.3701
-15.608699999999999,-16.3701
-15.608699999999999,-16.3701
-14.6358,-15.1998
-14.6358,-15.1998
-17.526300000000003,-15.1998
-14.396099999999999,-13.550099999999999
-14.396099999999999,-13.550099999999999
-14.396099999999999,-13.550099999999999
-14.7486,-11.8158
-14.7486,-11.8158
-12.9156,-11.3223
-13.1271,-11.3223
-13.1271,-11.3223
-13.1271,-12.3798
-11.6184,-12.3798
-11.6184,-12.3798
-11.6184,-12.5349
-10.1661,-12.5349
-10.1661,-12.5349
-11.703,-13.662899999999999
-10.5609,-13.662899999999999
-10.5609,-13.662899999999999
-7.966499999999999,-14.523
-8.6433,-14.523
-8.6433,-14.523
-8.6433,-14.382
-8.5869,-14.382
-8.5869,-14.382
-8.5869,-14.3256
-7.5294,-14.3256
-7.5294,-14.3256
-8.375399999999999,-13.324499999999999
-7.5153,-13.324499999999999
-7.5153,-13.324499999999999
-7.5153,-12.2247
-6.6834,-12.2247
-6.6834,-12.2247
-6.6834,-10.0251
-5.8656,-10.0251
-5.8656,-10.0251
-5.8656,-8.0793
-5.2734,-8.0793
-5.0901,-8.0793
-5.0901,-7.3884
-5.358,-7.3884
-5.358,-7.3884
-5.358,-6.9513
-4.7517000000000005,-6.9513
-4.7517000000000005,-6.9513
-4.7517000000000005,-6.9513
-4.1312999999999995,-6.9513
-4.8081000000000005,-7.3179
-4.8081000000000005,-7.3179
-3.7929,-7.3179
-3.7929,-7.853700000000001
-3.7929,-7.853700000000001
-2.7072,-7.853700000000001
-2.7072,-8.1357
-2.7072,-8.1357
-2.9892,-8.1357
-2.5662,-8.8548
-2.5662,-8.8548
-1.2408,-8.8548
-1.2408,-9.1791
-1.2408,-9.1791
-0.49350000000000005,-9.1791
-0.49350000000000005,-9.1227
-0.49350000000000005,-9.1227
0.0705,-9.1227
0.5922000000000001,-7.924200000000001
0.5922000000000001,-7.924200000000001
1.6638,-7.924200000000001
1.6638,-6.4719
1.6638,-6.4719
2.0585999999999998,-6.4719
2.0585999999999998,-5.2734
2.6649,-5.2734
2.8905,-5.2734
3.0738,-5.2734
3.0738,-3.8352000000000004
4.1030999999999995,-3.8352000000000004
4.1030999999999995,-3.8352000000000004
4.1030999999999995,-2.3829000000000002
5.1042,-2.3829000000000002
5.1042,-2.3829000000000002
4.7517000000000005,-1.6779
4.9068,-1.6779
5.8374,-1.6779
5.8374,-1.2972
6.8244,-1.0715999999999999
6.8244,-1.0715999999999999
6.8244,-1.0715999999999999
6.8667,-0.5498999999999999
6.8667,-0.5498999999999999
6.8667,-0.5498999999999999
6.9231,-0.1551
9.249600000000001,-0.1551
9.249600000000001,-0.1551
10.5609,-0.0705
10.5609,-0.0705
10.5609,-0.0705
10.5045,-0.0705
10.5045,0.141
10.5045,0.141
10.4622,0.141
13.606499999999999,0.8178
13.606499999999999,0.8178
15.481800000000002,0.8178
15.481800000000002,1.1421000000000001
15.481800000000002,1.1421000000000001
17.3994,1.1421000000000001
17.3994,2.1431999999999998
18.626099999999997,2.1431999999999998
18.217200000000002,2.1431999999999998
19.768199999999997,4.0043999999999995
19.768199999999997,4.0043999999999995
20.1348,4.0043999999999995
20.1348,4.9209
20.1348,4.9209
22.1652,4.9209
22.1652,6.3591
22.1652,6.3591
21.164099999999998,6.3591
24.3084,8.8407
24.3084,8.8407
23.7444,8.8407
23.7444,10.4763
23.7444,10.4763
25.5492,12.2952
25.5492,12.2952
25.5492,12.2952
21.6999,12.9861
24.1533,12.9861
24.1533,12.9861
25.6056,14.452499999999999
25.6056,14.452499999999999
25.6056,14.452499999999999
27.1284,15.213899999999999
27.1284,15.213899999999999
27.1284,15.213899999999999
28.6512,14.960099999999999
28.6512,14.960099999999999
28.6512,14.960099999999999
30.258599999999998,15.087
30.258599999999998,15.087
30.258599999999998,15.087
31.668599999999998,13.832099999999999
31.668599999999998,13.832099999999999
31.668599999999998,13.832099999999999
32.711999999999996,13.5924
32.711999999999996,13.5924
32.711999999999996,13.5924
26.1978,15.270299999999999
26.1978,15.270299999999999
26.1978,15.270299999999999
26.5644,17.0046
26.5644,17.0046
26.5644,17.0046
25.3236,19.035
25.3236,19.035
25.3236,19.035
26.6772,21.5871
26.6772,21.5871
26.6772,21.5871
24.1674,24.1533
24.1674,24.1533
24.1674,24.1533
24.4212,23.0112
24.4212,23.0112
24.4212,19.8951
24.689099999999996,19.8951
24.689099999999996,19.8951
24.689099999999996,19.6413
24.773699999999998,19.6413
24.773699999999998,19.6413
24.773699999999998,18.6402
22.8279,18.6402
22.8279,18.6402
25.0698,17.2443
23.081699999999998,17.2443
23.081699999999998,17.2443
25.3236,15.2562
22.9971,15.2562
22.9971,15.2562
22.9971,14.6076
20.5719,14.6076
20.5719,14.6076
23.1099,16.8354
22.3203,16.8354
20.6001,16.8354
20.6001,17.723699999999997
20.4732,17.723699999999997
20.4732,17.723699999999997
20.4732,19.5849
18.217200000000002,19.5849
18.217200000000002,19.5849
18.217200000000002,20.304
17.413500000000003,20.304
18.1608,20.304
18.1608,20.2899
16.468799999999998,20.2899
16.468799999999998,20.2899
16.468799999999998,19.711799999999997
16.5957,19.711799999999997
16.5957,19.711799999999997
15.566400000000002,18.795299999999997
15.0024,18.795299999999997
15.0024,16.1727
15.0024,16.1727
15.101099999999999,16.1727
15.101099999999999,13.916699999999999
15.101099999999999,13.916699999999999
15.340800000000002,13.916699999999999
15.340800000000002,13.3104
14.1846,13.3104
13.634699999999999,13.3104
15.439499999999999,13.0143
15.439499999999999,13.0143
13.677,13.0143
13.677,12.2952
13.677,12.2952
13.818,12.2952
13.818,12.8169
13.818,12.8169
13.2117,12.8169
13.2117,14.565299999999999
13.2117,14.565299999999999
12.8592,14.565299999999999
12.8592,14.565299999999999
12.8592,15.566400000000002
12.831,15.566400000000002
12.831,15.566400000000002
12.3234,16.0881
11.5338,16.0881
11.5338,16.0881
11.5338,16.6239
11.3787,16.6239
11.3787,16.6239
11.3787,15.975299999999999
11.632499999999999,15.975299999999999
11.632499999999999,15.975299999999999
10.2789,15.0306
10.6596,15.0306
10.6596,15.0306
12.0837,13.6488
11.1249,13.6488
11.1249,13.6488
11.1249,12.3657
11.5056,11.195400000000001
11.5056,11.195400000000001
11.5056,11.195400000000001
10.8711,10.2507
11.604299999999999,10.2507
11.604299999999999,10.2507
10.4622,10.2507
10.4622,10.152
10.4622,10.152
10.998,10.152
10.998,10.4199
11.7876,10.4199
11.336400000000001,10.4199
11.336400000000001,10.9698
11.336400000000001,10.9698
11.463299999999998,10.9698
11.463299999999998,12.3516
11.463299999999998,12.3516
10.0251,12.3516
10.0251,14.1564
10.0251,14.1564
8.657399999999999,14.1564
8.657399999999999,14.523
9.447000000000001,14.523
8.7843,14.523
8.7843,14.114099999999999
8.7843,14.114099999999999
8.798399999999999,14.114099999999999
8.798399999999999,14.1
8.798399999999999,14.1
9.136800000000001,14.1
9.136800000000001,13.6206
9.136800000000001,13.6206
9.5457,13.6206
9.5457,11.745299999999999
9.5457,11.745299999999999
8.290799999999999,11.745299999999999
8.290799999999999,9.616200000000001
8.290799999999999,9.616200000000001
9.5739,8.798399999999999
9.5739,8.798399999999999
9.5739,8.798399999999999
9.0804,8.6433
9.0804,8.6433
9.0804,8.6433
7.3884,8.516399999999999
7.3884,8.516399999999999
7.3884,8.516399999999999
7.825500000000001,8.544599999999999
7.825500000000001,8.544599999999999
8.403599999999999,8.544599999999999
6.3168,9.0522
6.3168,9.0522
6.3168,9.0522
6.2886,11.1813
6.2886,11.1813
6.2886,11.1813
6.2886,12.4926
6.2886,12.4926
6.2886,12.4926
6.3168,11.942699999999999
6.3168,11.942699999999999
6.3168,11.942699999999999
4.8222000000000005,11.3223
4.8222000000000005,11.3223
4.8222000000000005,11.3223
4.8222000000000005,10.7583
4.8222000000000005,10.7583
4.8222000000000005,10.7583
4.4697,8.9112
4.4697,8.9112
4.4697,8.9112
3.666,7.1769
3.666,7.1769
3.666,7.1769
2.4534,6.4719
2.4534,6.4719
2.9187,6.4719
2.538,5.9784
2.538,5.9784
2.538,5.499
1.2408,5.499
1.2408,5.499
1.2408,5.4426
0.8601,5.4426
0.8601,5.4426
1.5369,5.5413
1.1139,5.5413
1.1139,5.5413
1.1139,6.3873
0.6063,6.3873
0.6063,6.3873
0.6063,6.6693
-0.1551,6.6693
-0.1551,6.6693
-1.4100000000000001,6.6975
-1.7766,6.6975
-1.7766,6.6975
-1.7766,6.4296
-2.1572999999999998,6.4296
-2.1572999999999998,6.4296
-0.5357999999999999,5.2452
-1.7907,5.2452
-1.7907,5.2452
-3.2853,4.5261
-3.2853,4.5261
-3.2853,4.5261
-3.2853,3.2571
-3.0597,3.2571
-3.0597,3.2571
-3.0597,3.2571
-4.4556,1.6074
-4.4556,1.6074
-4.4556,1.6074
-4.4697,0.49350000000000005
-4.4697,0.49350000000000005
-4.4697,0.49350000000000005
-5.9502,0.29610000000000003
-5.9502,0.3948
-5.9502,0.3948
-7.4307,0.3948
-7.4307,0.25379999999999997
-7.896000000000001,0.25379999999999997
-7.924200000000001,0.25379999999999997
-7.924200000000001,0.3807
-7.924200000000001,0.3807
-9.475200000000001,0.3807
-8.600999999999999,0.4089
-8.600999999999999,0.4089
-10.5468,0.4089
-10.5468,0.4089
-10.5468,0.423
-10.3635,0.423
-10.3635,0.423
-10.3635,0.3243
-13.268099999999999,0.3243
-13.268099999999999,0.3243
-13.268099999999999,-1.2267
-14.706299999999999,-1.2267
-14.706299999999999,-1.2267
-16.3137,-2.8623000000000003
-15.806099999999999,-2.8623000000000003
-15.806099999999999,-2.8623000000000003
-15.806099999999999,-3.6519
-16.9623,-3.6519
-16.9623,-3.6519
-16.9623,-5.3721
-17.5686,-5.3721
-17.5686,-5.3721
-17.5686,-6.5988
-18.9927,-6.5988
-18.9927,-6.5988
-18.9927,-7.642200000000001
-19.1055,-7.642200000000001
-19.1055,-7.642200000000001
-19.1055,-9.616200000000001
-18.217200000000002,-9.616200000000001
-18.217200000000002,-9.616200000000001
-18.217200000000002,-10.434
-17.3007,-10.434
-17.3007,-10.434
-20.6988,-10.434
-19.824599999999997,-10.434
-19.824599999999997,-10.9698
-19.824599999999997,-10.9698
-18.626099999999997,-10.9698
-21.2487,-12.0555
-21.2487,-12.0555
-22.982999999999997,-12.0555
-19.8528,-12.3798
-19.8528,-12.3798
-21.3051,-12.3798
-21.3051,-11.7876
-21.3051,-11.7876
-19.8105,-11.7876
-19.8105,-10.1802
-19.8105,-10.1802
-20.9949,-10.1802
-20.9949,-10.5327
-20.9949,-10.5327
-19.3875,-10.5327
-19.3875,-12.0978
-19.3875,-12.0978
-17.8224,-12.0978
-20.3604,-12.2529
-20.3604,-12.2529
-18.442800000000002,-12.2529
-18.442800000000002,-12.6618
-18.442800000000002,-12.6618
-19.119600000000002,-12.6618
-19.119600000000002,-14.1
-19.119600000000002,-14.1
-17.2725,-14.1
-17.2725,-15.1152
-17.2725,-15.1152
-17.7519,-15.1152
-17.7519,-15.016499999999999
-17.7519,-15.016499999999999
-15.792000000000002,-14.424299999999999
-15.792000000000002,-14.424299999999999
-15.792000000000002,-14.424299999999999
-16.1445,-14.367899999999999
-16.1445,-14.367899999999999
-16.1445,-14.367899999999999
-14.170499999999999,-14.0154
-14.170499999999999,-14.0154
-14.170499999999999,-14.0154
-12.5067,-13.0425
-12.5067,-13.0425
-12.5067,-13.0425
-12.8874,-11.717099999999999
-12.8874,-11.717099999999999
-12.8874,-11.717099999999999
-11.0826,-11.1531
-11.0826,-11.1531
-11.0826,-11.1531
-10.2789,-10.8429
-11.336400000000001,-10.8429
-11.336400000000001,-10.8429
-10.2648,-10.6173
-10.2648,-10.6173
-10.2648,-10.6173
-9.2073,-9.672600000000001
-9.2073,-9.672600000000001
-9.2073,-9.672600000000001
-7.1769,-9.8418
-7.910100000000001,-9.8418
-7.910100000000001,-9.8418
-7.910100000000001,-10.2789
-7.910100000000001,-10.2789
-7.910100000000001,-10.2789
-7.0782,-10.0956
-7.0782,-10.0956
-6.2745,-10.0956
-6.6411,-9.940499999999998
-6.6411,-9.940499999999998
-6.6411,-9.940499999999998
-5.5413,-9.940499999999998
-5.5413,-9.5457
-5.5413,-8.8689
-4.4274,-8.8689
-4.4274,-8.8689
-5.076,-8.206199999999999
-4.3991999999999996,-8.206199999999999
-4.3991999999999996,-8.206199999999999
-4.3991999999999996,-7.867800000000001
-3.5673,-7.867800000000001
-3.5673,-7.867800000000001
-3.5673,-6.9795
-2.6226,-6.9795
-2.6226,-6.9795
-3.1302,-5.9361
-2.5944,-5.9361
-2.5944,-5.9361
-2.1854999999999998,-5.4285
-1.6779,-5.4285
-1.6779,-5.4285
-1.6779,-5.3439
-1.2126,-5.3439
-1.2126,-5.3439
-0.4089,-5.3439
-0.6204,-5.3439
-0.6204,-5.3439
-0.6204,-5.3439
0.423,-4.8786
0.423,-4.8786
0.423,-4.8786
1.4523,-4.7517000000000005
1.4523,-4.7517000000000005
1.4523,-4.7517000000000005
2.0162999999999998,-4.935
2.0162999999999998,-4.935
2.0162999999999998,-4.935
2.9892,-4.6530000000000005
2.9892,-4.6530000000000005
2.9892,-4.6530000000000005
3.8493000000000004,-3.8775000000000004
3.8493000000000004,-3.1161
3.8493000000000004,-3.1161
4.0466999999999995,-3.1161
3.8493000000000004,-2.1995999999999998
3.8493000000000004,-2.1995999999999998
5.5131,-2.1995999999999998
5.5131,-1.5792
5.5131,-1.5792
6.0912,-1.5792
6.0912,-1.5792
6.9372,-0.8742
6.9936,-0.8742
6.9936,-0.8742
8.1075,0.0141
8.093399999999999,0.0141
8.093399999999999,0.0141
8.093399999999999,0.423
8.657399999999999,0.423
8.657399999999999,0.423
8.657399999999999,0.423
8.6151,0.423
8.6151,0.423
8.6151,0.5498999999999999
10.1238,0.5498999999999999
10.1238,0.5498999999999999
10.1238,1.7343
11.5056,1.7343
11.5056,1.7343
11.5056,2.6508
11.6466,2.6508
11.6466,2.6508
11.6466,3.0315
11.632499999999999,3.0315
11.632499999999999,3.0315
11.632499999999999,3.5673
12.7746,3.5673
12.7746,3.5673
12.7746,4.2299999999999995
14.1282,4.2299999999999995
14.1282,4.2299999999999995
12.2811,4.8081000000000005
13.5078,4.8081000000000005
13.5078,5.668200000000001
13.5078,5.668200000000001
12.7182,5.668200000000001
12.7182,6.3591
12.7182,6.3591
13.7616,6.3591
11.985,6.6975
13.437299999999999,6.6975
12.8733,6.6975
12.8733,7.3602
12.8733,7.3602
13.691099999999999,7.3602
11.8158,8.3331
11.8158,8.3331
10.9698,8.3331
12.6477,8.3895
12.1401,8.3895
11.7312,8.3895
11.7312,7.4871
11.7312,7.4871
12.5208,7.4871
12.5208,6.7962
12.5208,6.7962
13.5078,6.7962
13.5078,6.6411
14.946,6.6411
14.537099999999999,6.6411
12.6336,6.4719
12.6336,6.4719
12.2247,6.4719
14.114099999999999,6.1335
14.114099999999999,6.1335
12.3234,6.1335
12.3234,6.5988
11.7876,6.5988
11.223600000000001,6.5988
11.223600000000001,7.5858
11.223600000000001,7.5858
11.8158,10.2084
11.8158,10.2084
11.8158,10.2084
12.5631,10.4058
12.5631,10.4058
12.5631,10.4058
11.999099999999999,9.531600000000001
13.4232,9.531600000000001
13.4232,9.531600000000001
12.4362,9.559800000000001
12.4362,9.559800000000001
12.4362,9.559800000000001
13.465499999999999,9.771299999999998
13.465499999999999,9.771299999999998
13.465499999999999,9.771299999999998
13.0848,8.2203
14.523,8.2203
14.523,8.2203
13.634699999999999,7.3038
13.634699999999999,7.3038
13.634699999999999,7.3038
13.1271,8.488199999999999
13.1271,8.488199999999999
16.0035,8.488199999999999
15.524099999999999,8.9394
15.524099999999999,8.9394
15.524099999999999,8.9394
16.3419,8.8689
16.3419,8.8689
16.3419,8.8689
13.803899999999999,10.4904
13.803899999999999,10.4904
14.7486,10.4904
14.1282,10.4904
14.1282,11.914499999999999
14.1282,11.914499999999999
14.678099999999999,11.914499999999999
14.678099999999999,11.7876
14.678099999999999,11.7876
15.1716,11.7876
15.1716,12.0132
14.7768,13.578299999999999
13.9308,13.578299999999999
13.9308,13.578299999999999
13.6206,14.2128
12.9156,14.2128
12.9156,14.2128
12.9156,13.1412
13.4514,13.1412
13.4514,13.1412
14.7486,11.4069
14.1,11.4069
14.1,11.4069
14.1,11.223600000000001
12.6195,11.223600000000001
12.6195,11.223600000000001
12.6195,11.223600000000001
13.254,10.6173
13.254,10.6173
14.508899999999999,10.6173
13.944899999999999,8.8407
13.944899999999999,8.8407
13.944899999999999,8.8407
14.480699999999999,8.5587
14.480699999999999,8.5587
14.480699999999999,8.5587
12.9297,10.6032
12.9297,10.6032
14.1,10.6032
13.409099999999999,10.9839
13.409099999999999,10.9839
13.409099999999999,10.9839
11.8722,10.8852
11.8722,10.8852
11.8722,10.8852
12.1401,12.5208
12.1401,12.5208
13.3668,12.5208
12.6195,14.1846
12.6195,13.395
13.916699999999999,13.395
11.223600000000001,13.395
11.223600000000001,13.395
11.223600000000001,12.2247
11.6748,12.2247
11.6748,12.2247
11.6748,12.2247
12.3375,12.2247
12.3375,12.2247
12.0978,12.0978
11.4774,12.0978
11.4774,12.0978
11.4774,11.3787
12.2247,11.3787
12.2247,11.3787
12.2247,11.167200000000001
11.336400000000001,11.167200000000001
11.336400000000001,11.167200000000001
12.4362,10.3776
11.914499999999999,10.3776
11.914499999999999,10.3776
10.3635,9.8136
11.0121,9.8136
11.0121,9.8136
11.0121,9.940499999999998
11.6184,9.940499999999998
11.6184,9.940499999999998
10.9698,10.3635
10.3917,10.3635
10.3917,10.3635
12.0696,10.9134
10.7865,10.9134
10.7865,10.9134
10.7865,11.6748
9.4893,11.6748
9.4893,11.6748
10.5468,11.7594
9.8418,11.7594
9.8418,11.7594
9.8418,11.4351
10.3071,11.4351
10.3071,11.660699999999999
10.3071,11.660699999999999
10.7724,11.660699999999999
8.9676,11.0685
9.8982,11.0685
9.3201,11.0685
9.3201,10.7301
9.3201,10.7301
9.8136,10.7301
9.8136,9.7854
9.8136,9.7854
8.572799999999999,9.7854
8.572799999999999,8.9817
9.531600000000001,8.9817
8.9817,8.9817
8.9817,8.9676
8.9817,8.9676
7.5999,8.9676
7.5999,9.0804
7.5999,9.0804
7.839600000000001,9.0804
7.839600000000001,8.9535
8.770199999999999,8.9535
8.093399999999999,8.9535
8.093399999999999,9.475200000000001
8.093399999999999,9.475200000000001
6.7398,9.475200000000001
6.7398,10.3776
6.7398,10.3776
7.0641,10.3776
7.0641,10.5609
6.3168,10.5609
7.4025,10.5609
7.4025,9.7572
7.4025,9.7572
5.9361,9.7572
5.9361,9.334200000000001
5.9361,9.334200000000001
6.3027,9.4893
6.3027,9.4893
7.3602,9.4893
5.0478,8.1357
5.0478,8.1357
5.0478,8.1357
6.2463,7.05
6.2463,7.05
6.2463,7.05
4.3568999999999996,7.05
4.3568999999999996,7.05
5.1888,7.05
4.7658000000000005,6.8244
4.7658000000000005,6.8244
4.7658000000000005,6.8244
5.2734,6.3591
5.2734,6.3591
5.2734,6.3591
4.2440999999999995,6.345
4.2440999999999995,6.345
5.1183,6.345
4.5402,7.1205
4.5402,7.1205
4.5402,7.1205
5.0478,7.1205
5.0478,7.670400000000001
5.0478,7.670400000000001
3.807,7.670400000000001
3.807,6.9231
3.807,6.9231
3.2712,6.9231
3.2712,7.05
3.2712,7.05
2.7918000000000003,7.05
2.7918000000000003,7.3038
2.7918000000000003,7.3038
3.1443,7.3038
3.1443,6.6693
2.2419,6.6693
1.8612,6.6693
1.8612,6.1617
3.6378,5.7669
2.2137,5.7669
2.2137,5.7669
2.2137,5.2593
2.5662,5.2593
2.5662,5.2593
1.6215,5.2593
1.3677,4.6389000000000005
1.3677,4.6389000000000005
1.3677,4.1171999999999995
1.8189,4.1171999999999995
1.8189,4.1171999999999995
1.8189,4.1171999999999995
0.5781000000000001,3.6801
0.5781000000000001,3.6801
0.5781000000000001,3.6801
0.8319,3.4686
0.8319,3.4686
1.4664,3.4686
1.1703000000000001,4.1594999999999995
1.1703000000000001,4.1594999999999995
1.1703000000000001,4.1594999999999995
0.0,4.3427999999999995
0.0,4.3427999999999995
0.0,4.3427999999999995
0.3102,4.2299999999999995
0.3102,4.2299999999999995
-0.4512,4.2299999999999995
-0.6909,4.2158999999999995
-0.6909,4.2158999999999995
-0.6909,4.2158999999999995
-0.6204,3.8493000000000004
-0.6204,3.8493000000000004
-0.6204,3.8493000000000004
-1.5792,3.6801
-1.5792,3.6801
-1.2126,3.6801
-1.3818,2.8623000000000003
-1.3818,2.8623000000000003
-1.9599000000000002,2.2419
-1.8189,2.2419
-1.8189,2.2419
-1.8189,1.833
-1.5792,1.833
-1.5792,1.833
-1.9740000000000002,1.1844000000000001
-2.0303999999999998,1.1844000000000001
-2.0303999999999998,1.1844000000000001
-2.0303999999999998,0.9870000000000001
-2.1290999999999998,0.9870000000000001
-2.1290999999999998,0.9870000000000001
-2.1290999999999998,0.7755
-2.2701,0.7755
-2.2701,0.7755
-2.1008999999999998,0.5498999999999999
-2.0444999999999998,0.5498999999999999
-2.0444999999999998,0.5498999999999999
-2.0444999999999998,0.6768
-2.5239,0.6768
-2.5239,0.6768
-2.5239,1.0997999999999999
-2.7495,1.0997999999999999
-2.7495,1.0997999999999999
-2.961,1.1139
-2.9469,1.1139
-2.9469,1.1139
-2.9469,1.1139
-3.0033,1.1139
-3.0033,1.1139
-3.0033,1.1139
-3.0033,1.1139
-3.0033,1.1139
-3.2994,1.1139
-3.2571,1.1139
-3.2571,1.1139
-3.2571,0.3243
-3.384,0.3243
-3.384,0.3243
-3.384,-0.5075999999999999
-3.1443,-0.5075999999999999
-3.1443,-0.8178
-3.1443,-0.8178
-2.9469,-0.8178
-2.9469,-1.0151999999999999
-2.9469,-1.0151999999999999
-3.0738,-1.0151999999999999
-3.0738,-1.1421000000000001
-3.0738,-1.1421000000000001
-2.8764,-1.1421000000000001
-2.8764,-1.5087
-2.6649,-1.5087
-2.5662,-1.5087
-2.5662,-1.6356
-2.5662,-1.6356
-2.3829000000000002,-1.6356
-2.3829000000000002,-1.2267
-2.3829000000000002,-1.2267
-2.2701,-1.2267
-2.2701,-0.4512
-2.4111000000000002,-0.4512
-2.2983000000000002,-0.4512
-2.2983000000000002,-0.3243
-2.2983000000000002,-0.3243
-2.2983000000000002,-0.3243
-2.2983000000000002,-0.2256
-2.2983000000000002,-0.2256
-1.8894,-0.2256
-1.8894,0.0423
-1.2267,0.0423
-1.0997999999999999,0.0423
-1.0997999999999999,0.0705
-1.0997999999999999,0.0705
-0.8883,0.0705
-0.8883,0.0705
0.0987,-0.25379999999999997
0.4512,-0.25379999999999997
0.4512,-0.25379999999999997
0.5922000000000001,-0.7896
0.7755,-1.0433999999999999
0.7755,-1.0433999999999999
0.7755,-1.0433999999999999
1.0151999999999999,-1.0715999999999999
1.0151999999999999,-1.0715999999999999
1.0151999999999999,-1.0715999999999999
0.9729000000000001,-0.564
0.9729000000000001,-0.564
2.5098,-0.564
2.5098,-0.5075999999999999
2.5098,-0.5075999999999999
3.0597,-0.5075999999999999
3.1725,0.1974
3.1725,0.1974
3.1725,0.1974
3.0738,1.3395
3.0738,1.3395
5.2029,1.3395
5.2029,1.3395
5.2029,1.8753
5.9784,1.8753
5.781,1.8753
5.781,1.9880999999999998
5.781,1.9880999999999998
6.345,1.9880999999999998
6.345,2.4675
7.5294,2.4675
7.3743,2.4675
7.3461,3.243
8.5869,3.243
8.318999999999999,3.243
8.318999999999999,2.961
8.318999999999999,2.961
9.3201,2.961
9.3201,2.961
10.5327,2.961
10.293,2.961
10.7442,4.1030999999999995
11.8158,4.1030999999999995
11.392800000000001,4.1030999999999995
11.392800000000001,4.6389000000000005
11.392800000000001,5.0055
12.7887,5.0055
12.7887,5.0055
12.7887,5.0055
14.198699999999999,5.7528
14.198699999999999,5.7528
14.198699999999999,5.7528
14.4384,6.8667
14.4384,6.8667
14.4384,6.8667
15.876599999999998,8.149799999999999
15.876599999999998,8.149799999999999
15.876599999999998,8.149799999999999
17.526300000000003,8.9817
17.526300000000003,8.9817
17.526300000000003,8.9817
18.950400000000002,9.588000000000001
18.950400000000002,9.588000000000001
18.950400000000002,9.588000000000001
17.723699999999997,10.4904
17.723699999999997,10.4904
17.723699999999997,10.4904
19.1478,10.9416
19.1478,10.9416
21.333299999999998,10.9416
20.3886,11.0685
20.3886,11.0685
20.3886,11.0685
19.4157,11.886299999999999
19.4157,11.886299999999999
19.4157,11.886299999999999
20.2194,13.0989
20.2194,13.0989
20.2194,13.0989
19.232400000000002,13.296299999999999
19.232400000000002,13.296299999999999
19.232400000000002,13.296299999999999
18.950400000000002,12.972
18.950400000000002,12.972
18.950400000000002,14.283299999999999
19.6977,14.283299999999999
19.6977,14.283299999999999
21.3615,14.847299999999999
20.4168,14.847299999999999
20.4168,14.847299999999999
20.4168,14.5794
18.2595,14.5794
18.2595,14.5794
18.2595,14.5512
18.894000000000002,14.5512
18.894000000000002,14.5512
17.5686,14.4384
16.7649,14.4384
16.7649,14.4384
16.7649,13.677
17.089199999999998,13.677
17.089199999999998,13.677
17.089199999999998,14.1
14.988299999999999,14.1
14.988299999999999,14.1
14.988299999999999,15.044699999999999
14.226899999999999,15.044699999999999
14.226899999999999,15.044699999999999
16.7226,14.523
16.0317,14.523
16.0317,14.523
16.0317,13.4232
16.4265,13.4232
16.4265,13.4232
17.780099999999997,13.3386
17.1033,13.3386
17.1033,13.3386
16.0035,12.9579
15.439499999999999,12.9579
15.439499999999999,12.9579
15.439499999999999,12.9579
14.7486,11.2659
14.7486,11.2659
17.1315,11.2941
16.3983,11.2941
16.3983,12.9861
17.6532,12.9861
16.8495,12.9861
16.8495,13.7334
16.8495,13.7334
14.903699999999999,13.7334
14.903699999999999,14.198699999999999
16.0458,14.198699999999999
15.1998,14.198699999999999
15.1998,14.452499999999999
13.9026,14.452499999999999
13.1412,14.452499999999999
13.1412,14.452499999999999
13.1412,14.2692
13.5078,14.2692
13.5078,14.875499999999999
13.5078,14.875499999999999
12.7041,14.875499999999999
13.888499999999999,14.988299999999999
13.888499999999999,14.988299999999999
14.255099999999999,14.988299999999999
14.255099999999999,14.8896
14.255099999999999,14.8896
14.734499999999999,14.8896
14.734499999999999,13.296299999999999
13.860299999999999,13.296299999999999
13.239899999999999,13.296299999999999
13.239899999999999,13.296299999999999
13.239899999999999,12.0696
13.775699999999999,12.0696
13.775699999999999,12.0696
13.775699999999999,11.703
12.549,11.703
12.549,11.703
13.550099999999999,11.547899999999998
12.9438,11.547899999999998
12.9438,11.547899999999998
12.9438,11.547899999999998
13.296299999999999,12.4503
13.296299999999999,12.4503
13.296299999999999,12.4503
13.6206,13.1412
13.6206,13.1412
14.678099999999999,13.1412
14.001299999999999,13.6206
14.001299999999999,13.6206
14.001299999999999,13.6206
12.2529,13.747499999999999
12.2529,13.747499999999999
12.2529,13.747499999999999
10.5609,13.747499999999999
10.5609,13.550099999999999
10.5609,13.550099999999999
10.7724,13.550099999999999
10.7724,13.550099999999999
10.7724,13.550099999999999
11.0544,13.550099999999999
11.0544,13.5078
11.0544,13.5078
11.449200000000001,13.5078
11.449200000000001,13.0848
12.4362,13.0848
11.8158,13.0848
11.8158,12.4362
12.9297,12.4362
12.3657,12.4362
12.3657,10.9839
12.3657,10.9839
11.0403,10.9839
11.0403,10.3212
11.0403,10.3212
9.827699999999998,10.3212
9.827699999999998,10.2789
9.827699999999998,10.2789
10.0674,10.2789
10.0674,10.3494
10.0674,10.3494
9.362400000000001,10.3494
9.362400000000001,11.195400000000001
9.362400000000001,11.195400000000001
8.7561,12.4221
8.7561,12.4221
8.7561,12.4221
8.9253,13.0143
8.9253,13.0143
8.9253,13.0143
9.108600000000001,12.1401
9.108600000000001,12.1401
9.108600000000001,12.1401
9.447000000000001,11.914499999999999
9.447000000000001,11.914499999999999
8.883,11.914499999999999
6.9795,11.7594
6.9795,11.7594
6.9795,11.7594
7.2897,10.3071
7.2897,10.3071
7.2897,10.3071
7.698600000000001,8.9112
7.698600000000001,8.9112
7.2474,8.9112
6.6834,8.713799999999999
6.6834,8.713799999999999
6.6834,8.713799999999999
7.05,9.306000000000001
7.05,9.306000000000001
7.05,9.306000000000001
6.2322,8.8266
6.2322,8.8266
6.2322,8.8266
6.5001,7.994699999999999
6.5001,7.994699999999999
6.5001,7.994699999999999
5.9361,9.024
5.9361,9.024
5.9361,9.024
5.8938,9.644400000000001
5.8938,9.644400000000001
6.9654,9.0522
6.4437,9.0522
6.4437,9.0522
5.0901,8.629199999999999
5.4567,8.629199999999999
5.4567,8.629199999999999
5.4567,8.347199999999999
4.4838,8.347199999999999
4.4838,8.347199999999999
5.4426,8.431799999999999
4.9068,8.431799999999999
4.9068,8.431799999999999
4.9068,8.5587
3.9198000000000004,8.5587
3.9198000000000004,8.5587
3.9198000000000004,8.0511
4.3709999999999996,8.0511
4.3709999999999996,8.0511
4.3709999999999996,7.769100000000001
3.9198000000000004,7.769100000000001
3.4545,7.769100000000001
3.4545,7.1346
3.8352000000000004,7.1346
3.8352000000000004,7.1346
2.4957,6.9231
2.8482000000000003,6.9231
2.8482000000000003,6.9231
2.256,6.0489
3.2007,6.0489
3.2007,6.0489
3.2007,5.5413
2.1008999999999998,5.5413
2.1008999999999998,5.5413
2.1008999999999998,5.5413
1.7202,5.5413
1.7202,5.5413
1.4382,5.5413
1.0574999999999999,5.5413
1.0574999999999999,5.5413
1.0574999999999999,5.5413
0.7050000000000001,5.5695
0.7050000000000001,5.3439
0.7050000000000001,5.3439
-0.6627,5.3439
-0.6627,5.3862
-0.0987,5.3862
-0.4653,5.3862
-0.4653,5.4708
-0.4653,5.4708
-2.2983000000000002,5.4708
-2.2983000000000002,4.7235000000000005
-2.2983000000000002,4.7235000000000005
-2.538,4.7235000000000005
-2.538,3.9339000000000004
-2.1008999999999998,3.9339000000000004
-2.2842000000000002,3.9339000000000004
-2.2842000000000002,3.3699
-2.2842000000000002,3.3699
-4.1876999999999995,3.3699
-4.1876999999999995,2.7777
-4.1876999999999995,2.7777
-4.2299999999999995,2.7777
-4.2299999999999995,2.7777
-5.8374,1.8894
-5.8233,1.8894
-5.8233,1.8894
-5.8233,0.8601
-6.0207,0.8601
-6.0207,0.8601
-6.0207,0.25379999999999997
-6.0066,0.25379999999999997
-6.0066,0.25379999999999997
-7.811400000000001,0.26789999999999997
-7.6281,0.26789999999999997
-7.6281,0.26789999999999997
-7.4307,0.0846
-8.8548,0.0846
-8.8548,0.0846
-8.8548,-1.269
-9.390600000000001,-1.8189
-9.390600000000001,-1.8189
-9.390600000000001,-1.8189
-10.3776,-1.8189
-10.3776,-1.8189
-10.3776,-1.8189
-10.0674,-1.8189
-10.0674,-1.7625
-10.0674,-1.7625
-11.8722,-1.7625
-11.8722,-2.2983000000000002
-11.8722,-2.2983000000000002
-12.6195,-2.2983000000000002
-12.6195,-4.1594999999999995
-12.6195,-4.1594999999999995
-13.0425,-4.1594999999999995
-13.0425,-4.8363000000000005
-13.0425,-4.8363000000000005
-13.268099999999999,-4.8363000000000005
-13.268099999999999,-4.8504
-13.268099999999999,-4.8504
-13.239899999999999,-4.8504
-14.0718,-5.5413
-14.0718,-5.5413
-14.057699999999999,-5.5413
-14.057699999999999,-6.5424
-14.057699999999999,-6.5424
-13.9872,-6.5424
-13.9872,-7.2897
-13.9872,-7.2897
-13.254,-7.2897
-14.988299999999999,-7.3179
-14.988299999999999,-7.3179
-14.734499999999999,-7.3179
-14.734499999999999,-7.5435
-14.734499999999999,-7.5435
-14.367899999999999,-7.5435
-14.367899999999999,-8.3331
-14.367899999999999,-8.3331
-13.634699999999999,-8.3331
-13.634699999999999,-8.6715
-13.634699999999999,-8.6715
-15.044699999999999,-8.488199999999999
-15.044699999999999,-8.488199999999999
-15.044699999999999,-8.488199999999999
-14.5512,-8.036999999999999
-14.5512,-8.036999999999999
-14.5512,-8.036999999999999
-13.9308,-8.4177
-13.9308,-8.4177
-13.9308,-8.4177
-14.988299999999999,-9.2073
-14.988299999999999,-9.2073
-14.988299999999999,-9.2073
-14.2692,-9.2355
-14.2692,-9.2355
-14.2692,-9.2355
-13.5078,-9.2637
-13.5078,-9.2637
-13.5078,-9.2637
-14.424299999999999,-9.8982
-14.424299999999999,-9.8982
-14.424299999999999,-9.8982
-13.437299999999999,-10.0815
-13.437299999999999,-10.0815
-13.437299999999999,-10.0815
-12.4926,-10.0815
-12.4926,-10.0815
-12.4926,-10.0815
-11.5338,-10.0815
-11.5338,-10.0815
-11.5338,-10.0815
-12.1683,-10.0815
-12.1683,-10.0815
-12.1683,-10.0815
-11.0685,-10.0533
-11.0685,-10.0533
-9.024,-10.0533
-9.912299999999998,-10.0533
-9.912299999999998,-10.0533
-8.3895,-9.1509
-7.797300000000001,-9.1509
-7.797300000000001,-9.1509
-9.2919,-8.6997
-7.4589,-8.6997
-7.4589,-8.6997
-6.0771,-8.3613
-4.7799000000000005,-8.3613
-4.7799000000000005,-8.3613
-4.7799000000000005,-8.459999999999999
-4.8927,-8.459999999999999
-4.8927,-8.459999999999999
-4.8927,-8.0793
-4.9914,-8.0793
-4.9914,-8.0793
-2.6367,-6.6975
-3.4686,-6.6975
-3.4686,-6.6975
-3.4686,-6.9795
-2.1149999999999998,-6.9795
-2.1149999999999998,-6.9795
-2.1149999999999998,-5.9502
-2.0726999999999998,-5.9502
-2.0726999999999998,-5.9502
-0.7473,-4.2158999999999995
-0.3243,-4.2158999999999995
-0.3243,-4.2158999999999995
-0.3243,-4.2158999999999995
1.3677,-4.1453999999999995
1.3677,-4.1453999999999995
1.3677,-4.1453999999999995
1.7202,-4.1453999999999995
1.7202,-4.1453999999999995
1.9035,-4.1453999999999995
2.2137,-3.3981
2.2137,-3.3981
2.2137,-3.3981
4.3004999999999995,-2.5803
4.3004999999999995,-2.5803
4.3004999999999995,-2.5803
5.0619,-2.6649
5.0619,-2.1713999999999998
7.1769,-2.1713999999999998
7.3179,-2.1713999999999998
7.3179,-1.0997999999999999
7.3179,-1.0997999999999999
7.4025,-1.0997999999999999
7.4025,-0.6345
7.4025,-0.6345
7.4166,-0.6345
6.1335,-0.1974
12.3657,-0.1974
12.1824,-0.1974
12.1824,0.423
14.1282,0.423
13.860299999999999,0.423
13.860299999999999,0.423
13.860299999999999,2.4252
15.820200000000002,2.4252
15.820200000000002,2.4252
17.2866,3.4404
16.7367,3.4404
16.7367,3.4404
15.862499999999999,3.4404
13.536,3.4404
13.536,3.4404
16.807199999999998,6.486
14.565299999999999,6.486
14.565299999999999,6.486
14.565299999999999,8.657399999999999
13.691099999999999,8.657399999999999
13.691099999999999,8.657399999999999
11.703,8.8407
11.0262,8.8407
11.0262,8.8407
11.0262,9.4329
9.912299999999998,9.4329
9.912299999999998,9.4329
9.912299999999998,10.6596
9.0099,10.6596
7.5999,10.2789
7.05,10.2789
6.7116,10.2789
6.7116,8.0511
6.7116,8.0511
6.4155,8.0511
6.4155,6.1758
6.4155,6.1758
2.8059000000000003,6.1758
6.4719,4.9773
3.2994,4.9773
3.2712,4.9773
3.2712,3.2148
3.2712,3.2148
3.8916000000000004,3.2148
3.8916000000000004,1.3254
3.8916000000000004,1.3254
3.102,1.3254
3.102,0.3948
3.102,0.3948
3.4827,0.3948
3.4827,1.4523
3.4827,1.4523
2.4816,1.4523
2.4816,2.6226
2.4816,2.6226
2.3124000000000002,2.6226
2.3124000000000002,2.7495
1.7343,2.7495
3.1725,2.7495
1.4664,3.1725
1.4664,3.1725
1.6215,3.1725
1.6215,4.0325999999999995
1.6215,4.0325999999999995
1.9176000000000002,4.0325999999999995
1.9176000000000002,4.1171999999999995
0.3948,4.1171999999999995
0.282,4.1171999999999995
0.282,3.0879
0.282,3.0879
0.49350000000000005,1.7766
0.49350000000000005,1.7766
0.49350000000000005,1.7766
0.8178,1.7343
0.8178,1.7343
0.8178,1.7343
-1.4100000000000001,1.8048
-1.4100000000000001,1.8048
-1.4100000000000001,1.8048
-1.0010999999999999,0.6627
-1.0010999999999999,0.6627
-1.0010999999999999,0.6627
-3.6378,-0.4512
-3.6378,-0.4512
-3.7224,-0.4512
-3.7224,-0.5075999999999999
-3.7224,-0.5075999999999999
-3.7224,-0.5075999999999999
-3.6519,0.6486
-3.6519,0.6486
-3.6519,0.6486
-5.9925,-0.0141
-5.9925,-0.0141
-8.2767,-0.0141
-8.1639,-0.6063
-8.1639,-0.6063
-8.1639,-0.6063
-8.8266,-0.6063
-8.8266,-0.6063
-8.8266,-0.6063
-11.0262,-0.6063
-11.0262,-1.3254
-12.831,-1.3254
-12.3516,-2.1008999999999998
-12.3516,-2.1008999999999998
-12.3516,-2.1008999999999998
-13.254,-2.1008999999999998
-13.254,-3.4545
-13.254,-5.1465
-13.5078,-5.1465
-13.5078,-5.1465
-13.8462,-6.5001
-13.0284,-6.5001
-13.0284,-6.5001
-13.0284,-7.980599999999999
-12.3234,-7.980599999999999
-12.3234,-7.980599999999999
-12.3234,-9.799499999999998
-11.5056,-9.799499999999998
-11.5056,-9.799499999999998
-11.5056,-10.6737
-10.6878,-10.6737
-10.6878,-10.6737
-9.5175,-10.3776
-9.8418,-10.3776
-9.8418,-10.3776
-9.8418,-8.8407
-10.3776,-8.8407
-10.3776,-8.8407
-10.2507,-7.5435
-9.8418,-7.5435
-9.8418,-7.5435
-9.8418,-7.5435
-9.390600000000001,-5.7951
-9.390600000000001,-5.7951
-9.390600000000001,-5.7951
-10.2507,-4.2722999999999995
-10.2507,-4.2722999999999995
-10.1943,-4.2722999999999995
-9.729,-3.4263
-9.729,-3.4263
-9.729,-3.4263
-9.108600000000001,-3.8352000000000004
-9.108600000000001,-3.8352000000000004
-9.108600000000001,-3.8352000000000004
-8.403599999999999,-5.0619
-8.403599999999999,-5.0619
-8.403599999999999,-5.0619
-7.656300000000001,-6.063
-7.656300000000001,-7.825500000000001
-8.4177,-7.825500000000001
-7.684500000000001,-7.825500000000001
-7.684500000000001,-8.9535
-7.684500000000001,-8.9535
-6.8103,-8.9535
-6.8103,-8.9535
-7.5858,-9.306000000000001
-6.7821,-9.306000000000001
-6.7821,-9.306000000000001
-6.7821,-9.4893
-5.922,-9.4893
-5.922,-9.4893
-5.922,-8.741999999999999
-5.1888,-8.741999999999999
-5.1888,-8.741999999999999
-5.1888,-6.486
-5.499,-6.486
-5.499,-6.486
-4.6530000000000005,-5.0055
-4.0748999999999995,-5.0055
-4.0748999999999995,-5.0055
-4.9068,-4.0184999999999995
-4.4133,-4.0184999999999995
-4.4133,-4.0184999999999995
-4.4133,-3.2712
-3.9480000000000004,-3.2712
-3.9480000000000004,-3.2712
-3.9480000000000004,-2.679
-4.1030999999999995,-2.679
-4.1030999999999995,-2.679
-3.3981,-2.8623000000000003
-3.0033,-2.8623000000000003
-3.0033,-2.8623000000000003
-3.0033,-3.8634000000000004
-2.6367,-3.8634000000000004
-2.6367,-3.8634000000000004
-2.3547000000000002,-4.6812000000000005
-2.4534,-4.6812000000000005
-1.8753,-5.3862
-1.8753,-5.3862
-1.0997999999999999,-5.3862
-1.6215,-5.5272
-1.6215,-5.5272
-1.0997999999999999,-5.5272
-0.6204,-5.682300000000001
-0.1833,-5.682300000000001
0.1833,-5.682300000000001
0.1833,-5.597700000000001
0.1833,-5.597700000000001
0.35250000000000004,-5.597700000000001
0.35250000000000004,-4.4133
0.35250000000000004,-4.4133
1.0010999999999999,-4.4133
1.2267,-2.6085
1.2267,-2.6085
1.5651,-2.6085
1.5651,-1.4241000000000001
1.5651,-1.4241000000000001
1.8894,-1.4241000000000001
1.8894,-0.35250000000000004
1.8894,-0.35250000000000004
2.1572999999999998,-0.35250000000000004
2.2701,0.47940000000000005
2.2701,0.47940000000000005
2.2842000000000002,0.47940000000000005
2.6085,0.7050000000000001
2.6085,0.7050000000000001
3.1302,0.7050000000000001
3.0033,0.29610000000000003
3.0033,0.29610000000000003
3.6096,0.29610000000000003
3.6096,-0.1833
4.2158999999999995,-0.1833
4.3145999999999995,-0.1833
4.0466999999999995,-0.5357999999999999
4.0466999999999995,-0.5357999999999999
4.8081000000000005,-0.5357999999999999
4.8081000000000005,-0.9165
4.8081000000000005,-0.9165
5.217,-1.0151999999999999
5.217,-1.0151999999999999
5.217,-1.0151999999999999
5.710500000000001,-0.846
6.1194,-0.846
6.1194,-0.846
6.2604,0.0423
6.2604,0.0423
6.2604,0.0423
7.1205,0.9870000000000001
7.1205,0.9870000000000001
7.1205,0.9870000000000001
6.8385,2.0303999999999998
6.8385,2.0303999999999998
6.8385,2.0303999999999998
6.5142,3.1161
6.5142,3.1161
6.5142,3.1161
7.3461,4.1453999999999995
7.3461,4.1453999999999995
8.459999999999999,4.1453999999999995
8.121599999999999,4.5966000000000005
8.121599999999999,4.5966000000000005
8.121599999999999,4.5966000000000005
7.670400000000001,4.6812000000000005
7.670400000000001,4.6812000000000005
7.670400000000001,4.6812000000000005
7.4448,4.6953000000000005
8.516399999999999,4.6953000000000005
8.516399999999999,4.6953000000000005
8.290799999999999,4.6953000000000005
8.1639,3.7083
8.1639,3.7083
7.740900000000001,3.7083
9.0663,3.2571
9.0663,3.2571
8.8407,3.2571
8.5869,3.243
8.5869,3.4545
8.3331,3.4545
9.5175,3.4545
8.121599999999999,3.807
8.9253,3.807
8.9253,3.807
8.9253,4.2863999999999995
9.87,4.2863999999999995
9.87,4.2863999999999995
9.390600000000001,4.5543000000000005
8.9394,4.5543000000000005
8.9394,4.5543000000000005
8.9394,5.625900000000001
8.1921,5.625900000000001
8.1921,5.625900000000001
8.1921,5.625900000000001
9.362400000000001,6.3309
9.362400000000001,6.3309
9.362400000000001,6.3309
8.8407,6.3873
9.5457,6.3873
9.5457,6.3873
8.5305,6.9654
8.5305,6.9654
8.5305,6.9654
8.1075,7.1769
8.1075,7.1769
8.1075,7.1769
8.9394,6.2886
8.8548,6.2886
8.8548,6.2886
8.375399999999999,5.7387
8.375399999999999,5.7387
8.375399999999999,5.7387
9.136800000000001,5.7387
9.136800000000001,5.7387
9.136800000000001,5.7387
8.7843,5.696400000000001
8.7843,5.696400000000001
8.7843,5.696400000000001
8.8125,5.0055
8.8125,5.1606
8.8125,5.1606
7.712700000000001,5.1606
7.712700000000001,6.1053
7.712700000000001,6.1053
8.403599999999999,6.1053
8.403599999999999,6.1053
8.403599999999999,6.2604
7.2897,6.2604
7.2897,6.2604
9.0804,6.7962
7.811400000000001,6.7962
7.811400000000001,6.7962
7.811400000000001,7.1769
6.7821,7.1769
6.7821,7.1769
8.459999999999999,7.4589
7.2192,7.4589
7.2192,7.4589
7.2192,7.3602
6.3309,7.3602
6.3309,7.3602
7.825500000000001,6.7539
6.8526,6.7539
6.8526,6.7539
6.8526,6.7962
7.5153,6.7962
7.5153,6.7962
7.5153,6.7257
8.2485,6.7257
8.2485,6.7257
8.2485,6.1476
9.1791,6.1476
9.1791,6.1476
9.1791,5.7669
10.0956,5.7669
10.0956,5.7669
10.0956,5.499
11.280000000000001,5.499
11.280000000000001,5.7669
11.280000000000001,5.7669
12.6336,5.7669
12.6336,5.9079
12.6336,5.9079
14.029499999999999,5.9079
14.029499999999999,6.5142
14.029499999999999,6.5142
13.296299999999999,6.5142
13.296299999999999,7.2474
13.296299999999999,7.2474
16.9482,7.2474
16.9482,8.6151
16.9482,8.6151
18.668400000000002,8.6151
18.668400000000002,9.8136
18.668400000000002,9.8136
20.586,9.8136
20.586,11.0685
20.586,11.0685
22.686899999999998,11.0685
22.686899999999998,12.267
26.5785,12.267
25.168499999999998,12.267
25.168499999999998,12.6054
25.168499999999998,12.6054
27.776999999999997,12.6054
27.776999999999997,13.1271
27.776999999999997,13.1271
30.709799999999998,13.1271
30.709799999999998,14.9742
30.709799999999998,14.9742
28.3833,14.9742
33.3183,16.0599
33.3183,16.0599
36.519,16.0599
36.519,16.0599
36.519,18.7671
39.4095,18.7671
39.4095,18.7671
39.4095,20.9808
36.519,21.6012
42.2859,21.6012
42.2859,21.6012
44.8521,24.4635
44.8521,24.4635
44.8521,24.4635
46.967099999999995,24.7596
46.967099999999995,24.7596
46.967099999999995,24.7596
44.147099999999995,25.3518
48.9834,25.3518
48.9834,25.3518
50.5062,27.7347
50.5062,27.7347
50.5062,27.7347
51.3804,27.776999999999997
51.3804,27.776999999999997
51.3804,27.776999999999997
49.0962,27.776999999999997
51.591899999999995,27.776999999999997
51.591899999999995,27.776999999999997
51.464999999999996,27.776999999999997
51.464999999999996,27.8052
51.464999999999996,27.8052
50.8869,27.8052
50.8869,27.8052
51.5637,27.8052
50.0973,27.8052
50.0973,27.776999999999997
50.0973,27.776999999999997
49.49099999999999,27.776999999999997
49.49099999999999,27.8052
49.49099999999999,27.8052
48.1656,27.8052
48.1656,27.8052
48.222,27.8052
47.1081,27.8052
47.1081,27.776999999999997
47.1081,27.8052
46.036500000000004,27.8052
46.036500000000004,27.8052
46.036500000000004,27.776999999999997
44.9649,27.776999999999997
44.9649,27.776999999999997
44.9649,27.819300000000002
43.9356,27.819300000000002
43.977900000000005,27.819300000000002
43.977900000000005,27.833399999999997
42.878099999999996,27.833399999999997
42.878099999999996,27.833399999999997
42.878099999999996,27.833399999999997
41.9475,27.8475
41.9475,27.8475
41.9475,27.8475
41.0028,27.8475
41.0028,27.8475
41.0028,27.8475
39.9453,27.8475
39.9453,27.8475
39.9453,27.8475
39.2121,27.833399999999997
39.2121,27.833399999999997
39.2121,27.833399999999997
38.4789,27.833399999999997
38.4789,27.833399999999997
38.4789,27.833399999999997
37.717499999999994,27.8475
37.717499999999994,27.8475
37.717499999999994,27.8475
36.9702,27.833399999999997
36.9702,27.833399999999997
36.9702,27.833399999999997
36.0396,27.833399999999997
36.0396,27.833399999999997
36.0396,27.833399999999997
35.3628,27.8475
35.3628,27.8475
35.3628,27.8475
34.7283,27.833399999999997
34.7283,27.833399999999997
34.7283,27.833399999999997
33.741299999999995,27.833399999999997
33.741299999999995,27.833399999999997
33.741299999999995,27.833399999999997
33.0645,27.833399999999997
33.0645,27.833399999999997
33.0645,27.762900000000002
32.3313,27.762900000000002
32.3313,27.762900000000002
32.3313,27.720599999999997
31.245600000000003,27.720599999999997
31.245600000000003,27.720599999999997
31.245600000000003,27.720599999999997
30.611099999999997,27.720599999999997
30.611099999999997,27.720599999999997
30.611099999999997,27.720599999999997
30.0048,27.720599999999997
30.0048,27.720599999999997
30.0048,27.720599999999997
28.792199999999998,27.720599999999997
28.792199999999998,27.720599999999997
28.792199999999998,27.8052
27.438599999999997,27.8052
28.4961,27.8052
28.4961,27.833399999999997
27.6219,27.833399999999997
27.6219,27.833399999999997
27.6219,27.819300000000002
26.8605,27.819300000000002
26.8605,27.819300000000002
26.8605,27.819300000000002
26.1555,27.819300000000002
26.1555,27.819300000000002
26.1555,27.833399999999997
25.3095,27.833399999999997
25.3095,27.833399999999997
25.3095,27.833399999999997
24.5904,27.833399999999997
24.5904,27.833399999999997
24.5904,27.833399999999997
23.1663,27.833399999999997
24.0969,27.833399999999997
24.0969,27.833399999999997
23.3637,27.833399999999997
23.3637,27.833399999999997
23.3637,27.833399999999997
