-6.9795,0.0
-6.9795,0.0
-6.9795,0.0
-6.9795,0.0
-6.9795,0.0
-6.9795,0.0
-6.9936,0.0
-6.9936,0.0
-6.9936,0.0
-6.9795,1.8894
-6.9795,1.8894
-6.9795,1.8894
-7.0218,7.1487
-6.9795,7.1487
-6.9795,7.1487
-6.9654,6.486
-7.0077,6.486
-7.0077,6.486
-7.0077,1.4523
-7.0077,1.4523
-7.0077,-3.0456
-7.0077,-3.0456
-6.9936,-3.0456
-6.9936,-6.8808
-6.9513,-6.8808
-6.9795,-6.8808
-6.9795,-7.952399999999999
-6.8808,-7.952399999999999
-6.8808,-7.952399999999999
-6.8808,-9.9969
-6.8244,-9.9969
-6.8244,-9.9969
-6.8244,-12.8733
-6.7398,-12.8733
-6.7539,-12.8733
-6.7539,-10.4622
-6.6975,-10.4622
-6.6975,-10.4622
-6.6975,-5.1888
-6.6411,-5.1888
-6.6411,-5.1888
-6.6411,-2.5803
-6.6693,-2.5803
-6.6975,-2.5803
-6.6975,-1.0433999999999999
-6.7257,-1.0433999999999999
-6.7257,-1.0433999999999999
-6.7257,1.2408
-6.5565,1.2408
-6.5565,1.2408
-6.5565,1.6779
-6.3309,1.6779
-6.3873,1.6779
-6.3873,-0.8601
-6.1194,-0.8601
-6.1194,-0.8601
-6.1194,-4.3991999999999996
-5.5413,-4.3991999999999996
-5.5413,-4.3991999999999996
-5.5413,-5.8797
-4.935,-5.8797
-4.4697,-7.853700000000001
-4.4697,-7.853700000000001
-3.8916000000000004,-7.853700000000001
-3.9198000000000004,-8.883
-3.9198000000000004,-8.883
-3.2853,-8.883
-3.2853,-9.1791
-3.2853,-9.1791
-2.8482000000000003,-9.1791
-2.8623000000000003,-8.8548
-2.8623000000000003,-8.8548
-2.7636,-8.8548
-2.6085,-5.8797
-2.6085,-5.8797
-2.6085,-5.8797
-2.6085,-2.6085
-2.6085,-2.6085
-2.5944,-2.6085
-2.6367,-0.0423
-2.6367,-0.0423
-2.7072,-0.0423
-2.5239,1.0151999999999999
-2.5239,1.0151999999999999
-2.5098,1.0151999999999999
-2.5098,1.8048
-2.5098,1.8048
-2.2419,1.8048
-2.2419,1.8048
-2.2419,1.269
-1.8612,1.269
-1.692,1.269
-1.692,-0.8319
-1.2267,-0.8319
-1.2972,-0.8319
-1.2972,-3.4545
-0.7191,-3.4545
-0.49350000000000005,-3.4545
-0.49350000000000005,-4.935
0.0282,-5.781
0.12689999999999999,-5.781
0.12689999999999999,-5.781
0.6063,-6.0912
0.6909,-6.0912
0.6909,-6.0912
0.9165,-5.781
1.4241000000000001,-5.781
1.4241000000000001,-5.781
1.4805,-4.4556
1.0574999999999999,-4.4556
1.0574999999999999,-4.4556
1.0997999999999999,-1.8894
1.0997999999999999,-1.8894
1.0997999999999999,-1.8894
0.9024,-1.8894
0.9024,0.6768
0.9024,0.6768
0.6768,0.6768
0.6768,2.2983000000000002
0.6768,2.2983000000000002
1.1562000000000001,2.2983000000000002
1.1562000000000001,3.0597
1.1562000000000001,3.0597
1.1985000000000001,3.0597
1.2549,3.1161
1.2549,3.1161
1.4241000000000001,3.1161
1.9176000000000002,1.4241000000000001
1.9176000000000002,1.4241000000000001
2.4111000000000002,1.4241000000000001
2.4111000000000002,-0.5781000000000001
2.4111000000000002,-0.5781000000000001
2.6649,-0.5781000000000001
2.8200000000000003,-2.2983000000000002
2.8200000000000003,-2.2983000000000002
3.0597,-2.2983000000000002
3.0597,-3.1725
3.0597,-3.1725
4.1594999999999995,-3.1725
4.1594999999999995,-3.3276
4.1594999999999995,-3.3276
4.1876999999999995,-2.6508
5.1042,-2.6508
5.1042,-2.6508
4.3709999999999996,-1.3254
5.1465,-1.3254
5.1465,-1.3254
4.9632,-0.0987
4.9632,-0.0987
4.9632,-0.0987
4.7094000000000005,1.6779
5.597700000000001,1.6779
5.597700000000001,1.6779
5.3721,3.5673
5.1324,3.5673
5.1324,3.5673
4.9068,4.3568999999999996
4.9068,4.3568999999999996
5.7669,4.3568999999999996
5.597700000000001,4.1876999999999995
5.2734,4.1876999999999995
5.2734,4.1876999999999995
5.1747,3.5532
5.9502,3.5532
5.9502,3.5532
5.217,2.679
5.217,2.679
5.217,2.679
5.2029,1.4805
6.1476,1.4805
6.1476,1.4805
6.1194,0.6486
5.0901,0.6486
5.0901,0.6486
5.0055,0.4089
5.0055,0.4089
5.9079,0.4089
5.7951,1.2408
4.8081000000000005,1.2408
4.8081000000000005,1.9176000000000002
4.5966000000000005,1.9176000000000002
5.3862,1.9176000000000002
5.3862,2.961
5.2029,2.961
5.2029,2.961
3.7647,3.9057000000000004
3.5814,3.9057000000000004
4.1735999999999995,3.9057000000000004
4.1735999999999995,3.9057000000000004
3.9621000000000004,3.9057000000000004
3.9621000000000004,3.9057000000000004
3.9621000000000004,4.4133
2.7636,4.4133
2.7636,4.4133
2.7636,4.2440999999999995
2.6931,4.2440999999999995
3.2148,4.2440999999999995
3.2148,3.0597
3.2007,3.0597
3.8775000000000004,3.0597
3.8775000000000004,1.4241000000000001
1.6638,1.4241000000000001
1.6638,1.4241000000000001
1.6638,0.7896
1.7061,0.7896
2.1149999999999998,0.7896
2.1149999999999998,0.26789999999999997
2.1149999999999998,0.26789999999999997
2.5944,0.26789999999999997
2.5944,-0.35250000000000004
1.0715999999999999,-0.35250000000000004
1.0715999999999999,-0.35250000000000004
1.0715999999999999,0.0141
1.0010999999999999,0.0141
1.3536,0.0141
1.3536,0.0141
1.3254,0.7755
1.7625,0.7755
1.7625,0.7755
1.6497,1.269
1.6497,1.9599000000000002
1.6497,1.9599000000000002
1.5651,1.9599000000000002
-0.6627,2.6226
-0.6627,2.6226
-0.7614,2.6226
-0.5357999999999999,2.7354
-0.5357999999999999,2.7354
-0.6204,2.7354
-0.423,2.3970000000000002
-0.423,2.3970000000000002
-0.2256,2.3970000000000002
-0.2256,2.1149999999999998
-0.2256,2.1149999999999998
-0.141,2.1149999999999998
-2.961,1.4805
-2.961,1.4805
-2.8764,1.4805
-2.8764,-0.3102
-2.8764,-0.3102
-2.6649,-0.3102
-2.6649,-0.3102
-2.6649,-1.5087
-2.5662,-1.5087
-2.4957,-1.5087
-2.4957,-1.551
-2.2983000000000002,-1.551
-4.3850999999999996,-1.551
-4.3850999999999996,-1.3818
-4.2863999999999995,-1.3818
-4.2863999999999995,-1.3818
-4.2863999999999995,-1.7625
-4.2017999999999995,-1.7625
-4.3145999999999995,-1.7625
-4.3145999999999995,-2.2278
-4.2017999999999995,-2.2278
-4.2158999999999995,-2.2278
-4.2158999999999995,-1.0715999999999999
-6.2463,-0.4371
-6.2463,-0.4371
-6.2463,-0.4371
-6.0489,-0.9447
-6.2886,-0.9447
-6.2886,-0.9447
-6.1758,-0.9447
-6.4014,-1.9317000000000002
-6.4014,-1.9317000000000002
-6.2745,-1.9317000000000002
-6.2745,-1.9740000000000002
-6.2745,-1.9740000000000002
-8.5587,-1.9740000000000002
-8.5587,-1.9740000000000002
-8.5587,-1.9740000000000002
-8.1639,-1.9740000000000002
-8.657399999999999,-2.7918000000000003
-8.657399999999999,-2.7918000000000003
-8.7279,-2.7918000000000003
-8.7279,-4.5825000000000005
-8.7279,-4.5825000000000005
-10.8711,-4.5825000000000005
-10.8711,-4.5825000000000005
-10.8711,-4.5825000000000005
-10.3917,-4.5825000000000005
-11.167200000000001,-4.1735999999999995
-11.167200000000001,-4.1735999999999995
-11.4351,-4.1735999999999995
-11.4351,-4.8645
-11.4351,-4.8645
-13.3386,-4.8645
-13.3386,-5.8797
-13.3386,-5.8797
-12.8169,-5.8797
-14.057699999999999,-5.4708
-14.057699999999999,-5.4708
-15.524099999999999,-5.4708
-15.524099999999999,-5.4708
-15.524099999999999,-5.4708
-16.215,-5.4708
-16.215,-6.8526
-16.215,-6.8526
-15.538200000000002,-7.3461
-17.1174,-7.3461
-17.1174,-7.3461
-18.0762,-8.1357
-18.0762,-8.1357
-18.0762,-8.1357
-19.1478,-8.8266
-19.1478,-8.8266
-19.1478,-8.8266
-18.217200000000002,-9.418800000000001
-20.0643,-9.418800000000001
-20.0643,-9.418800000000001
-20.445,-11.4351
-20.445,-11.4351
-20.445,-11.4351
-21.728099999999998,-11.3787
-21.728099999999998,-11.3787
-21.728099999999998,-11.3787
-20.727,-11.0262
-22.8279,-11.0262
-22.8279,-11.0262
-22.503600000000002,-12.2247
-22.503600000000002,-12.2247
-22.503600000000002,-12.2247
-21.5448,-12.4785
-23.9277,-12.4785
-23.9277,-12.4785
-22.743299999999998,-12.2247
-22.8279,-12.2247
-22.8279,-12.2247
-23.688,-12.9438
-23.688,-12.9438
-23.688,-12.9438
-22.4754,-14.9178
-24.830099999999998,-14.9178
-24.830099999999998,-14.9178
-23.5329,-15.425400000000002
-23.3355,-15.425400000000002
-23.3355,-15.453600000000002
-24.393,-15.453600000000002
-24.393,-15.453600000000002
-24.393,-15.932999999999998
-25.4364,-15.932999999999998
-25.4364,-15.932999999999998
-22.5318,-15.961199999999998
-21.3756,-15.961199999999998
-23.4483,-15.961199999999998
-23.4483,-16.2714
-24.4071,-16.2714
-24.4071,-16.2714
-24.4071,-16.4406
-20.3745,-16.4406
-20.3745,-16.4406
-20.3745,-15.890699999999999
-19.2465,-15.890699999999999
-22.8843,-15.890699999999999
-22.8843,-15.707400000000002
-21.728099999999998,-15.707400000000002
-20.7129,-15.707400000000002
-20.7129,-15.369000000000002
-21.3615,-15.369000000000002
-21.3615,-15.369000000000002
-21.3615,-14.790899999999999
-20.3604,-14.790899999999999
-19.3875,-14.790899999999999
-19.3875,-14.790899999999999
-18.4146,-14.762699999999999
-20.1066,-14.762699999999999
-20.1066,-14.762699999999999
-17.8506,-13.0143
-17.8506,-13.0143
-17.8506,-13.0143
-16.8354,-13.677
-18.330000000000002,-13.677
-18.330000000000002,-13.677
-17.2866,-15.1434
-19.006800000000002,-15.1434
-19.006800000000002,-15.1434
-16.7367,-15.397200000000002
-16.7367,-14.988299999999999
-16.7367,-14.988299999999999
-15.665099999999999,-14.988299999999999
-17.258399999999998,-14.664
-17.258399999999998,-14.664
-16.1586,-14.664
-15.1998,-15.213899999999999
-15.1998,-15.213899999999999
-15.608699999999999,-15.213899999999999
-15.608699999999999,-15.298499999999999
-15.608699999999999,-15.298499999999999
-14.621699999999999,-15.298499999999999
-13.719299999999999,-15.298499999999999
-13.719299999999999,-15.298499999999999
-12.831,-15.298499999999999
-14.2128,-15.298499999999999
-14.2128,-13.832099999999999
-12.4926,-13.832099999999999
-12.4926,-13.832099999999999
-12.4926,-13.395
-11.6748,-13.395
-12.9861,-13.395
-12.9861,-13.1271
-12.2106,-13.1271
-12.2106,-13.1271
-12.2106,-12.126
-11.985,-12.126
-11.985,-12.126
-11.985,-11.4069
-11.2095,-11.4069
-10.4058,-11.4069
-10.4058,-11.1249
-9.644400000000001,-11.1249
-10.7583,-11.1249
-10.7583,-11.660699999999999
-9.2919,-11.660699999999999
-9.2919,-11.660699999999999
-9.2919,-11.4774
-8.544599999999999,-11.4774
-9.5175,-11.5902
-9.5175,-11.5902
-8.741999999999999,-11.942699999999999
-8.0511,-11.942699999999999
-8.0511,-11.942699999999999
-7.2897,-11.942699999999999
-8.0793,-11.886299999999999
-8.0793,-11.886299999999999
-7.3602,-11.886299999999999
-6.4719,-11.308200000000001
-6.4719,-11.308200000000001
-5.8092,-11.308200000000001
-6.5142,-10.7442
-6.5142,-10.7442
-6.6834,-10.7442
-6.6834,-9.8982
-6.6834,-9.8982
-6.0771,-9.8982
-5.1183,-9.1791
-5.1183,-9.1791
-4.5684000000000005,-9.1791
-5.1042,-8.262599999999999
-5.1042,-8.262599999999999
-3.5532,-8.262599999999999
-3.5532,-7.797300000000001
-3.5532,-7.797300000000001
-3.0033,-7.797300000000001
-3.4263,-7.4166
-3.4263,-7.4166
-2.8623000000000003,-7.4166
-1.9880999999999998,-7.6281
-1.9880999999999998,-7.6281
-1.5792,-7.6281
-1.5792,-7.924200000000001
-1.5792,-7.924200000000001
-0.9165,-7.924200000000001
-0.0141,-7.740900000000001
-0.0141,-7.740900000000001
0.5498999999999999,-7.740900000000001
0.5498999999999999,-7.5435
0.5498999999999999,-7.5435
1.1139,-6.9513
1.1139,-6.9513
1.1139,-6.9513
1.551,-6.6693
2.5098,-6.6693
2.5098,-6.6693
2.8341000000000003,-5.724600000000001
3.1584,-5.724600000000001
3.1584,-5.724600000000001
4.0607999999999995,-4.4556
4.0607999999999995,-4.4556
4.0607999999999995,-4.4556
4.3004999999999995,-3.3135
4.7517000000000005,-3.3135
4.7517000000000005,-3.3135
4.9914,-2.5239
5.7528,-2.5239
5.7528,-2.5239
6.5001,-2.2701
6.5001,-2.2701
6.5001,-2.2701
7.4448,-1.8189
7.4448,-1.8189
7.4448,-1.8189
7.5294,-1.1562000000000001
8.459999999999999,-1.1562000000000001
8.459999999999999,-1.1562000000000001
9.0804,-0.9729000000000001
9.0804,-0.9729000000000001
9.0804,-0.9729000000000001
9.0804,-0.7896
10.2648,-0.7896
10.2648,-0.7896
10.2648,-0.2256
10.9275,-0.2256
10.9275,-0.2256
12.1824,-0.2256
12.1824,0.4512
12.1824,1.1985000000000001
13.832099999999999,1.1985000000000001
13.832099999999999,1.1985000000000001
13.832099999999999,1.833
13.6206,1.833
14.0436,1.833
14.0436,2.2983000000000002
13.747499999999999,2.2983000000000002
15.566400000000002,2.2983000000000002
15.566400000000002,2.9328
17.2302,2.9328
17.2302,2.9328
17.2302,4.4415
16.779,4.4415
16.779,4.4415
16.779,5.597700000000001
16.355999999999998,5.597700000000001
18.6402,5.597700000000001
18.6402,5.8233
20.4873,5.8233
20.4873,5.8233
20.4873,5.8233
19.880999999999997,5.8233
22.5318,5.8233
22.5318,5.8233
21.9819,7.05
21.9819,7.05
21.9819,7.05
23.3496,8.3895
23.3496,8.3895
23.3496,8.3895
22.6587,7.2051
25.0839,7.2051
25.0839,7.2051
24.3648,8.403599999999999
27.072,8.403599999999999
27.072,8.403599999999999
27.072,10.4763
28.9755,10.4763
28.9755,10.4763
24.3366,11.0685
26.5221,12.0696
26.5221,12.0696
25.6056,12.0696
27.9039,12.6618
27.9039,12.6618
26.9592,12.6618
29.1729,12.6618
29.1729,14.339699999999999
24.3789,14.339699999999999
26.1555,14.339699999999999
26.1555,16.497
25.281299999999998,16.497
25.281299999999998,16.497
25.281299999999998,17.413500000000003
28.044900000000002,17.413500000000003
28.044900000000002,17.413500000000003
28.044900000000002,16.8777
27.2553,16.8777
27.2553,16.8777
27.2553,15.820200000000002
26.5221,15.820200000000002
29.877900000000004,15.820200000000002
29.877900000000004,16.2714
30.8649,16.2714
30.8649,16.2714
30.8649,15.0588
30.2445,15.0588
31.696800000000003,15.0588
31.696800000000003,12.4785
31.1469,12.4785
32.5005,12.4785
32.5005,13.1412
29.017799999999998,13.1412
29.017799999999998,13.1412
29.017799999999998,15.1998
28.3269,15.1998
29.3421,15.1998
26.127299999999998,16.5111
26.127299999999998,16.5111
26.3247,18.851699999999997
26.3247,18.851699999999997
26.3247,18.851699999999997
25.5351,21.8268
26.6349,21.8268
25.9299,21.8268
25.9299,24.0123
25.9299,24.0123
25.168499999999998,24.0123
26.9451,23.6316
26.9451,23.6316
27.311700000000002,23.6316
27.311700000000002,21.8268
27.311700000000002,21.8268
26.8887,21.8268
24.971099999999996,18.7671
24.971099999999996,18.7671
24.5622,18.7671
25.3095,14.931899999999999
25.3095,14.931899999999999
25.5492,14.931899999999999
25.5492,12.8592
25.5492,12.8592
25.0839,12.8592
25.732499999999998,12.6054
25.732499999999998,12.6054
25.2108,12.6054
25.9722,14.241
25.9722,14.241
25.3659,14.241
25.3659,15.679200000000002
25.958099999999998,15.679200000000002
25.281299999999998,15.679200000000002
25.281299999999998,18.005699999999997
25.281299999999998,18.005699999999997
22.179299999999998,18.005699999999997
22.179299999999998,20.8116
22.179299999999998,20.8116
20.6706,20.8116
20.6706,22.447200000000002
20.6706,22.447200000000002
19.9092,22.7574
20.5437,22.7574
20.5437,22.7574
19.824599999999997,22.461299999999998
20.4873,22.461299999999998
20.4873,22.461299999999998
18.1044,21.7422
18.1044,21.7422
18.1044,21.7422
17.625,19.3029
18.231299999999997,19.3029
18.231299999999997,19.3029
17.8083,15.340800000000002
18.400499999999997,15.340800000000002
18.400499999999997,15.340800000000002
18.612000000000002,12.3657
18.612000000000002,12.3657
18.612000000000002,12.3657
18.189,11.7312
16.919999999999998,11.7312
16.919999999999998,11.7312
16.497,11.562
16.497,11.562
16.497,11.562
16.0035,11.519699999999998
16.0035,11.519699999999998
16.0035,11.519699999999998
15.340800000000002,14.1
15.312600000000002,14.1
15.312600000000002,14.1
14.706299999999999,14.1
15.369000000000002,17.2725
15.369000000000002,17.2725
15.481800000000002,17.2725
15.481800000000002,18.330000000000002
15.481800000000002,18.330000000000002
14.9178,18.330000000000002
15.608699999999999,18.217200000000002
15.608699999999999,17.9775
14.931899999999999,17.9775
13.550099999999999,17.9775
13.550099999999999,16.7226
12.8874,16.7226
13.5924,16.7226
13.5924,15.242099999999999
13.0848,15.242099999999999
13.9026,15.242099999999999
13.9026,14.198699999999999
13.493699999999999,14.198699999999999
12.7605,14.198699999999999
12.7605,12.3939
12.4644,12.3939
12.4644,12.3939
12.4644,11.688899999999999
13.7334,11.688899999999999
13.662899999999999,11.688899999999999
13.662899999999999,11.688899999999999
13.3104,11.4774
13.3104,11.4774
13.3104,11.4774
12.8733,11.5338
12.5208,11.5338
12.5208,11.5338
12.5772,12.69
12.5772,12.69
12.5772,12.69
11.942699999999999,13.634699999999999
12.549,13.634699999999999
12.549,13.634699999999999
11.942699999999999,14.7486
12.6336,14.7486
12.6336,14.7486
12.1824,15.594600000000002
11.1249,15.594600000000002
11.1249,15.594600000000002
10.7583,15.566400000000002
11.660699999999999,15.566400000000002
11.660699999999999,15.566400000000002
11.336400000000001,14.7486
12.2247,14.7486
12.2247,13.4796
10.716,13.4796
10.716,13.4796
12.5349,12.7887
12.0132,12.7887
10.8429,12.7887
10.8429,12.8028
10.2789,12.8028
10.7583,12.8028
10.7583,11.562
10.8429,11.562
10.8429,11.562
10.8429,10.5045
10.8429,10.5045
10.998,10.5045
10.998,11.3505
10.4481,11.3505
10.4481,11.3505
10.4481,12.9297
9.1509,12.9297
9.1509,12.9297
9.1509,12.9015
8.657399999999999,12.9015
9.6303,12.9015
9.6303,12.3657
9.306000000000001,12.3657
9.306000000000001,12.3657
10.0251,13.1271
8.2485,13.1271
8.2485,13.1271
8.2485,13.493699999999999
7.769100000000001,13.493699999999999
8.2767,13.493699999999999
8.2767,12.3516
7.755000000000001,12.3516
7.755000000000001,12.3516
7.755000000000001,10.716
8.5023,10.716
8.5023,10.3071
8.5023,10.3071
8.1075,10.3071
8.6997,9.8418
8.6997,9.8418
8.3331,9.8418
8.3331,8.9676
8.3331,8.9676
7.2051,8.9676
7.2051,8.713799999999999
7.2051,8.713799999999999
6.8808,8.713799999999999
7.614,8.488199999999999
7.614,8.488199999999999
7.0641,8.488199999999999
7.924200000000001,9.4329
7.924200000000001,9.4329
7.1064,9.4329
7.1064,11.1249
8.1639,11.1249
7.4589,11.1249
5.8938,11.449200000000001
5.8938,11.449200000000001
5.3721,11.449200000000001
5.5554,11.5338
5.5554,11.5338
4.8927,11.5338
4.8927,11.3505
5.1324,11.3505
4.4838,11.3505
3.0879,11.0685
3.0879,11.0685
5.0055,11.0685
3.9057000000000004,10.3071
3.9057000000000004,10.3071
4.1312999999999995,10.3071
4.1312999999999995,8.5305
4.1312999999999995,8.5305
3.6801,8.5305
3.9480000000000004,8.5305
3.9480000000000004,7.0218
3.5673,6.5424
2.0867999999999998,6.5424
2.0867999999999998,6.5424
2.3970000000000002,6.0207
2.3970000000000002,6.0207
2.3970000000000002,6.0207
1.9880999999999998,5.7951
2.3829000000000002,5.7951
2.3829000000000002,5.7951
1.9317000000000002,5.7951
0.4371,5.7951
0.4371,5.7951
0.0,6.0489
0.8319,6.0489
0.8319,6.0489
0.8319,6.5565
0.9447,6.5565
0.9447,6.5565
0.4089,6.7962
-1.3677,6.7962
-1.3677,6.7962
-1.7766,7.1487
-1.4100000000000001,7.1487
-1.4100000000000001,7.1487
-1.4241000000000001,7.1487
-1.4241000000000001,6.6411
-1.4241000000000001,6.6411
-1.7625,6.6411
-3.6519,5.499
-3.6519,5.499
-3.7929,5.499
-3.3981,5.1747
-3.3981,5.1747
-5.3721,5.1747
-3.2571,3.807
-3.2571,3.807
-3.3558,3.807
-5.4567,2.1854999999999998
-5.4567,1.9317000000000002
-5.4567,1.9317000000000002
-5.4003,1.9317000000000002
-5.4003,1.4523
-5.2875,1.4523
-5.2875,1.4523
-7.4448,0.5781000000000001
-7.3743,0.5781000000000001
-7.3743,0.5781000000000001
-7.3743,-0.1833
-7.4307,-0.1833
-9.531600000000001,-0.1833
-9.531600000000001,-0.1833
-8.065199999999999,-0.12689999999999999
-8.065199999999999,-0.12689999999999999
-8.065199999999999,-0.12689999999999999
-8.0229,1.1421000000000001
-11.0262,1.1421000000000001
-11.0262,1.1421000000000001
-11.0121,1.1421000000000001
-11.0121,1.1421000000000001
-11.0121,1.1421000000000001
-14.142299999999999,0.7896
-14.1282,0.7896
-14.1282,0.7896
-14.1282,0.1128
-15.284400000000002,0.1128
-15.284400000000002,0.1128
-15.284400000000002,-0.0987
-16.412399999999998,-0.0987
-16.412399999999998,-0.0987
-15.792000000000002,-1.2267
-15.792000000000002,-1.2267
-15.792000000000002,-1.2267
-15.1434,-3.243
-17.625,-3.243
-17.625,-3.243
-17.0187,-6.1899
-18.612000000000002,-6.1899
-18.612000000000002,-6.1899
-18.0339,-7.5153
-18.0339,-7.5153
-18.0339,-7.980599999999999
-17.201999999999998,-7.980599999999999
-18.753,-7.980599999999999
-18.753,-9.4047
-17.9634,-9.4047
-18.005699999999997,-9.4047
-18.005699999999997,-9.9969
-17.2302,-9.9969
-17.2302,-9.9969
-18.8799,-9.771299999999998
-18.174899999999997,-9.771299999999998
-18.1044,-9.771299999999998
-18.1044,-9.306000000000001
-17.483999999999998,-9.306000000000001
-19.0914,-9.306000000000001
-19.0914,-7.853700000000001
-18.386400000000002,-7.853700000000001
-18.386400000000002,-7.853700000000001
-18.189,-7.1628
-17.540399999999998,-7.1628
-19.063200000000002,-7.1628
-19.063200000000002,-6.7257
-18.330000000000002,-6.7257
-18.174899999999997,-6.7257
-18.174899999999997,-6.6552
-19.9233,-6.6552
-19.0914,-6.6552
-19.0914,-7.4166
-19.0914,-7.4166
-17.836499999999997,-7.4166
-17.836499999999997,-8.544599999999999
-16.9341,-8.544599999999999
-18.6966,-8.544599999999999
-18.6966,-9.8418
-17.6955,-9.8418
-17.6955,-9.8418
-17.6955,-10.3917
-15.749699999999999,-10.3917
-15.749699999999999,-12.3798
-15.749699999999999,-12.3798
-14.8332,-12.3798
-16.4265,-12.9438
-16.4265,-12.9438
-14.7486,-12.9438
-14.7486,-11.999099999999999
-14.7486,-11.999099999999999
-13.944899999999999,-11.999099999999999
-15.552299999999999,-11.4774
-15.552299999999999,-11.4774
-15.0024,-11.4774
-14.4102,-10.998
-14.4102,-10.998
-15.538200000000002,-10.998
-15.538200000000002,-8.488199999999999
-15.538200000000002,-8.488199999999999
-15.0306,-8.488199999999999
-14.6358,-6.8526
-14.6358,-6.8526
-14.1846,-6.8526
-15.862499999999999,-6.7539
-15.862499999999999,-6.7539
-14.664,-6.7539
-14.664,-6.768
-14.664,-6.768
-13.536,-6.768
-15.608699999999999,-7.3179
-15.608699999999999,-7.3179
-14.903699999999999,-7.3179
-14.367899999999999,-8.4459
-14.367899999999999,-8.4459
-13.5642,-8.4459
-15.044699999999999,-8.4459
-15.044699999999999,-10.716
-14.226899999999999,-10.716
-13.437299999999999,-10.716
-13.437299999999999,-11.8722
-12.6336,-11.8722
-11.8158,-11.8722
-14.0154,-12.4362
-11.0262,-12.4362
-12.267,-12.4362
-12.267,-12.4362
-10.6173,-12.408
-10.6173,-12.408
-10.6173,-12.408
-12.1119,-12.2811
-11.0967,-12.2811
-11.0967,-12.2811
-10.6455,-10.3071
-10.6455,-10.3071
-10.6455,-10.3071
-10.1238,-7.825500000000001
-10.1238,-7.825500000000001
-10.1238,-7.825500000000001
-9.714899999999998,-6.6975
-9.2355,-6.6975
-9.2355,-6.6975
-8.8266,-6.6975
-8.8266,-6.1053
-8.8266,-6.1053
-8.3331,-6.1053
-8.3331,-5.4285
-8.3331,-5.4285
-7.698600000000001,-5.4285
-8.8125,-6.1335
-8.8125,-6.1335
-8.234399999999999,-6.1335
-7.3461,-7.4448
-7.3461,-7.4448
-7.4448,-7.4448
-7.4448,-8.459999999999999
-7.4448,-8.459999999999999
-6.7539,-8.459999999999999
-5.9502,-8.883
-5.9502,-8.883
-5.2452,-8.883
-5.696400000000001,-9.108600000000001
-5.696400000000001,-9.2073
-4.2581999999999995,-9.2073
-4.2581999999999995,-9.2073
-4.2581999999999995,-9.2073
-3.7224,-8.3049
-4.1594999999999995,-8.3049
-4.1594999999999995,-8.3049
-3.6942,-7.1064
-3.6942,-7.1064
-3.6942,-7.1064
-2.7213,-6.5424
-2.7213,-6.5424
-2.7213,-6.5424
-2.4393,-4.8081000000000005
-2.4393,-4.8081000000000005
-2.4393,-4.8081000000000005
-2.1008999999999998,-3.525
-1.7484,-3.525
-1.7484,-3.525
-1.4100000000000001,-2.9046
-0.7050000000000001,-2.9046
-0.7050000000000001,-2.9046
-0.3384,-3.0597
-0.3666,-3.0597
-0.3666,-3.0597
0.0423,-3.4686
0.9024,-3.4686
0.9024,-3.4686
1.551,-3.7083
1.551,-3.7083
1.551,-3.7083
2.0444999999999998,-4.6812000000000005
2.6085,-4.6812000000000005
2.6085,-4.6812000000000005
2.961,-4.935
2.961,-4.935
2.961,-4.935
4.1735999999999995,-4.5966000000000005
4.3991999999999996,-4.5966000000000005
4.3991999999999996,-4.5966000000000005
4.3991999999999996,-3.4968
5.2734,-3.4968
5.3439,-2.3547000000000002
5.4003,-2.3547000000000002
6.1335,-2.3547000000000002
6.1335,-1.3536
6.5847,-1.3536
6.5847,-1.3536
6.5847,-0.47940000000000005
6.5001,-0.47940000000000005
6.5001,-0.47940000000000005
6.8385,0.8601
6.6975,0.8601
7.5576,0.8601
7.5576,1.833
8.459999999999999,1.833
8.459999999999999,1.833
8.459999999999999,2.2419
8.347199999999999,2.2419
8.600999999999999,2.2419
8.600999999999999,1.9599000000000002
8.516399999999999,1.9599000000000002
9.7854,1.9599000000000002
9.7854,1.9176000000000002
9.912299999999998,1.9176000000000002
9.912299999999998,1.9176000000000002
11.251800000000001,1.6497
9.799499999999998,1.6497
11.1249,1.6497
11.1249,1.5933
10.9839,1.5933
12.5913,1.5933
12.5913,1.9880999999999998
12.0837,1.9880999999999998
12.0837,1.9880999999999998
12.0837,2.2701
11.8722,2.2701
13.4796,2.2701
13.4796,3.3699
13.2117,3.3699
12.7464,4.2299999999999995
12.7464,4.2299999999999995
13.860299999999999,4.2299999999999995
13.860299999999999,5.0901
13.860299999999999,5.0901
13.860299999999999,5.0901
15.157499999999999,6.627
15.157499999999999,6.627
15.157499999999999,6.627
13.832099999999999,7.2333
13.832099999999999,7.2333
13.380899999999999,7.2333
12.6054,7.614
12.6054,7.614
12.2247,7.614
14.452499999999999,7.797300000000001
14.452499999999999,7.797300000000001
14.001299999999999,7.797300000000001
14.565299999999999,7.0782
14.565299999999999,7.0782
14.1846,7.0782
12.9861,7.0782
12.9861,7.0782
12.7182,7.0782
14.0436,7.0782
14.0436,6.9231
13.719299999999999,6.9231
15.016499999999999,6.9231
15.016499999999999,5.668200000000001
14.649899999999999,5.668200000000001
13.296299999999999,5.668200000000001
13.296299999999999,5.611800000000001
12.9156,5.611800000000001
14.1564,5.611800000000001
14.1564,6.909
13.775699999999999,6.909
14.9742,6.909
12.5349,7.1769
12.0555,7.1769
13.1553,7.1769
13.1553,7.0218
12.6759,8.8125
13.860299999999999,8.8125
13.860299999999999,8.8125
13.380899999999999,9.4047
12.0414,9.4047
12.0414,9.4047
14.0436,9.193200000000001
12.6054,9.193200000000001
12.6054,9.193200000000001
12.6054,9.193200000000001
11.0544,9.588000000000001
11.0544,9.588000000000001
10.6878,9.588000000000001
11.632499999999999,9.249600000000001
11.632499999999999,9.249600000000001
11.336400000000001,9.249600000000001
11.336400000000001,8.008799999999999
11.336400000000001,8.008799999999999
11.0121,8.008799999999999
13.1271,6.7962
13.1271,6.7962
12.8592,6.7962
14.001299999999999,6.1335
14.001299999999999,6.1335
13.7334,6.1335
12.5208,5.922
12.5208,5.922
12.1824,5.922
10.9416,5.5695
10.9416,5.5695
10.4622,5.5695
11.364600000000001,6.345
11.364600000000001,6.345
10.8429,6.345
11.886299999999999,8.206199999999999
11.886299999999999,8.206199999999999
10.1943,8.206199999999999
10.1943,10.293
10.1943,10.293
9.743099999999998,10.6173
10.6737,10.6173
10.6737,10.6173
10.2084,9.87
11.1813,9.87
11.1813,9.87
11.688899999999999,9.362400000000001
11.688899999999999,9.362400000000001
11.688899999999999,9.362400000000001
11.3787,9.1509
12.4644,9.1509
12.4644,9.1509
12.2247,8.093399999999999
11.1108,8.093399999999999
11.1108,8.093399999999999
11.703,6.0489
11.703,6.0489
11.703,6.0489
11.3505,5.2875
12.4362,5.2875
12.4362,5.2875
12.0555,7.0077
11.0826,7.0077
11.0826,7.0077
11.519699999999998,7.5576
11.519699999999998,7.5576
11.519699999999998,7.5576
10.8711,8.3613
11.914499999999999,8.3613
11.914499999999999,8.3613
11.280000000000001,10.011
12.2952,10.011
12.2952,10.011
10.8288,10.9416
10.8288,10.9416
10.8288,10.9416
10.1943,10.7442
11.2095,10.7442
11.2095,10.7442
10.6032,10.0251
11.632499999999999,10.0251
9.912299999999998,9.912299999999998
10.4763,9.912299999999998
10.4763,9.912299999999998
10.4763,9.8136
10.011,9.8136
11.1108,9.8136
11.1108,9.334200000000001
10.6737,9.334200000000001
11.858099999999999,9.334200000000001
11.858099999999999,7.924200000000001
10.9839,7.924200000000001
10.9839,7.924200000000001
10.9839,7.2051
10.5609,7.2051
11.829899999999999,7.2051
10.1379,7.2051
9.714899999999998,7.2051
10.8288,7.2051
10.8288,7.1769
11.449200000000001,7.1769
11.449200000000001,7.1769
11.449200000000001,7.938299999999999
12.2811,7.938299999999999
12.2811,7.938299999999999
12.2811,9.249600000000001
11.745299999999999,9.249600000000001
10.575,9.249600000000001
10.575,9.8136
10.0674,9.8136
11.223600000000001,9.8136
11.223600000000001,9.8136
10.5891,9.912299999999998
11.9568,9.912299999999998
11.9568,9.912299999999998
11.4069,10.2225
10.5045,10.2225
10.5045,10.2225
10.0674,11.195400000000001
10.0674,10.9134
11.223600000000001,10.9134
10.7583,10.9134
11.970899999999999,9.1509
11.970899999999999,9.1509
11.5056,9.1509
12.8169,8.657399999999999
12.8169,8.657399999999999
12.3234,8.657399999999999
11.1108,9.362400000000001
11.1108,9.362400000000001
10.6032,9.362400000000001
11.7594,9.249600000000001
11.7594,9.249600000000001
11.2659,9.249600000000001
12.5067,8.5305
12.5067,8.5305
11.886299999999999,8.5305
13.113,8.5305
13.113,9.2073
12.549,9.2073
11.2377,9.2073
11.2377,10.9416
10.6878,10.9416
11.717099999999999,10.9416
11.717099999999999,10.8852
11.0967,10.8852
10.6455,10.8852
10.6455,10.2507
11.7312,10.2507
11.1531,10.2507
11.1531,11.195400000000001
10.5891,11.195400000000001
11.5902,11.195400000000001
9.87,11.7594
11.0403,11.7594
11.0403,11.7594
11.0403,10.6032
10.5045,10.6032
10.9134,10.6032
10.9134,9.4047
10.3353,9.4047
9.4047,9.4047
9.4047,9.4047
8.8125,9.4047
9.799499999999998,9.4047
9.799499999999998,9.4047
9.2637,9.4047
10.2507,9.4047
10.2507,9.4047
9.714899999999998,9.4047
8.798399999999999,9.0804
8.798399999999999,9.0804
8.290799999999999,9.0804
9.249600000000001,8.5869
9.249600000000001,8.5869
8.7561,8.5869
8.7561,8.798399999999999
8.7561,8.798399999999999
8.234399999999999,8.798399999999999
8.206199999999999,9.024
8.206199999999999,9.024
8.206199999999999,9.024
8.600999999999999,9.4611
8.600999999999999,9.4611
8.0229,9.4611
8.0229,9.4047
8.9394,9.4047
8.3895,9.4047
7.5717,9.108600000000001
7.5717,9.108600000000001
7.0218,9.108600000000001
7.924200000000001,9.1227
7.924200000000001,9.1227
7.4307,9.1227
7.4307,8.798399999999999
8.375399999999999,8.798399999999999
7.966499999999999,8.798399999999999
7.05,8.290799999999999
7.05,8.290799999999999
8.5023,8.0511
8.5023,8.0511
7.5435,8.0511
7.1205,7.698600000000001
7.1205,7.698600000000001
8.2767,7.698600000000001
7.881900000000001,7.3602
6.8103,7.3602
6.8103,7.3602
6.4014,7.1769
7.3884,7.1769
7.3884,7.1769
6.7821,7.3602
6.7821,7.3602
7.839600000000001,7.3602
7.2756,8.5305
6.3168,8.5305
6.3168,8.5305
7.811400000000001,8.8407
6.7539,8.8407
6.7539,8.8407
6.2604,8.657399999999999
6.2604,8.657399999999999
7.2756,8.657399999999999
6.8103,8.6151
7.867800000000001,8.6151
7.867800000000001,8.6151
5.4144,8.177999999999999
6.3309,8.177999999999999
6.3309,8.177999999999999
5.8938,7.5153
5.8938,7.5153
6.8667,7.5153
6.4578,6.8526
7.5717,6.8526
7.5717,6.8526
7.1628,6.6693
7.1628,6.6693
7.1628,6.6693
6.3873,6.9231
6.3873,6.9231
6.3873,7.3884
5.9361,7.3884
6.8667,7.3884
6.8667,7.0218
6.3873,7.0218
5.3298,7.0218
5.3298,7.1205
5.8233,7.1205
5.8233,7.1205
5.8233,8.206199999999999
5.3439,8.206199999999999
6.204,8.206199999999999
6.204,8.6715
5.7951,8.6715
4.9773,8.6715
4.9773,8.121599999999999
4.5261,8.121599999999999
5.3439,8.121599999999999
5.3439,7.614
4.9209,7.614
5.8656,7.614
5.8656,7.4307
5.583600000000001,7.4307
5.583600000000001,7.4307
5.583600000000001,6.6129
5.2734,6.6129
4.9209,6.6129
4.9209,6.6129
4.6389000000000005,5.696400000000001
5.3298,5.696400000000001
5.3298,5.696400000000001
5.076,5.3298
3.8916000000000004,5.3298
3.8916000000000004,5.3298
3.8916000000000004,5.1042
4.2722999999999995,5.1042
4.2722999999999995,5.1042
3.8916000000000004,5.611800000000001
4.5402,6.3873
4.5402,6.3873
4.1453999999999995,6.3873
2.7495,6.627
2.7495,6.627
2.4534,6.627
2.8905,6.9231
2.8905,6.9231
2.5098,6.9231
2.5098,7.05
3.0315,7.05
2.6226,7.05
3.3135,7.05
3.3135,6.7116
3.0174,6.7116
1.7343,6.7116
1.7343,6.345
1.4946,6.345
1.9035,6.345
1.9035,5.1747
1.5933,5.1747
2.1149999999999998,5.1747
2.1149999999999998,4.0325999999999995
1.8753,4.0325999999999995
0.6909,4.0325999999999995
2.4393,3.7929
2.1854999999999998,3.7929
0.8037,3.7929
0.8037,3.7506
0.6345,3.7506
1.0574999999999999,3.7506
1.0574999999999999,3.6237
0.7614,3.6237
0.0423,3.6237
0.0423,3.3135
0.9165,3.3135
0.0423,3.3135
0.0423,4.1030999999999995
-0.1692,4.1030999999999995
0.2115,4.1030999999999995
0.2115,4.9773
-0.0282,4.9773
-0.6627,4.7658000000000005
-0.6627,4.7658000000000005
-0.9306,4.7658000000000005
-0.9306,3.9480000000000004
-0.6204,3.9480000000000004
-0.8037,3.9480000000000004
-0.5216999999999999,3.5391
-0.5216999999999999,3.5391
-0.7614,3.5391
-1.2126,3.1443
-1.2126,3.1443
-1.2831,3.1443
-1.2831,2.9046
-0.8601,2.9046
-0.9870000000000001,2.9046
-0.7473,1.9317000000000002
-0.7473,1.9317000000000002
-0.846,1.9317000000000002
-1.0574999999999999,1.2408
-1.0574999999999999,1.2408
-1.1139,1.2408
-1.1139,1.3536
-1.1139,1.3536
-1.2267,1.3536
-0.5922000000000001,1.6356
-0.5922000000000001,1.6356
-0.6909,1.6356
-0.9024,1.5933
-0.9024,1.5933
-1.0010999999999999,1.5933
-1.0010999999999999,1.7061
-0.7191,1.7061
-0.9024,1.7061
-0.9024,2.4675
-0.9024,2.4675
-1.0292999999999999,2.4675
-0.9870000000000001,2.5944
-0.9870000000000001,2.5944
-0.7332,2.5944
-0.7332,2.5944
-0.7332,2.5944
-0.7332,2.4816
-0.6345,2.4816
-0.6345,2.4816
-0.6345,2.0867999999999998
-1.2126,2.0867999999999998
-1.2126,2.0867999999999998
-1.0433999999999999,2.0021999999999998
-1.0433999999999999,2.0021999999999998
-1.0433999999999999,2.0021999999999998
-1.0292999999999999,1.6074
-0.7050000000000001,1.6074
-0.7050000000000001,1.6074
-0.6909,1.1703000000000001
-1.0292999999999999,1.1703000000000001
-1.0292999999999999,1.1703000000000001
-0.7473,1.0997999999999999
-0.7473,1.0997999999999999
-0.7473,1.0997999999999999
-0.8319,1.0856999999999999
-0.4512,1.0856999999999999
-0.4512,1.0856999999999999
-1.2831,1.0856999999999999
-1.0292999999999999,1.0856999999999999
-1.0292999999999999,1.0856999999999999
-1.0433999999999999,1.0856999999999999
-1.0433999999999999,1.0856999999999999
-1.0433999999999999,1.0856999999999999
-1.128,1.2972
-1.0010999999999999,1.2972
-1.0010999999999999,1.2972
-1.1703000000000001,1.5228
-1.0856999999999999,1.5228
-1.0856999999999999,1.5228
-1.1703000000000001,1.5228
-1.1703000000000001,1.6779
-1.1703000000000001,1.6779
-1.2408,1.6779
-1.0574999999999999,1.7343
-1.0574999999999999,1.3536
-1.0574999999999999,1.3536
-0.7614,1.3536
-0.7614,1.1421000000000001
-0.7614,1.1421000000000001
-0.7191,1.1421000000000001
-0.7191,1.0151999999999999
-0.7191,1.0151999999999999
-0.4089,1.0151999999999999
-0.4371,0.7050000000000001
-0.47940000000000005,0.7050000000000001
-0.29610000000000003,0.7050000000000001
-0.29610000000000003,0.3666
-0.3384,0.3666
0.0282,0.3666
0.0282,0.23970000000000002
-0.0141,0.23970000000000002
0.4089,0.23970000000000002
0.4089,0.3243
-0.0705,0.3243
0.1974,0.3243
0.1974,0.3243
0.0846,0.8037
0.0846,0.8037
0.0846,0.8037
0.0141,1.0433999999999999
0.5075999999999999,1.0433999999999999
0.5075999999999999,1.0433999999999999
0.6063,1.3395
0.7473,1.3395
0.7473,1.3395
0.6768,1.7061
0.6768,1.7061
1.1703000000000001,1.7061
1.128,1.833
1.5087,1.833
1.5087,1.833
1.4382,1.833
1.8894,1.5087
1.8894,1.5087
1.7766,1.5087
2.2842000000000002,1.269
2.2842000000000002,1.269
2.0867999999999998,1.269
3.4686,1.269
3.4686,1.3395
3.4686,1.3395
4.1735999999999995,1.5792
4.1735999999999995,1.5792
4.1735999999999995,1.5792
3.5955,1.5792
3.5955,1.6356
3.4968,1.6356
3.4968,1.6356
4.1312999999999995,1.9599000000000002
3.9480000000000004,1.9599000000000002
4.8363000000000005,1.9599000000000002
4.8363000000000005,2.5521
4.6389000000000005,2.5521
5.3157,2.5521
5.3157,3.2148
5.1747,3.2148
5.1747,3.2148
6.0207,3.9761999999999995
5.7528,3.9761999999999995
6.5988,3.9761999999999995
6.5988,4.1453999999999995
6.4578,4.1453999999999995
7.5858,4.1453999999999995
7.5858,4.0889999999999995
7.3038,4.0889999999999995
7.3038,4.0889999999999995
8.5305,4.0607999999999995
8.177999999999999,4.0607999999999995
8.206199999999999,4.0607999999999995
8.206199999999999,4.0748999999999995
7.938299999999999,4.0748999999999995
9.2919,4.0748999999999995
9.2919,4.0748999999999995
8.9535,4.0748999999999995
8.9535,4.3568999999999996
10.4058,4.3568999999999996
10.1379,4.3568999999999996
11.576099999999999,5.0619
11.576099999999999,5.0619
11.0826,5.0619
12.69,5.4708
12.69,5.4708
10.7301,5.4708
10.7301,5.8515
12.1542,5.8515
11.844,5.8515
11.844,6.8526
11.844,6.8526
11.3787,6.8526
11.3787,7.3179
11.3787,7.3179
15.890699999999999,7.3179
15.890699999999999,7.853700000000001
15.890699999999999,7.853700000000001
13.3668,7.853700000000001
14.8332,9.1509
14.8332,9.1509
14.2692,9.1509
15.848400000000002,9.1509
15.848400000000002,9.1509
16.9905,9.1509
16.9905,8.3049
16.9905,8.3049
16.3701,8.3049
18.217200000000002,8.1075
18.217200000000002,8.1075
17.625,8.1075
19.429799999999997,9.2073
19.429799999999997,9.2073
18.7671,9.2073
18.7671,10.5327
18.7671,10.5327
18.189,10.1802
18.5838,10.1802
18.5838,10.1802
17.836499999999997,11.392800000000001
17.836499999999997,11.392800000000001
17.836499999999997,11.392800000000001
17.032799999999998,12.408
17.032799999999998,12.408
17.032799999999998,12.408
21.855,12.9156
21.855,12.9156
21.855,12.9156
17.2161,13.9026
17.2161,13.9026
17.2161,13.9026
17.2161,13.9872
19.6977,13.9872
19.6977,13.9872
19.6977,13.0143
20.5014,13.0143
20.5014,13.0143
20.5014,11.7594
21.2487,11.7594
21.2487,11.7594
20.5155,12.6336
18.4146,12.6336
18.4146,12.6336
17.6955,13.0143
17.6955,13.0143
17.6955,13.0143
16.8354,13.0143
19.6836,11.703
19.6836,11.703
18.6966,11.703
16.637999999999998,13.493699999999999
16.637999999999998,13.493699999999999
15.792000000000002,13.493699999999999
17.089199999999998,15.326699999999999
17.089199999999998,15.326699999999999
16.2714,15.326699999999999
17.5686,15.185699999999999
17.5686,13.4232
16.7367,13.4232
17.9211,13.4232
17.9211,12.8028
17.0046,12.8028
18.400499999999997,12.8028
15.411299999999999,13.4796
14.762699999999999,13.4796
15.975299999999999,13.4796
15.975299999999999,13.550099999999999
15.369000000000002,13.550099999999999
16.5393,13.550099999999999
16.5393,13.550099999999999
15.763800000000002,11.251800000000001
17.1597,11.251800000000001
17.1597,11.251800000000001
16.4265,11.4069
14.805,11.4069
14.805,11.4069
14.198699999999999,12.972
15.411299999999999,12.972
15.411299999999999,12.972
14.6922,12.7323
16.0881,12.7323
16.0881,12.7323
15.2562,11.703
13.860299999999999,11.703
13.860299999999999,11.703
13.1976,12.7041
14.3538,12.7041
14.3538,12.7041
13.677,14.424299999999999
13.677,14.424299999999999
14.931899999999999,14.424299999999999
14.241,13.5924
15.552299999999999,13.5924
15.552299999999999,13.5924
14.8614,12.1965
16.3842,12.1965
16.3842,13.0143
15.665099999999999,13.0143
15.665099999999999,13.0143
14.2128,13.0989
13.7616,13.0989
14.819099999999999,13.0989
14.819099999999999,12.0837
14.2128,12.0837
15.566400000000002,12.0837
15.566400000000002,12.126
14.8896,12.126
14.8896,12.126
14.8896,12.1683
14.2128,12.1683
14.0154,12.1683
14.0154,13.2258
13.324499999999999,13.2258
14.424299999999999,13.2258
14.424299999999999,13.4514
13.7052,13.4514
13.7052,13.4514
14.9742,12.972
14.3256,12.972
12.69,12.972
12.69,13.888499999999999
11.999099999999999,13.888499999999999
12.8169,13.888499999999999
12.8169,14.2128
12.1542,14.2128
12.1542,14.2128
13.268099999999999,13.0989
12.6759,13.0989
13.818,13.0989
13.818,12.5772
13.1412,12.5772
14.2974,12.5772
14.2974,12.8169
13.747499999999999,12.8169
13.747499999999999,12.8169
14.931899999999999,12.2952
14.396099999999999,12.2952
12.9861,10.4058
12.9861,10.4058
12.4221,10.4058
13.4796,10.2225
13.4796,10.2225
11.5902,10.2225
11.5902,10.9416
11.5902,10.9416
13.1412,10.9416
11.844,12.7746
11.844,12.7746
11.167200000000001,12.7746
12.2106,13.0566
12.2106,13.0566
11.519699999999998,13.0566
11.519699999999998,13.1835
12.4362,13.1835
11.703,13.1835
12.69,14.283299999999999
12.69,14.283299999999999
12.0978,14.283299999999999
13.324499999999999,14.0154
13.324499999999999,14.0154
12.6759,14.0154
12.6759,12.267
11.0967,12.267
10.4199,12.267
11.4069,11.547899999999998
11.4069,11.547899999999998
11.4069,11.547899999999998
9.221400000000001,11.4774
9.221400000000001,11.4774
9.588000000000001,11.4774
9.588000000000001,11.4774
9.588000000000001,11.1813
9.0663,11.1813
9.8982,11.1813
9.8982,10.9416
9.2637,11.0544
10.1943,11.0544
10.1943,11.0544
9.6021,11.308200000000001
9.6021,11.308200000000001
10.6032,11.308200000000001
9.9828,11.745299999999999
11.0544,11.745299999999999
11.0544,11.745299999999999
10.3917,11.392800000000001
11.463299999999998,11.392800000000001
11.463299999999998,11.392800000000001
8.6433,10.6878
8.6433,10.6878
9.729,10.6878
9.0804,10.6878
8.0229,10.6878
8.0229,10.6878
7.3602,10.7865
8.206199999999999,10.7865
8.206199999999999,10.7865
8.572799999999999,10.7442
8.572799999999999,10.7442
8.572799999999999,10.7442
7.910100000000001,10.7442
8.8548,11.195400000000001
8.8548,11.195400000000001
8.262599999999999,11.195400000000001
7.1205,11.139
7.1205,11.139
6.486,11.139
7.4025,9.8418
7.4025,9.8418
6.7539,9.8418
7.712700000000001,9.3765
7.712700000000001,9.3765
7.712700000000001,9.3765
7.0923,9.3483
7.0923,9.3483
6.5565,9.3483
6.627,9.362400000000001
6.627,8.9535
6.063,8.9535
5.217,8.9535
5.217,7.4871
4.6953000000000005,7.4871
5.5554,7.4871
5.5554,7.4871
5.0055,7.4448
5.8233,7.4448
5.8233,7.4448
5.4567,8.685599999999999
4.6812000000000005,8.685599999999999
4.6812000000000005,8.685599999999999
5.9361,9.0663
4.9209,9.0663
4.9209,9.0663
4.3709999999999996,8.3895
5.217,8.3895
5.217,8.3895
4.6812000000000005,8.262599999999999
3.9057000000000004,8.262599999999999
3.9057000000000004,8.262599999999999
3.3981,8.2485
4.2440999999999995,8.2485
4.2440999999999995,8.2485
3.7506,8.121599999999999
4.5684000000000005,8.121599999999999
4.5684000000000005,8.121599999999999
2.5521,7.698600000000001
3.243,7.698600000000001
3.243,7.698600000000001
2.8341000000000003,7.332
2.0444999999999998,7.332
2.0444999999999998,7.332
3.5673,6.9231
2.4675,6.9231
2.4675,6.9231
3.1443,6.4719
2.679,6.4719
2.679,5.8938
2.679,5.8938
1.4664,5.8938
1.4664,5.668200000000001
1.128,5.668200000000001
1.6215,5.668200000000001
1.6215,5.3862
1.9458000000000002,5.3862
1.9458000000000002,5.3862
0.5216999999999999,5.3439
0.1692,5.3439
0.7191,5.3439
0.7191,5.0901
0.4371,5.0901
1.1844000000000001,5.0901
1.1844000000000001,5.3862
0.8742,5.3862
0.8742,5.3862
0.1551,5.8233
-0.0987,5.8233
0.2115,5.8233
0.2115,5.499
-0.0564,5.499
-1.0010999999999999,5.499
-1.0010999999999999,5.0055
0.1692,5.0055
0.1692,5.0055
-0.6909,4.5261
-0.8178,4.5261
-1.8189,4.5261
-0.5075999999999999,4.5261
-0.6909,4.5261
-1.7907,4.5261
-1.7907,3.9902999999999995
-1.9317000000000002,3.9902999999999995
-1.9317000000000002,3.9902999999999995
-1.4523,2.9751
-1.6215,2.9751
-2.7495,2.9751
-2.7495,2.9046
-2.7495,2.9046
-2.8623000000000003,3.0597
-2.8623000000000003,3.0597
-2.5944,3.0597
-4.2863999999999995,2.5944
-4.2863999999999995,2.5944
-4.3427999999999995,2.5944
-4.3286999999999995,1.8048
-4.3286999999999995,1.8048
-4.4556,1.8048
-4.6671000000000005,1.6497
-4.6671000000000005,1.6497
-4.7940000000000005,1.6497
-4.7940000000000005,1.6497
-5.7951,1.6497
-5.781,1.6497
-5.7528,1.6215
-5.7528,1.6215
-5.7528,1.6215
-5.9925,0.9165
-5.9925,0.9165
-5.9784,0.9165
-6.2886,0.29610000000000003
-6.2886,0.29610000000000003
-6.204,0.29610000000000003
-7.2474,0.26789999999999997
-7.2474,0.26789999999999997
-7.1769,0.26789999999999997
-7.4448,0.26789999999999997
-7.4448,-0.0987
-7.3602,-0.0987
-7.811400000000001,-0.0987
-7.811400000000001,-1.0433999999999999
-7.698600000000001,-1.0433999999999999
-8.5587,-1.0433999999999999
-8.5587,-1.1703000000000001
-8.375399999999999,-1.1703000000000001
-8.8407,-1.1703000000000001
-8.8407,-1.1703000000000001
-8.657399999999999,-1.3818
-8.657399999999999,-1.3818
-9.1791,-1.3818
-8.9535,-2.0867999999999998
-9.6585,-2.0867999999999998
-9.6585,-2.0867999999999998
-9.6585,-2.5098
-10.1379,-2.5098
-10.1379,-2.5098
-10.1379,-2.8623000000000003
-10.6173,-2.8623000000000003
-10.6173,-2.8623000000000003
-10.3071,-3.0738
-10.7865,-3.0738
-10.7865,-3.0738
-10.5186,-3.0738
-11.604299999999999,-3.2712
-11.604299999999999,-3.2712
-11.2377,-3.2712
-11.5902,-3.4686
-11.5902,-3.4686
-11.251800000000001,-3.4686
-12.3798,-3.9339000000000004
-12.3798,-3.9339000000000004
-11.970899999999999,-3.9339000000000004
-12.1683,-4.2863999999999995
-12.1683,-4.2863999999999995
-11.688899999999999,-4.2863999999999995
-12.8592,-4.6248000000000005
-12.8592,-4.6248000000000005
-12.3939,-4.6248000000000005
-12.7182,-5.2875
-12.7182,-5.2875
-12.2247,-5.2875
-12.2247,-5.668200000000001
-12.2247,-5.668200000000001
-11.703,-5.668200000000001
-13.0707,-5.9784
-13.0707,-5.9784
-12.5631,-5.9784
-12.5067,-6.3168
-12.5067,-6.3168
-12.0414,-6.4719
-13.239899999999999,-6.4719
-13.239899999999999,-6.4719
-12.7464,-6.6975
-12.6054,-6.6975
-12.6054,-6.6975
-12.6054,-6.6975
-13.437299999999999,-6.6975
-13.437299999999999,-6.6975
-12.972,-6.0771
-12.7323,-6.0771
-12.7323,-6.0771
-12.7323,-5.9502
-13.536,-5.9502
-13.536,-5.9502
-13.0566,-6.1335
-13.0566,-6.1335
-12.6336,-6.1335
-12.1542,-6.1617
-13.437299999999999,-6.1617
-13.437299999999999,-6.1617
-12.8733,-6.4437
-12.3798,-6.4437
-12.3798,-6.4437
-11.8158,-7.0359
-11.8158,-7.0359
-12.9579,-7.0359
-12.3657,-7.726800000000001
-11.914499999999999,-7.726800000000001
-11.914499999999999,-7.726800000000001
-11.3787,-8.036999999999999
-12.4362,-8.036999999999999
-12.4362,-8.036999999999999
-11.858099999999999,-8.234399999999999
-11.858099999999999,-8.234399999999999
-11.2659,-8.234399999999999
-10.7442,-8.206199999999999
-11.745299999999999,-8.206199999999999
-11.745299999999999,-8.0793
-11.195400000000001,-8.0793
-10.575,-8.0793
-10.575,-7.3602
-10.0533,-7.3602
-10.0533,-7.3602
-11.1249,-7.1769
-10.575,-7.1769
-9.968699999999998,-7.1769
-9.968699999999998,-7.1769
-9.475200000000001,-7.1769
-10.3071,-7.1769
-10.3071,-7.1769
-9.7854,-7.1769
-9.7854,-7.1769
-9.1227,-6.8244
-9.1227,-6.8244
-9.4611,-6.8244
-9.4611,-6.9372
-9.4611,-6.9372
-8.290799999999999,-6.9372
-8.290799999999999,-7.2897
-8.4741,-7.2897
-8.4741,-7.2897
-8.4741,-7.4871
-7.966499999999999,-7.4871
-7.966499999999999,-7.4871
-7.966499999999999,-7.2192
-7.4448,-7.2192
-7.4448,-7.2192
-7.4448,-7.0782
-6.9654,-7.0782
-6.9654,-7.0782
-7.4589,-6.8526
-6.9936,-6.8526
-6.2181,-6.8526
-6.2181,-6.6411
-5.8092,-6.6411
-6.345,-6.6411
-6.345,-6.6411
-4.4415,-5.7528
-5.9079,-5.4003
-4.8081000000000005,-5.4003
-4.3991999999999996,-5.4003
-3.2712,-5.2875
-3.2712,-5.2875
-2.9046,-5.2875
-3.1725,-5.217
-3.1725,-5.217
-2.7918000000000003,-5.217
-2.7918000000000003,-4.8645
-1.5087,-4.8645
-1.128,-4.8645
-1.1703000000000001,-4.6953000000000005
-1.1703000000000001,-4.6953000000000005
-0.8742,-4.6953000000000005
-1.0010999999999999,-4.6812000000000005
-1.0010999999999999,-4.6812000000000005
-0.6768,-4.6812000000000005
0.9024,-4.2440999999999995
0.9024,-4.2440999999999995
1.1139,-4.2440999999999995
1.2549,-3.2994
1.2549,-3.2994
1.4523,-3.2994
3.2571,-3.2994
1.7484,-2.8341000000000003
1.9599000000000002,-2.8341000000000003
1.9599000000000002,-2.8341000000000003
3.9339000000000004,-2.0162999999999998
3.9902999999999995,-2.0162999999999998
4.6107000000000005,-2.0162999999999998
4.6107000000000005,-1.7625
4.7094000000000005,-1.7625
6.627,-1.7625
6.627,-1.0433999999999999
5.4285,-1.0433999999999999
5.4285,-1.0433999999999999
7.712700000000001,-0.4089
7.698600000000001,-0.4089
8.741999999999999,-0.4089
8.741999999999999,-0.4089
8.629199999999999,0.0
9.940499999999998,0.0
9.940499999999998,0.0
9.672600000000001,1.3395
12.2106,1.3395
12.2106,1.3395
12.0555,1.3395
12.0555,2.4957
12.0555,2.4957
11.717099999999999,2.4957
15.538200000000002,2.8905
15.538200000000002,2.8905
15.2562,2.8905
15.044699999999999,3.2712
17.413500000000003,3.2712
16.9059,3.2712
19.317,4.9773
19.317,4.9773
19.317,4.9773
20.0784,6.345
20.0784,6.345
20.0784,6.345
21.8832,6.5142
21.8832,6.5142
21.8832,6.5142
22.0242,7.4871
22.0242,7.4871
21.2064,7.4871
23.6316,8.741999999999999
23.6316,8.741999999999999
22.8138,8.741999999999999
22.7151,9.8982
22.7151,9.8982
21.840899999999998,9.8982
21.840899999999998,11.223600000000001
24.111,11.223600000000001
23.2791,11.223600000000001
22.616400000000002,12.1683
22.616400000000002,12.1683
21.7704,13.0848
23.8149,13.0848
23.8149,13.0848
22.9971,13.0848
22.9971,13.0848
21.8268,13.0848
21.0654,13.0989
22.785600000000002,13.0989
22.785600000000002,13.0989
22.066499999999998,13.1412
20.6001,13.1412
20.6001,13.1412
21.5448,12.831
21.5448,12.831
21.5448,12.831
18.189,11.717099999999999
19.5003,11.717099999999999
19.5003,11.717099999999999
18.9363,11.167200000000001
15.1716,11.167200000000001
15.1716,11.167200000000001
14.621699999999999,11.4774
14.621699999999999,11.4774
13.465499999999999,11.4774
13.465499999999999,11.5338
13.888499999999999,11.5338
13.888499999999999,11.5338
13.888499999999999,12.0414
12.3093,12.0414
12.3093,12.0414
13.1553,11.703
12.7605,11.703
12.7605,11.703
10.5045,9.940499999999998
9.4893,9.940499999999998
9.4893,9.940499999999998
9.193200000000001,8.8407
9.884099999999998,8.8407
9.884099999999998,8.403599999999999
8.5587,8.403599999999999
8.5587,8.403599999999999
6.9513,7.2756
8.2767,7.2756
5.668200000000001,7.2756
7.2897,6.4296
7.0218,6.4296
5.922,6.4296
5.922,6.5565
5.640000000000001,6.5565
6.204,6.5565
6.204,6.7116
5.9079,6.7116
4.7376000000000005,6.7116
4.7376000000000005,6.6693
4.4556,6.6693
4.935,6.6693
4.935,6.8667
5.2029,6.8667
5.2029,6.8667
5.2029,6.5142
4.9209,6.5142
3.6237,6.5142
3.6237,6.3168
3.4122,6.3168
0.3102,6.3168
0.3102,5.724600000000001
0.0705,5.724600000000001
0.0705,5.724600000000001
0.0705,4.9209
3.4263,4.9209
0.3384,4.9209
0.3384,4.9209
0.3384,4.5966000000000005
0.3807,4.5966000000000005
0.3807,4.5966000000000005
0.3102,4.5966000000000005
0.6486,4.5966000000000005
0.6486,4.5966000000000005
0.5781000000000001,4.4697
0.9165,2.5662
0.9165,2.5662
0.846,2.5662
1.2408,1.269
1.2408,1.269
1.1844000000000001,1.269
1.1844000000000001,1.2972
1.551,1.2972
1.4241000000000001,1.2972
-1.0151999999999999,1.8612
-1.0151999999999999,1.8612
-1.1844000000000001,1.8612
-0.9870000000000001,1.8612
-0.9870000000000001,1.9599000000000002
-1.2972,1.9599000000000002
-1.2972,2.9046
-1.0292999999999999,2.9046
-1.3677,2.9046
-1.0856999999999999,2.9046
-1.0856999999999999,4.4133
-1.3254,4.4133
-1.0715999999999999,4.4133
-1.0715999999999999,5.1042
-1.2549,5.1042
-1.2549,5.1042
-1.2549,4.1876999999999995
-1.3395,4.1876999999999995
-0.5357999999999999,4.1876999999999995
-0.5357999999999999,2.7495
-0.5498999999999999,2.7495
-0.141,2.7495
-0.141,2.0867999999999998
-0.0846,2.0867999999999998
0.5075999999999999,2.0867999999999998
0.5075999999999999,0.8601
0.5075999999999999,0.8601
-5.2734,0.8601
-5.2734,-0.26789999999999997
-5.3439,-0.4371
-5.2875,-0.4371
-5.2875,-0.4371
-5.4567,0.4512
-5.4567,0.4512
-5.4567,0.4512
-5.640000000000001,0.4512
-5.640000000000001,1.3959000000000001
-5.5272,1.3959000000000001
-5.3721,1.3959000000000001
-5.1747,2.0303999999999998
-5.1747,2.0303999999999998
-5.076,2.0303999999999998
-5.076,0.8319
-5.076,0.8319
-4.8081000000000005,0.8319
-4.8081000000000005,-1.0151999999999999
-4.8081000000000005,-1.0151999999999999
-4.4274,-1.0151999999999999
-21.7563,-0.8178
-21.7563,-0.8178
-21.220499999999998,-0.8178
-25.944,-1.8612
-25.944,-1.8612
-30.611099999999997,-1.8612
-30.611099999999997,-2.7072
-30.611099999999997,-2.7072
-30.1881,-2.7072
-39.0288,-2.7777
-39.0288,-2.7777
-36.942,-2.7777
-72.4599,-1.3959000000000001
-72.4599,-1.3959000000000001
-69.8373,-1.3959000000000001
-69.8373,-3.525
-93.0741,-3.525
-89.16839999999999,-3.525
-89.16839999999999,-8.6715
-89.16839999999999,-8.6715
-89.16839999999999,-8.6715
-74.4198,-14.523
-105.5949,-14.523
-105.5949,-19.2606
-73.6725,-19.2606
-80.9058,-19.2606
-80.9058,-24.0405
-68.90669999999999,-24.0405
-68.90669999999999,-24.0405
-67.5531,-27.2412
-59.2623,-27.2412
-59.2623,-27.2412
-41.8065,-27.6783
-41.8065,-27.6783
-43.4844,-27.6783
-36.772800000000004,-27.762900000000002
-29.765100000000004,-27.762900000000002
-29.765100000000004,-27.762900000000002
-28.764,-27.8052
-26.761799999999997,-27.8052
-26.761799999999997,-27.8052
-25.7607,-27.833399999999997
-25.7607,-27.833399999999997
-21.558899999999998,-27.833399999999997
-20.5437,-27.833399999999997
-20.5437,-27.833399999999997
-20.5437,-27.833399999999997
-19.6836,-27.833399999999997
-19.6836,-27.833399999999997
-19.486199999999997,-27.833399999999997
-18.738899999999997,-25.1262
-18.738899999999997,-25.1262
-19.6695,-25.1262
-18.950400000000002,-19.9515
-17.8788,-19.9515
-17.8788,-19.9515
-17.314799999999998,-18.908099999999997
-18.2031,-18.908099999999997
-18.2031,-18.908099999999997
-17.582700000000003,-15.932999999999998
-17.582700000000003,-15.932999999999998
-17.582700000000003,-13.2258
-16.919999999999998,-13.2258
-16.7931,-13.2258
-16.7931,-13.352699999999999
-16.017599999999998,-13.352699999999999
-16.9341,-13.352699999999999
-16.9341,-14.226899999999999
-16.9341,-14.226899999999999
-16.073999999999998,-14.226899999999999
-15.1152,-15.961199999999998
-14.085899999999999,-15.961199999999998
-14.903699999999999,-15.961199999999998
-14.903699999999999,-17.6814
-13.7616,-17.6814
-12.8733,-17.6814
-12.8733,-20.1348
-11.7312,-20.1348
-11.7312,-20.1348
-12.5631,-21.8268
-11.4774,-21.8268
-10.6032,-21.8268
-10.6032,-21.7422
-11.2941,-21.7422
-10.4058,-21.7422
-10.4058,-19.3875
-9.5457,-19.3875
-10.3917,-19.3875
-10.3917,-19.3875
-9.743099999999998,-16.8777
-8.9535,-16.8777
-8.9535,-16.8777
-8.3331,-13.973099999999999
-9.2073,-13.973099999999999
-9.2073,-13.973099999999999
-8.5305,-11.1531
-7.825500000000001,-11.1531
-7.825500000000001,-11.1531
-8.8266,-10.1802
-7.952399999999999,-10.1802
-7.952399999999999,-10.1802
-7.1769,-9.9264
-6.3591,-10.6173
-6.3591,-10.6173
-7.3461,-10.6173
-6.4155,-11.463299999999998
-6.4155,-11.463299999999998
-5.499,-11.463299999999998
-5.499,-11.844
-5.499,-11.844
-4.5543000000000005,-11.844
-4.2440999999999995,-11.844
-4.2440999999999995,-13.4514
-3.3135,-13.4514
-3.807,-13.4514
-3.807,-14.452499999999999
-2.9187,-14.452499999999999
-3.5109,-14.452499999999999
-3.5109,-14.3256
-2.6508,-14.3256
-1.3395,-14.3256
-3.2148,-12.9438
-2.4957,-12.9438
-0.9447,-12.9438
-0.9447,-11.717099999999999
-0.3384,-11.717099999999999
-0.3384,-11.717099999999999
-0.6627,-9.2919
-0.0987,-9.2919
1.5933,-9.2919
1.5933,-7.698600000000001
2.1572999999999998,-7.698600000000001
2.1149999999999998,-7.698600000000001
2.1149999999999998,-6.7539
2.6226,-6.7539
2.6226,-6.7539
2.6226,-6.5706
3.1725,-6.5706
5.358,-6.5706
5.358,-6.4155
5.9502,-6.4155
6.4155,-6.1617
6.4155,-6.1617
6.8949,-6.1617
6.8949,-6.5283
8.9817,-6.5283
9.447000000000001,-6.5283
10.5609,-5.625900000000001
10.5609,-5.625900000000001
10.857,-5.625900000000001
12.3657,-5.2734
12.3657,-5.2734
12.6195,-5.2734
12.6195,-4.0607999999999995
15.0024,-4.0607999999999995
14.480699999999999,-4.0607999999999995
17.0469,-2.2983000000000002
17.0469,-2.2983000000000002
16.8213,-2.2983000000000002
18.5838,-1.269
18.5838,-1.269
18.3018,-1.269
18.3018,0.6063
20.6847,0.6063
20.3322,0.6063
22.968899999999998,2.9328
22.968899999999998,2.9328
22.334400000000002,2.9328
23.6739,3.8352000000000004
23.6739,3.8352000000000004
23.025299999999998,3.8352000000000004
23.025299999999998,5.5695
25.901699999999998,5.5695
25.112099999999998,5.5695
25.6338,7.2756
25.6338,7.2756
24.9288,7.2756
27.6783,8.431799999999999
27.6783,8.431799999999999
24.3084,8.431799999999999
24.3084,9.4329
24.3084,9.4329
23.603399999999997,10.0533
28.7076,10.0533
28.7076,10.0533
25.0416,10.3071
27.311700000000002,10.3071
27.311700000000002,10.3071
26.8041,10.575
26.8041,10.575
29.1729,10.575
25.4787,10.9698
25.4787,10.9698
25.4787,10.9698
24.9852,10.1379
28.8204,10.1379
28.8204,10.1379
28.2564,9.0522
28.2564,9.0522
30.2868,9.0522
25.0275,8.9535
26.479799999999997,8.9535
26.479799999999997,8.9535
26.479799999999997,10.6596
27.382199999999997,10.6596
27.382199999999997,10.6596
26.648999999999997,11.632499999999999
28.058999999999997,11.632499999999999
28.058999999999997,11.632499999999999
23.2227,13.465499999999999
24.4353,13.465499999999999
24.4353,13.465499999999999
23.7585,15.947099999999999
23.7585,15.947099999999999
23.7585,15.947099999999999
23.0676,15.947099999999999
25.450499999999998,16.299599999999998
25.450499999999998,16.299599999999998
24.816,16.186799999999998
22.4754,16.186799999999998
22.4754,16.1445
22.010099999999998,16.1445
23.2368,16.1445
23.2368,14.8896
22.7574,14.8896
23.8431,14.8896
23.8431,12.7041
23.4201,12.7041
21.1218,12.7041
24.393,11.3787
20.6706,11.3787
21.558899999999998,11.3787
21.558899999999998,10.6314
21.15,10.6314
22.0524,10.6314
22.0524,10.9416
21.573,10.9416
19.5003,10.9416
19.5003,10.4199
22.4331,10.4199
19.7823,10.4199
19.7823,10.4199
19.7823,12.7041
20.0361,12.7041
20.0361,12.7041
19.458,13.775699999999999
20.304,13.775699999999999
20.304,13.775699999999999
17.1174,13.9026
17.8083,13.9026
17.8083,13.9026
17.2161,14.8896
18.005699999999997,14.8896
18.005699999999997,14.8896
17.4981,16.073999999999998
16.017599999999998,16.073999999999998
16.017599999999998,16.073999999999998
15.566400000000002,15.481800000000002
16.3137,15.481800000000002
16.3137,15.481800000000002
15.848400000000002,12.8592
16.637999999999998,11.547899999999998
16.637999999999998,11.547899999999998
16.1727,11.547899999999998
14.7486,11.547899999999998
14.7486,10.7865
14.382,10.7865
15.101099999999999,10.7865
15.101099999999999,10.9134
14.7486,10.9134
15.495899999999999,10.9134
15.495899999999999,9.8982
15.0024,9.8982
13.719299999999999,9.8982
15.735600000000002,8.657399999999999
15.228,8.657399999999999
13.9308,8.657399999999999
13.9308,11.223600000000001
13.4514,11.223600000000001
14.142299999999999,11.223600000000001
14.142299999999999,12.2952
14.424299999999999,12.2952
14.424299999999999,12.2952
14.424299999999999,12.2247
14.424299999999999,12.2247
12.6195,12.2247
12.6195,12.5349
12.6195,12.5349
12.8874,12.5349
12.8874,14.226899999999999
12.3939,14.226899999999999
12.3939,14.226899999999999
11.364600000000001,13.578299999999999
10.9134,13.578299999999999
11.660699999999999,13.578299999999999
11.660699999999999,11.4069
11.223600000000001,11.4069
11.985,11.4069
11.985,11.167200000000001
11.632499999999999,11.167200000000001
11.632499999999999,10.4622
10.4763,10.4622
10.1097,10.4622
10.8711,9.024
10.8711,9.024
10.5327,9.024
10.5327,8.2203
10.5327,8.2203
10.152,8.2203
10.152,8.149799999999999
11.660699999999999,8.149799999999999
11.2377,8.149799999999999
9.968699999999998,8.770199999999999
9.968699999999998,8.770199999999999
9.5457,8.770199999999999
9.5457,10.1379
9.5457,10.1379
11.139,10.1379
11.139,10.7865
10.5891,10.7865
10.0674,10.7865
8.657399999999999,11.4351
8.657399999999999,11.4351
8.177999999999999,11.4351
8.8971,12.0696
8.8971,12.0696
9.1509,12.0696
9.1509,12.0414
9.1509,12.0414
9.1509,12.0414
9.4611,10.2507
9.4611,10.2507
9.1227,10.2507
8.2767,9.616200000000001
8.2767,9.616200000000001
8.629199999999999,9.616200000000001
8.629199999999999,8.8125
8.629199999999999,8.8125
8.3049,8.8125
7.5294,7.4871
7.5294,7.4871
7.191,7.2333
7.191,7.2333
7.191,7.2333
8.3331,7.2333
8.1639,7.2333
8.1639,7.2333
7.769100000000001,7.5153
6.2181,7.5153
6.2181,7.5153
5.8374,8.5587
6.4437,8.5587
6.4437,8.5587
6.0066,8.8266
6.627,8.8266
6.627,8.8266
6.1476,9.1791
6.8526,9.1791
6.8526,9.1791
6.4578,9.743099999999998
4.7094000000000005,9.743099999999998
4.7094000000000005,9.743099999999998
4.3145999999999995,9.588000000000001
4.8645,9.588000000000001
4.8645,9.588000000000001
4.4274,8.093399999999999
5.0619,8.093399999999999
5.0619,8.093399999999999
4.7235000000000005,8.093399999999999
5.4003,7.726800000000001
5.4003,7.726800000000001
5.4003,7.726800000000001
3.2571,7.5294
3.2571,7.5294
3.2571,7.5294
3.4827,6.2604
3.4827,6.2604
3.4827,6.2604
3.7506,5.0619
3.7506,5.4426
3.3558,5.4426
3.3558,5.4426
3.9480000000000004,6.486
3.6096,6.486
1.6638,6.486
1.6638,6.6975
1.3395,6.6975
1.8894,6.6975
1.8894,6.1617
1.5792,6.1617
1.9458000000000002,6.1617
1.9458000000000002,5.499
1.5369,5.499
1.5369,5.499
2.1008999999999998,5.499
1.7766,6.0771
-0.0846,6.0771
-0.0846,6.0771
-0.3102,6.3027
-0.3102,6.3027
0.0705,6.3027
-0.2115,4.935
0.1692,4.935
0.1692,4.935
-0.0705,3.9057000000000004
0.3666,3.9057000000000004
0.3666,3.9057000000000004
0.141,3.9480000000000004
0.8037,3.9480000000000004
0.8037,3.9480000000000004
0.6063,4.1594999999999995
1.3254,4.1594999999999995
1.3254,4.1594999999999995
1.3254,3.1443
1.7484,3.1443
1.7484,3.1443
1.7484,2.3265000000000002
1.4523,2.3265000000000002
1.4523,2.3265000000000002
1.4523,3.0174
3.0315,3.0174
3.0315,3.525
2.6085,3.525
3.8634000000000004,3.525
3.8634000000000004,3.7224
3.3981,3.7224
4.7799000000000005,3.7224
4.7799000000000005,4.0325999999999995
6.1335,4.0325999999999995
6.1335,4.0325999999999995
6.1335,4.5543000000000005
5.4708,4.5543000000000005
7.684500000000001,4.5543000000000005
7.684500000000001,5.358
6.909,5.358
9.9828,5.358
9.9828,5.696400000000001
12.6477,5.696400000000001
12.6477,5.696400000000001
12.6477,6.0489
11.576099999999999,6.0489
16.7649,6.0489
16.7649,6.5565
15.340800000000002,6.5565
22.6023,6.5565
22.6023,7.1628
20.8962,7.1628
20.8962,7.1628
20.8962,7.839600000000001
18.6543,7.839600000000001
43.216499999999996,7.839600000000001
43.216499999999996,8.9817
39.9735,8.9817
59.9391,8.9817
59.9391,10.8993
84.3039,10.8993
84.3039,10.8993
84.3039,13.0143
79.7919,13.0143
115.71870000000001,16.1586
115.71870000000001,16.1586
115.71870000000001,16.1586
146.11829999999998,17.8083
146.11829999999998,17.8083
167.5644,17.8083
167.5644,19.7259
167.5644,19.7259
163.4331,19.7259
164.8149,24.6468
164.8149,24.6468
162.7422,24.6468
152.1531,27.438599999999997
152.1531,27.438599999999997
135.6984,27.438599999999997
135.6984,27.7347
135.6984,27.7347
136.0368,27.7347
117.63629999999999,27.776999999999997
117.63629999999999,27.776999999999997
118.42589999999998,27.776999999999997
103.776,27.819300000000002
103.776,27.819300000000002
91.41029999999999,27.819300000000002
91.41029999999999,27.833399999999997
91.41029999999999,27.833399999999997
92.4114,27.833399999999997
82.0479,27.833399999999997
82.0479,27.833399999999997
82.9785,27.833399999999997
82.9785,27.833399999999997
82.9785,27.833399999999997
68.2299,27.833399999999997
68.2299,27.8475
68.2299,27.8475
69.0477,27.8475
63.1821,27.8475
63.1821,27.833399999999997
63.9153,27.833399999999997
58.7688,27.833399999999997
58.7688,27.8475
59.4033,27.8475
55.441199999999995,27.8475
55.441199999999995,27.8475
55.441199999999995,27.8475
52.2264,27.8475
52.2264,27.8475
52.2264,27.833399999999997
49.7589,27.833399999999997
49.7589,27.833399999999997
50.224199999999996,27.8475
50.224199999999996,27.8475
50.224199999999996,27.8475
50.6049,27.833399999999997
45.3315,27.833399999999997
45.3315,27.833399999999997
45.712199999999996,27.833399999999997
43.71,27.833399999999997
43.71,27.833399999999997
44.0625,27.8475
44.0625,27.8475
44.0625,27.8475
44.3445,27.8475
40.608,27.833399999999997
40.608,27.833399999999997
40.9041,27.833399999999997
39.4518,27.833399999999997
39.4518,27.833399999999997
39.7197,27.833399999999997
38.3097,27.776999999999997
38.3097,27.776999999999997
38.5494,27.776999999999997
37.2804,27.776999999999997
37.2804,27.776999999999997
37.506,27.776999999999997
36.378,27.776999999999997
36.378,27.776999999999997
36.575399999999995,27.776999999999997
35.5743,27.776999999999997
35.5743,27.776999999999997
35.7576,27.776999999999997
34.8411,27.776999999999997
34.8411,27.776999999999997
34.9962,27.776999999999997
34.1361,27.776999999999997
34.1361,27.776999999999997
34.291199999999996,27.776999999999997
33.515699999999995,27.776999999999997
33.515699999999995,27.776999999999997
33.515699999999995,27.762900000000002
33.0081,27.762900000000002
33.0081,27.762900000000002
33.0081,27.776999999999997
32.43,27.776999999999997
32.43,27.776999999999997
32.5005,27.776999999999997
32.5005,27.776999999999997
32.5005,27.776999999999997
32.5005,27.762900000000002
32.5005,27.762900000000002
32.5005,27.762900000000002
32.4441,27.776999999999997
30.991799999999998,27.776999999999997
30.991799999999998,27.776999999999997
30.963600000000003,27.776999999999997
30.5265,27.776999999999997
30.5265,27.776999999999997
30.441899999999997,27.776999999999997
30.441899999999997,27.776999999999997
30.032999999999998,27.776999999999997
29.920199999999998,27.776999999999997
29.5536,27.776999999999997
29.5536,27.776999999999997
29.3985,27.819300000000002
29.0601,27.819300000000002
29.0601,27.819300000000002
28.8627,27.819300000000002
28.8627,27.819300000000002
28.622999999999998,27.819300000000002
28.3833,27.833399999999997
28.3833,27.833399999999997
28.3833,27.819300000000002
28.0731,27.819300000000002
27.5232,27.819300000000002
27.5232,27.819300000000002
27.0297,27.819300000000002
27.0297,27.819300000000002
27.0297,27.819300000000002
26.6913,27.819300000000002
26.5644,27.819300000000002
26.5644,27.833399999999997
26.1978,27.833399999999997
26.0004,27.833399999999997
26.0004,27.819300000000002
25.521,27.819300000000002
25.521,27.819300000000002
25.521,27.833399999999997
25.1262,27.833399999999997
25.0416,27.833399999999997
25.0416,27.833399999999997
24.6186,27.833399999999997
24.5622,27.833399999999997
24.5622,27.833399999999997
24.0828,27.833399999999997
24.0828,27.833399999999997
24.0828,27.819300000000002
23.6316,27.819300000000002
23.6316,27.819300000000002
23.6316,27.833399999999997
23.1804,27.833399999999997
23.1804,27.833399999999997
23.1804,27.833399999999997
22.912499999999998,27.833399999999997
22.912499999999998,27.833399999999997
22.912499999999998,27.833399999999997
22.4895,27.833399999999997
22.574099999999998,27.833399999999997
22.574099999999998,27.833399999999997
22.137,27.833399999999997
22.2639,27.833399999999997
22.2639,27.833399999999997
21.8127,27.833399999999997
21.8127,27.833399999999997
21.9678,27.833399999999997
21.5307,27.833399999999997
21.6576,27.8475
21.6576,27.8475
21.2064,27.8475
21.4038,27.8475
21.4038,27.8475
20.9385,27.8475
21.1218,27.833399999999997
21.1218,27.833399999999997
20.6565,27.833399999999997
20.6565,27.8475
20.6565,27.8475
20.6565,27.8475
20.586,27.833399999999997
20.586,27.833399999999997
20.0784,27.833399999999997
20.304,27.819300000000002
20.304,27.819300000000002
19.7541,27.819300000000002
20.0079,27.819300000000002
20.0079,27.819300000000002
19.429799999999997,27.819300000000002
19.6836,27.776999999999997
19.6836,27.776999999999997
19.063200000000002,27.776999999999997
19.063200000000002,27.776999999999997
19.3311,27.762900000000002
18.6402,27.762900000000002
18.950400000000002,27.762900000000002
18.950400000000002,27.7488
18.2454,27.7488
18.555600000000002,27.7488
18.555600000000002,27.7488
17.8083,27.7488
18.1326,27.7488
18.1326,27.762900000000002
17.3289,27.762900000000002
17.6532,27.762900000000002
17.6532,27.762900000000002
16.8213,27.7488
17.1879,27.7488
17.1879,27.7488
16.299599999999998,27.7488
16.299599999999998,27.7488
16.299599999999998,27.7488
15.354899999999999,27.7488
16.1727,27.7488
16.1727,27.7488
15.185699999999999,27.7488
15.185699999999999,27.776999999999997
15.185699999999999,27.776999999999997
14.198699999999999,27.776999999999997
15.087,27.819300000000002
