-5.625900000000001,0.0141
-5.625900000000001,0.0141
-5.625900000000001,0.0141
-5.597700000000001,0.0141
-5.597700000000001,0.0141
-5.597700000000001,0.0141
-5.597700000000001,0.0141
-5.597700000000001,0.0141
-5.597700000000001,0.0141
-5.597700000000001,0.0141
-5.597700000000001,2.1431999999999998
-5.597700000000001,2.1431999999999998
-5.640000000000001,2.1431999999999998
-5.640000000000001,7.5717
-5.583600000000001,5.8233
-5.583600000000001,5.8233
-5.583600000000001,5.8233
-5.583600000000001,0.9447
-5.625900000000001,0.9447
-5.625900000000001,0.9447
-5.625900000000001,-3.5814
-5.611800000000001,-3.5814
-5.611800000000001,-3.5814
-5.611800000000001,-5.1042
-5.583600000000001,-5.1042
-5.583600000000001,-5.1042
-5.583600000000001,-6.3591
-5.5413,-6.3591
-5.5413,-6.3591
-5.5413,-6.3591
-5.4849,-9.672600000000001
-5.4849,-9.672600000000001
-5.4849,-9.672600000000001
-5.0196,-9.8982
-5.0196,-9.8982
-5.0196,-9.8982
-5.3721,-5.625900000000001
-5.3721,-5.625900000000001
-5.3721,-5.625900000000001
-4.9209,-4.1735999999999995
-4.9209,-4.1735999999999995
-4.9209,-4.1735999999999995
-4.9209,-2.961
-4.9209,-2.961
-4.9209,-2.961
-4.9068,-0.8601
-4.9068,-0.8601
-4.9068,-0.8601
-4.8363000000000005,0.8178
-4.8363000000000005,0.8178
-4.8363000000000005,0.8178
-4.3709999999999996,-0.25379999999999997
-4.3709999999999996,-0.25379999999999997
-4.3709999999999996,-0.25379999999999997
-4.5261,-2.4816
-4.5261,-2.4816
-4.2299999999999995,-3.3981
-4.0889999999999995,-3.3981
-4.0889999999999995,-3.3981
-4.0889999999999995,-4.0889999999999995
-3.7788,-4.0889999999999995
-3.7788,-4.0889999999999995
-3.525,-4.935
-3.1302,-4.935
-3.1302,-4.935
-3.1302,-6.768
-2.9187,-6.768
-2.9187,-6.768
-2.9187,-7.3179
-2.679,-7.3179
-2.7354,-7.3179
-2.7354,-5.654100000000001
-2.4111000000000002,-5.654100000000001
-2.4111000000000002,-5.654100000000001
-2.4111000000000002,-3.8634000000000004
-2.3547000000000002,-3.8634000000000004
-2.3547000000000002,-3.8634000000000004
-2.3547000000000002,-3.0315
-2.3547000000000002,-3.0315
-2.4111000000000002,-3.0315
-2.4111000000000002,-1.0433999999999999
-2.4393,-1.0433999999999999
-2.4393,-1.0433999999999999
-2.4393,-0.0141
-2.4675,-0.0141
-2.4675,-0.0141
-2.2419,0.0987
-2.1149999999999998,0.0987
-2.1290999999999998,0.0987
-2.1290999999999998,-0.8883
-1.9740000000000002,-0.8883
-1.9740000000000002,-0.8883
-1.9740000000000002,-1.7343
-1.7202,-1.7343
-1.7202,-2.8905
-1.7202,-2.8905
-1.5228,-2.8905
-1.5228,-4.1171999999999995
-1.5228,-4.1171999999999995
-1.2831,-4.1171999999999995
-1.3254,-4.6953000000000005
-1.3254,-4.6953000000000005
-1.0151999999999999,-4.6953000000000005
-1.0151999999999999,-4.7517000000000005
-1.0151999999999999,-4.7517000000000005
-1.2972,-4.7517000000000005
-1.2972,-4.6530000000000005
-1.2972,-4.6530000000000005
-1.2267,-4.6530000000000005
-1.2549,-3.1161
-1.2549,-3.1161
-1.128,-3.1161
-1.128,-1.4805
-1.128,-1.4805
-0.9588000000000001,-1.4805
-0.9588000000000001,-0.47940000000000005
-0.9588000000000001,-0.47940000000000005
-0.9447,-0.47940000000000005
-1.0010999999999999,0.141
-1.0010999999999999,0.141
-0.9165,0.141
-0.9165,0.35250000000000004
-0.9165,0.35250000000000004
-0.8037,0.35250000000000004
-0.8037,-0.0705
-0.8037,-0.0705
-0.7191,-0.0705
-0.6768,-1.0433999999999999
-0.6768,-1.0433999999999999
-0.5781000000000001,-1.0433999999999999
-0.5781000000000001,-1.0433999999999999
-0.5075999999999999,-1.9458000000000002
-0.4512,-1.9458000000000002
-0.3102,-1.9458000000000002
-0.3102,-2.6367
-0.2115,-3.0738
-0.1551,-3.0738
-0.1551,-3.0738
0.0987,-3.1725
0.0987,-3.1725
0.0987,-3.1725
0.23970000000000002,-3.1725
0.35250000000000004,-3.1725
0.35250000000000004,-3.1725
0.3807,-2.4534
0.5075999999999999,-2.4534
0.5075999999999999,-2.4534
0.6345,-1.3818
0.6345,-1.3818
0.6345,-1.3818
0.6486,-0.29610000000000003
0.6486,-0.29610000000000003
0.6486,-0.29610000000000003
0.6204,0.49350000000000005
0.7050000000000001,0.49350000000000005
0.7050000000000001,0.49350000000000005
0.8883,0.49350000000000005
0.8883,0.9447
0.8883,0.9447
1.0010999999999999,0.9447
1.1985000000000001,1.0715999999999999
1.1985000000000001,1.0715999999999999
1.2267,1.0715999999999999
1.1844000000000001,0.9024
1.1844000000000001,0.9024
1.1703000000000001,0.9024
1.1703000000000001,0.0141
1.1703000000000001,0.0141
1.3254,0.0141
1.5792,-0.6345
1.5792,-0.6345
1.5933,-0.6345
1.5087,-1.0433999999999999
1.5087,-1.128
1.7484,-1.128
1.7484,-1.128
1.7484,-1.128
1.9035,-1.128
1.9035,-1.128
1.9035,-1.0715999999999999
2.0726999999999998,-1.0715999999999999
2.0726999999999998,-1.0715999999999999
2.0726999999999998,-1.0715999999999999
1.9317000000000002,-0.47940000000000005
1.9317000000000002,-0.47940000000000005
1.9317000000000002,-0.47940000000000005
2.1290999999999998,0.35250000000000004
2.1290999999999998,0.35250000000000004
2.1290999999999998,0.35250000000000004
2.1149999999999998,1.0997999999999999
2.2701,1.0997999999999999
2.2701,1.0997999999999999
2.3688000000000002,1.5792
2.3688000000000002,1.5792
2.3688000000000002,1.5792
2.5239,1.8894
2.5239,1.8894
2.5239,1.8894
2.4957,1.9880999999999998
2.4957,1.9880999999999998
2.4957,1.9880999999999998
2.3688000000000002,1.6779
2.3688000000000002,1.6779
2.3688000000000002,1.6779
2.9046,1.0997999999999999
2.9046,1.0997999999999999
2.9046,1.0997999999999999
2.3406000000000002,0.7332
2.6931,0.7332
2.6931,0.7332
2.8200000000000003,0.6063
2.8200000000000003,0.6063
2.8200000000000003,0.6063
2.961,0.5216999999999999
2.961,0.5216999999999999
2.961,0.49350000000000005
2.961,0.49350000000000005
2.4111000000000002,0.49350000000000005
2.4111000000000002,0.49350000000000005
2.4393,0.49350000000000005
2.4393,0.49350000000000005
2.4393,0.9870000000000001
2.5239,0.9870000000000001
2.5239,0.9870000000000001
2.5239,1.7625
2.4675,1.7625
2.6085,1.7625
1.8189,2.0162999999999998
1.8894,2.0162999999999998
1.8894,2.0162999999999998
2.7213,2.4675
2.6508,2.4675
2.6508,2.4675
1.833,2.5521
1.9740000000000002,2.5521
1.9740000000000002,2.5521
1.9740000000000002,2.4393
2.0021999999999998,2.4393
2.0021999999999998,2.4393
2.0021999999999998,1.833
1.9740000000000002,1.833
1.9740000000000002,1.833
1.9740000000000002,1.269
1.9458000000000002,1.269
1.2972,1.269
1.2972,0.9588000000000001
1.3254,0.9588000000000001
1.4382,0.9588000000000001
1.4382,0.8601
1.4664,0.8601
1.4664,0.8601
1.4664,0.5498999999999999
1.4805,0.5498999999999999
1.6074,0.5781000000000001
1.6074,0.5781000000000001
1.5651,0.5781000000000001
0.8319,1.1139
0.8319,1.1139
0.9306,1.1139
0.9306,1.2972
0.9306,1.2972
1.0433999999999999,1.2972
1.0433999999999999,1.269
1.0433999999999999,1.269
1.0151999999999999,1.269
1.1139,1.269
1.1139,1.269
1.269,1.269
1.269,1.551
1.269,1.551
1.4241000000000001,1.551
1.4241000000000001,1.6356
1.4241000000000001,1.6356
1.3677,1.6356
0.35250000000000004,0.9447
0.35250000000000004,0.9447
0.49350000000000005,0.9447
0.49350000000000005,0.8601
0.49350000000000005,0.8601
0.4512,0.8601
0.564,0.8601
0.564,0.8601
0.5498999999999999,0.8601
0.7050000000000001,0.8601
0.7050000000000001,0.8601
-0.3666,0.8601
-0.3666,0.8601
-0.3666,0.8601
-0.3807,0.8601
-0.3948,0.8601
0.9870000000000001,0.7896
0.9729000000000001,0.7896
0.9729000000000001,0.7896
-0.3948,0.5498999999999999
-0.0987,0.5498999999999999
-0.0987,0.5498999999999999
-0.0987,0.5498999999999999
-0.1128,0.5498999999999999
-0.0705,0.5498999999999999
-0.0705,0.5498999999999999
-0.0564,0.6345
-1.4382,0.6345
-1.4382,0.6345
0.1692,0.0987
0.1692,0.0987
0.1692,0.0987
-1.4100000000000001,0.12689999999999999
-1.4100000000000001,0.12689999999999999
-1.4100000000000001,0.12689999999999999
-1.4100000000000001,0.12689999999999999
-1.3818,0.5498999999999999
-1.3818,0.5498999999999999
-1.2267,0.5498999999999999
-1.2267,0.47940000000000005
-1.2267,0.47940000000000005
-1.2267,0.47940000000000005
-1.2267,-0.25379999999999997
-1.2267,-0.25379999999999997
-1.2126,-0.25379999999999997
-2.3265000000000002,-0.0705
-2.3265000000000002,-0.0705
-2.256,-0.0705
-2.256,0.1974
-2.256,0.1974
-2.1431999999999998,0.1974
-2.1431999999999998,-0.564
-2.1431999999999998,-0.564
-2.0867999999999998,-0.564
-2.0867999999999998,-0.846
-2.0867999999999998,-0.846
-2.0867999999999998,-0.846
-3.5532,-0.8601
-3.5532,-0.8178
-3.4545,-0.8178
-3.4545,-0.8178
-3.4545,-0.8178
-3.3981,-1.4805
-3.4263,-1.4805
-3.4263,-1.4805
-3.3699,-1.7907
-3.3699,-1.7907
-3.3699,-1.7907
-3.3417,-1.7907
-3.3417,-1.7907
-3.3417,-1.7907
-4.7094000000000005,-1.2972
-4.8222000000000005,-1.2972
-4.8222000000000005,-1.2972
-4.7799000000000005,-1.4805
-4.7799000000000005,-1.4805
-4.7799000000000005,-1.4805
-4.7940000000000005,-2.0162999999999998
-4.7940000000000005,-2.0162999999999998
-4.7940000000000005,-2.0162999999999998
-4.7235000000000005,-2.0162999999999998
-4.8927,-2.0162999999999998
-4.8927,-2.0162999999999998
-5.8092,-1.9176000000000002
-5.8092,-1.9176000000000002
-5.8092,-1.9176000000000002
-5.781,-2.3265000000000002
-5.781,-2.3265000000000002
-5.781,-2.3265000000000002
-5.625900000000001,-3.4827
-5.8515,-3.4827
-5.8515,-3.4827
-5.922,-3.525
-5.922,-3.525
-5.922,-3.525
-5.654100000000001,-3.525
-5.654100000000001,-3.525
-5.654100000000001,-3.525
-6.8103,-3.7365
-6.8103,-3.7365
-6.8103,-4.5261
-7.0359,-4.5261
-7.0359,-4.5261
-7.0359,-4.5684000000000005
-7.896000000000001,-4.5684000000000005
-7.896000000000001,-4.5684000000000005
-7.1205,-4.5543000000000005
-6.8949,-4.5543000000000005
-8.0229,-4.5543000000000005
-8.0229,-3.9621000000000004
-8.290799999999999,-3.9621000000000004
-8.290799999999999,-3.9621000000000004
-8.290799999999999,-3.9621000000000004
-8.459999999999999,-3.9621000000000004
-8.459999999999999,-3.9621000000000004
-8.459999999999999,-3.9621000000000004
-8.149799999999999,-3.9621000000000004
-9.334200000000001,-3.9621000000000004
-9.334200000000001,-4.0889999999999995
-9.0804,-4.0889999999999995
-9.559800000000001,-4.0889999999999995
-9.559800000000001,-4.5543000000000005
-9.7854,-4.5543000000000005
-9.7854,-4.5543000000000005
-9.7854,-5.3721
-9.4611,-5.3721
-10.0674,-5.3721
-10.6314,-6.4437
-10.2789,-6.4437
-10.8288,-6.4437
-10.8288,-6.8526
-11.0262,-6.8526
-11.0262,-6.8526
-11.0262,-7.2192
-10.6737,-7.2192
-11.4069,-7.2192
-11.4069,-7.2192
-11.0403,-8.008799999999999
-12.0132,-8.1639
-12.0132,-8.1639
-12.408,-8.1639
-12.408,-7.881900000000001
-12.408,-7.881900000000001
-12.0414,-7.881900000000001
-12.7605,-7.825500000000001
-12.7605,-7.825500000000001
-12.3657,-7.825500000000001
-13.2117,-8.1075
-13.2117,-8.1075
-13.7334,-8.1075
-13.818,-8.3895
-13.818,-8.3895
-13.409099999999999,-8.3895
-14.2692,-8.6151
-14.2692,-8.6151
-13.8744,-8.6151
-14.762699999999999,-8.9535
-14.762699999999999,-8.9535
-15.129299999999999,-8.9535
-14.903699999999999,-9.644400000000001
-14.903699999999999,-9.644400000000001
-15.298499999999999,-9.644400000000001
-15.298499999999999,-9.644400000000001
-15.298499999999999,-10.1802
-14.7768,-10.1802
-15.735600000000002,-10.1802
-15.735600000000002,-10.6314
-16.073999999999998,-10.6314
-16.073999999999998,-10.6314
-16.073999999999998,-11.223600000000001
-16.4829,-11.223600000000001
-16.4829,-11.223600000000001
-16.4829,-11.688899999999999
-15.425400000000002,-11.688899999999999
-16.3137,-11.688899999999999
-16.3137,-11.886299999999999
-16.694399999999998,-11.886299999999999
-16.694399999999998,-11.886299999999999
-16.694399999999998,-11.914499999999999
-16.0599,-12.126
-16.9341,-12.126
-16.9341,-12.126
-15.552299999999999,-12.5349
-16.3701,-12.5349
-16.3701,-12.5349
-16.6098,-12.9156
-16.6098,-12.9156
-16.6098,-12.9156
-16.0035,-12.9156
-16.9341,-12.972
-16.9341,-12.972
-16.243199999999998,-12.972
-16.1445,-12.972
-16.1445,-12.972
-15.510000000000002,-12.972
-15.510000000000002,-13.2258
-15.510000000000002,-13.2258
-16.5111,-13.2258
-16.5111,-13.380899999999999
-16.5111,-13.380899999999999
-15.792000000000002,-13.380899999999999
-16.7085,-13.1976
-16.7085,-13.1976
-15.777899999999999,-13.1976
-15.777899999999999,-13.1271
-15.777899999999999,-13.1271
-15.975299999999999,-13.1271
-15.975299999999999,-13.1694
-15.975299999999999,-13.1694
-15.228,-13.1694
-14.931899999999999,-12.972
-14.931899999999999,-12.972
-15.0306,-12.972
-15.0306,-12.69
-15.0306,-12.69
-14.3256,-12.69
-15.228,-13.352699999999999
-15.228,-13.352699999999999
-14.4666,-13.578299999999999
-14.1564,-13.578299999999999
-14.1564,-13.578299999999999
-14.3538,-13.536
-14.3538,-13.536
-14.3538,-13.536
-13.6206,-13.352699999999999
-14.4948,-13.352699999999999
-14.4948,-13.352699999999999
-12.6336,-13.1271
-13.409099999999999,-13.1271
-13.409099999999999,-13.1271
-12.3516,-13.0989
-12.3516,-13.0989
-12.3516,-13.0989
-12.4503,-12.7605
-12.4503,-12.7605
-12.4503,-12.7605
-11.844,-12.4785
-12.6336,-12.4785
-12.6336,-12.4785
-12.0132,-12.2247
-12.8874,-12.2247
-12.8874,-12.2247
-11.7876,-11.745299999999999
-11.7876,-11.745299999999999
-11.7876,-11.745299999999999
-11.223600000000001,-11.3787
-11.9568,-11.3787
-11.9568,-11.3787
-11.364600000000001,-11.308200000000001
-10.998,-11.308200000000001
-10.998,-11.308200000000001
-11.1531,-11.3223
-11.1531,-11.3223
-11.1531,-11.3223
-10.6173,-11.745299999999999
-11.336400000000001,-11.745299999999999
-11.336400000000001,-11.745299999999999
-9.644400000000001,-12.126
-10.3212,-12.126
-10.3212,-12.0978
-10.5327,-12.0978
-10.5327,-12.0978
-10.5327,-12.2247
-9.9969,-12.2247
-10.6878,-12.2247
-10.6878,-12.2529
-8.9817,-12.2529
-9.6021,-12.2529
-9.6021,-11.844
-9.6867,-11.844
-9.6867,-11.844
-9.6867,-11.660699999999999
-9.221400000000001,-11.660699999999999
-8.7279,-11.660699999999999
-8.7279,-10.9698
-8.290799999999999,-10.9698
-8.883,-10.9698
-8.883,-10.1238
-9.0804,-10.1238
-9.0804,-10.1238
-9.0804,-9.4329
-9.221400000000001,-9.4329
-9.221400000000001,-9.4329
-8.121599999999999,-9.0804
-7.712700000000001,-9.0804
-8.234399999999999,-9.0804
-8.234399999999999,-9.277800000000001
-7.3179,-9.277800000000001
-7.3179,-9.277800000000001
-7.3179,-9.277800000000001
-6.8667,-9.277800000000001
-7.2756,-9.277800000000001
-7.2756,-9.277800000000001
-6.8103,-9.2637
-7.2756,-9.2637
-7.2756,-9.2637
-6.8244,-10.1802
-6.8244,-10.5045
-6.8244,-10.5045
-6.3309,-10.5045
-6.3309,-9.6867
-6.3309,-9.6867
-5.9079,-9.6867
-6.2745,-9.2355
-6.2745,-9.2355
-5.2875,-9.2355
-5.2875,-9.0804
-5.2875,-9.0804
-4.9209,-9.0804
-5.217,-8.9253
-5.217,-8.9253
-4.9068,-8.9253
-5.2593,-8.234399999999999
-5.2593,-8.234399999999999
-4.9068,-8.234399999999999
-4.9068,-8.234399999999999
-4.9068,-7.3461
-4.5684000000000005,-7.3461
-4.5684000000000005,-7.3461
-4.5684000000000005,-7.332
-4.2158999999999995,-7.332
-4.2017999999999995,-7.332
-4.2017999999999995,-7.191
-4.1453999999999995,-7.191
-4.1453999999999995,-7.191
-3.4686,-6.5706
-3.3276,-6.5706
-3.3276,-6.5706
-3.3276,-6.4437
-3.0315,-6.4437
-3.0315,-6.4437
-3.0315,-6.7539
-2.4252,-6.7539
-2.4252,-6.7539
-2.4252,-6.9372
-2.1572999999999998,-6.9372
-2.1572999999999998,-6.9372
-2.1572999999999998,-6.627
-1.8471,-6.2181
-1.6074,-6.2181
-1.6074,-6.2181
-1.3536,-6.2181
-1.3536,-5.9079
-1.3536,-5.9079
-1.1985000000000001,-5.9079
-1.1985000000000001,-5.625900000000001
-1.1985000000000001,-5.625900000000001
-0.9870000000000001,-5.625900000000001
-0.6063,-4.9914
-0.6063,-4.9914
-0.3807,-4.9914
-0.3807,-4.1876999999999995
-0.3807,-4.1876999999999995
-0.1692,-4.1876999999999995
-0.141,-3.7647
-0.141,-3.7647
0.0282,-3.7647
0.3384,-3.5814
0.3384,-3.5814
0.5781000000000001,-3.5814
0.5781000000000001,-3.4263
0.5781000000000001,-3.4263
0.8742,-3.4263
1.0292999999999999,-3.2148
1.0292999999999999,-3.2148
1.2126,-3.2148
1.3113,-3.1443
1.3113,-3.1443
1.6497,-3.1443
1.6497,-3.1443
1.6497,-3.1443
2.0021999999999998,-3.1443
1.9458000000000002,-3.1443
1.9458000000000002,-3.1443
2.0726999999999998,-3.1443
2.2983000000000002,-2.7072
2.2983000000000002,-2.7072
2.3547000000000002,-2.1713999999999998
2.3547000000000002,-2.1713999999999998
2.3547000000000002,-2.1713999999999998
2.9046,-1.8894
2.9046,-1.8894
2.9046,-1.8894
2.961,-1.3254
3.2007,-1.3254
3.2007,-1.3254
3.525,-0.846
3.525,-0.846
3.525,-0.846
3.7647,-0.4089
3.7647,-0.4089
3.7647,-0.4089
4.1171999999999995,-0.2256
4.1171999999999995,-0.2256
4.1171999999999995,-0.2256
4.1594999999999995,-0.1974
4.1594999999999995,-0.1974
4.1594999999999995,-0.1974
5.0055,-0.0987
5.0055,-0.0987
5.0055,-0.0987
5.0196,0.0141
5.2029,0.0141
5.2029,0.0141
5.2029,0.2115
5.2029,0.2115
5.2029,0.2115
6.063,0.5498999999999999
6.063,0.5498999999999999
6.063,0.5498999999999999
6.5706,0.8319
6.5706,0.8319
6.5706,0.8319
6.2463,1.3677
6.7116,1.3677
6.7116,1.3677
7.1769,1.3677
7.1769,2.0867999999999998
7.1769,2.3265000000000002
7.0782,2.3265000000000002
7.0782,2.3265000000000002
7.0782,2.4675
6.9372,2.4675
8.177999999999999,2.4675
8.177999999999999,2.8623000000000003
8.713799999999999,2.8623000000000003
8.713799999999999,2.8623000000000003
8.403599999999999,3.4686
8.2485,3.4686
8.8689,3.4686
8.8689,4.0043999999999995
8.685599999999999,4.0043999999999995
9.3765,4.0043999999999995
9.3765,4.1312999999999995
9.940499999999998,4.1312999999999995
9.940499999999998,4.1312999999999995
9.940499999999998,3.8775000000000004
10.5327,3.8775000000000004
10.5327,3.8775000000000004
10.5327,4.3145999999999995
10.3635,4.3145999999999995
10.7583,4.3145999999999995
10.7583,4.3145999999999995
11.3505,4.8504
11.3505,4.8504
11.3505,4.8504
11.0685,4.8504
11.9568,4.8504
11.9568,4.8504
11.6466,5.2875
11.6466,5.2875
11.6466,5.2875
11.336400000000001,6.5847
11.336400000000001,6.5847
11.336400000000001,6.5847
10.9839,7.0782
12.9861,7.4871
12.9861,7.4871
12.6759,7.4871
13.578299999999999,7.811400000000001
13.578299999999999,7.811400000000001
14.226899999999999,7.811400000000001
14.226899999999999,8.3895
14.226899999999999,8.3895
14.931899999999999,8.3895
14.931899999999999,8.770199999999999
14.931899999999999,8.770199999999999
14.5794,8.770199999999999
15.749699999999999,8.770199999999999
15.749699999999999,8.459999999999999
16.525199999999998,8.459999999999999
16.525199999999998,8.459999999999999
16.525199999999998,8.0793
17.3994,8.0793
17.3994,8.0793
17.3994,8.6997
17.0187,8.6997
18.344099999999997,8.6997
18.344099999999997,9.277800000000001
19.317,9.277800000000001
19.317,9.277800000000001
19.317,9.8418
18.5274,9.8418
18.5274,9.8418
18.5274,10.7865
18.048,10.7865
19.2042,10.7865
17.6109,12.1683
18.1044,12.1683
18.1044,12.1683
18.1044,13.1976
18.5838,13.1976
18.5838,13.1976
18.5838,13.944899999999999
18.048,13.944899999999999
19.0914,13.944899999999999
19.0914,14.8332
18.5415,14.8332
19.5708,15.0588
19.5708,15.0588
20.1912,15.0588
20.1912,14.8332
20.1912,14.8332
19.6836,14.8332
20.727,14.6358
20.727,14.6358
19.429799999999997,14.6358
19.429799999999997,13.7334
19.429799999999997,13.7334
18.950400000000002,13.7334
18.950400000000002,13.606499999999999
18.950400000000002,13.606499999999999
18.4851,13.606499999999999
20.3322,13.536
20.3322,13.536
20.7975,13.536
20.7975,13.606499999999999
20.7975,13.606499999999999
21.220499999999998,13.606499999999999
21.220499999999998,14.649899999999999
21.220499999999998,14.649899999999999
20.727,14.649899999999999
20.727,15.1998
20.727,15.1998
20.2758,15.1998
20.2758,15.2562
20.2758,15.2562
20.586,15.2562
20.586,16.0317
20.586,16.0317
19.9797,16.0317
20.9667,17.1597
20.9667,17.1597
21.3051,17.1597
18.8094,17.4981
18.8094,17.4981
19.035,17.5122
19.035,17.5122
19.035,17.5122
18.456899999999997,17.2302
19.2465,17.2302
19.2465,17.2302
18.6966,17.1033
19.486199999999997,17.1033
19.486199999999997,17.1033
17.343,17.0751
17.343,17.0751
17.343,17.0751
17.526300000000003,16.750799999999998
17.526300000000003,16.750799999999998
17.526300000000003,16.750799999999998
17.032799999999998,15.848400000000002
15.989399999999998,15.848400000000002
15.989399999999998,15.848400000000002
15.481800000000002,14.8332
15.481800000000002,14.8332
15.481800000000002,14.8332
16.6662,15.0306
16.2573,15.0306
16.2573,15.0306
15.735600000000002,15.087
16.3842,15.087
16.3842,15.087
14.6922,14.565299999999999
14.6922,14.565299999999999
14.6922,14.565299999999999
14.7486,14.339699999999999
14.7486,14.339699999999999
14.7486,14.339699999999999
14.2128,14.339699999999999
14.805,14.226899999999999
14.805,14.226899999999999
14.988299999999999,14.226899999999999
13.0989,14.649899999999999
13.0989,14.649899999999999
13.2258,14.649899999999999
13.2258,15.087
13.2258,15.0588
12.7887,15.0588
13.324499999999999,15.0588
13.324499999999999,14.508899999999999
13.5078,14.508899999999999
13.5078,14.508899999999999
13.5078,14.3256
13.691099999999999,14.3256
13.691099999999999,14.3256
13.691099999999999,14.2692
13.268099999999999,14.2692
13.916699999999999,14.2692
13.916699999999999,14.114099999999999
12.7746,14.114099999999999
12.7746,14.114099999999999
14.198699999999999,12.7887
13.818,12.7887
13.818,12.7887
13.818,12.7887
12.0132,12.5349
13.296299999999999,12.5349
13.296299999999999,12.5349
13.662899999999999,13.2258
13.662899999999999,13.2258
13.662899999999999,13.2258
12.6195,13.352699999999999
12.6195,13.352699999999999
12.6195,13.352699999999999
12.3375,13.2117
13.0143,13.2117
13.0143,13.2117
13.4232,13.550099999999999
13.4232,13.550099999999999
13.4232,13.550099999999999
13.662899999999999,14.241
13.662899999999999,14.241
13.662899999999999,14.241
13.4232,13.9872
14.001299999999999,13.9872
14.001299999999999,13.959
14.396099999999999,13.959
12.6477,13.3668
12.6477,13.3668
12.972,13.3668
12.972,13.3668
14.805,13.324499999999999
12.6477,13.324499999999999
13.1835,13.324499999999999
13.1835,13.6206
13.437299999999999,13.6206
13.437299999999999,13.6206
13.437299999999999,13.7334
13.606499999999999,13.7334
13.606499999999999,13.7334
13.606499999999999,13.7052
13.254,13.7052
13.775699999999999,13.7052
13.775699999999999,13.7052
13.944899999999999,13.7052
13.944899999999999,13.7052
13.944899999999999,13.916699999999999
12.2106,13.916699999999999
12.2106,13.916699999999999
12.2106,14.424299999999999
11.914499999999999,14.424299999999999
12.2811,14.424299999999999
12.2811,13.747499999999999
12.4221,13.747499999999999
12.4221,13.747499999999999
12.4221,13.677
12.3516,13.677
12.3516,13.677
10.7019,13.677
10.3776,13.677
10.716,13.677
12.4221,13.7052
10.716,13.7052
10.716,13.7052
10.716,13.2258
10.6878,13.2258
10.6878,12.2811
10.6878,12.2811
10.3635,12.2811
10.6878,12.267
10.6878,12.267
10.716,12.267
9.193200000000001,12.3234
9.193200000000001,12.3234
9.0945,12.3234
9.0945,11.985
9.0945,11.985
9.0522,11.985
9.0522,11.0403
9.0522,11.0403
8.5587,11.0403
8.9958,11.223600000000001
8.9958,11.223600000000001
9.108600000000001,11.223600000000001
9.108600000000001,11.632499999999999
9.108600000000001,11.632499999999999
7.839600000000001,11.632499999999999
7.839600000000001,11.2659
7.839600000000001,11.2659
7.4307,11.2659
9.108600000000001,10.4904
9.108600000000001,10.4904
8.6715,10.4904
7.332,10.4481
7.332,10.4481
7.853700000000001,10.4481
7.853700000000001,10.6032
7.853700000000001,10.6032
7.6281,10.6032
7.6281,10.5891
7.6281,10.5891
6.9231,10.5891
8.234399999999999,9.8418
8.234399999999999,9.8418
7.867800000000001,9.884099999999998
8.375399999999999,9.884099999999998
8.375399999999999,9.884099999999998
6.6975,10.0815
7.0359,10.0815
7.0359,10.0815
7.3602,9.4893
7.3602,9.4893
7.3602,9.4893
7.0923,9.306000000000001
7.881900000000001,9.306000000000001
7.881900000000001,9.306000000000001
7.5294,8.741999999999999
8.1639,8.741999999999999
8.1639,8.741999999999999
6.9372,8.9112
6.9372,8.9112
6.9372,8.9112
6.6834,9.3483
7.191,9.3483
7.191,9.3483
6.9936,8.9535
6.9936,8.9535
6.9936,8.9535
6.7821,9.1227
6.7821,9.1227
6.7821,9.1227
6.5565,9.1227
8.036999999999999,9.7572
8.036999999999999,9.7572
7.769100000000001,9.7572
8.093399999999999,9.799499999999998
8.093399999999999,9.799499999999998
6.8103,9.799499999999998
6.8103,8.9958
6.8103,8.9958
6.5424,8.9958
6.5424,8.741999999999999
6.5424,8.741999999999999
6.2886,8.741999999999999
7.3884,8.544599999999999
5.9784,8.431799999999999
6.1053,8.431799999999999
6.1053,8.431799999999999
6.1053,8.431799999999999
6.204,8.431799999999999
6.204,8.431799999999999
6.204,8.149799999999999
5.922,8.149799999999999
6.3027,8.149799999999999
6.3027,7.5435
6.4296,7.5435
6.4296,7.5435
6.4296,7.5435
4.7799000000000005,7.5435
4.7799000000000005,7.5435
4.7799000000000005,7.5435
4.5543000000000005,7.5435
5.1747,7.5435
5.1747,7.5435
5.0901,7.5435
5.0901,7.5435
5.0901,7.5435
5.0337,7.5435
5.0337,7.5435
5.0337,7.5435
3.4545,7.642200000000001
3.4545,7.642200000000001
3.4545,7.642200000000001
3.1443,7.825500000000001
3.1443,7.825500000000001
3.1443,7.825500000000001
3.6801,6.8244
3.6801,6.8244
3.6801,6.8244
3.4263,6.6129
3.7083,6.6129
3.7083,6.6129
2.6226,6.6129
2.6226,6.6129
2.6226,5.9784
2.8341000000000003,5.9784
2.8341000000000003,5.9784
2.8341000000000003,4.6530000000000005
2.6367,4.6530000000000005
3.0315,4.6530000000000005
3.0315,4.2863999999999995
1.9880999999999998,4.2863999999999995
1.9880999999999998,4.2863999999999995
1.9880999999999998,4.3991999999999996
2.0303999999999998,4.3991999999999996
2.0303999999999998,4.3991999999999996
2.0303999999999998,5.076
1.8471,5.076
2.1008999999999998,5.076
2.1008999999999998,5.1324
1.2126,5.1324
1.2126,5.1324
2.2137,5.0901
1.2972,5.0901
1.2972,5.0901
2.3829000000000002,5.781
1.3959000000000001,5.781
1.3959000000000001,5.781
1.3959000000000001,5.7951
1.5651,5.7951
1.5651,5.7951
1.5651,4.9068
1.692,4.9068
1.692,4.9068
0.6345,4.3145999999999995
0.6909,4.3145999999999995
0.6909,4.3145999999999995
1.833,4.1594999999999995
1.7484,4.1594999999999995
0.9165,4.1594999999999995
0.9165,3.8352000000000004
1.0715999999999999,3.8352000000000004
1.0715999999999999,3.8352000000000004
1.0715999999999999,3.0597
1.0292999999999999,3.0597
1.269,2.679
1.269,2.679
1.1562000000000001,2.679
0.3807,2.7777
0.3807,2.7777
0.564,2.7777
0.564,2.8905
0.564,2.8905
0.6909,2.8905
0.6909,2.6226
0.6909,2.6226
0.6345,2.6226
0.846,2.6226
0.846,2.6226
-0.0987,2.6226
1.0715999999999999,3.0033
1.0715999999999999,3.0033
-0.0141,3.0033
-0.0141,3.4686
-0.0141,3.4686
-0.0705,3.4686
0.0705,3.0174
0.0705,3.0174
0.1692,3.0174
0.1692,2.9046
0.1692,2.9046
0.3102,2.9046
0.3102,2.9046
0.3102,2.9046
0.29610000000000003,2.9046
0.49350000000000005,2.9046
0.49350000000000005,2.9046
-0.5498999999999999,2.9046
-0.5498999999999999,2.9046
-0.5498999999999999,2.2419
-0.423,2.2419
-0.423,2.2419
-0.423,1.3254
-0.4653,1.2972
-0.282,1.2972
-0.282,1.2972
-1.1562000000000001,1.3677
-1.1562000000000001,1.3677
-1.1562000000000001,1.3677
-0.25379999999999997,1.4523
-0.25379999999999997,1.4523
-0.25379999999999997,1.4523
-0.2115,1.2972
-1.0574999999999999,1.2972
-1.0574999999999999,1.2972
-1.0292999999999999,0.9024
-1.0292999999999999,0.9024
-1.0292999999999999,0.9024
-0.9024,1.0715999999999999
-0.9024,1.0715999999999999
-0.9024,1.0715999999999999
-0.9306,1.3818
-0.8883,1.3818
-0.8883,1.3818
-0.846,1.3818
-1.7907,1.2408
-1.7907,1.2408
-1.8048,1.2408
-1.8048,1.1421000000000001
-1.8048,1.1421000000000001
-1.7202,1.1421000000000001
-2.4252,0.9306
-2.4252,0.9306
-2.4534,0.9306
-2.4534,0.9306
-2.4534,0.9306
-2.4111000000000002,0.9306
-2.4111000000000002,0.7332
-2.3688000000000002,0.7332
-2.3547000000000002,0.7332
-2.3547000000000002,0.0987
-2.3547000000000002,0.0987
-2.2278,0.0987
-2.8905,-0.282
-2.2278,-0.5357999999999999
-2.8200000000000003,-0.5357999999999999
-2.8200000000000003,-0.5357999999999999
-2.8200000000000003,-0.8601
-2.7354,-0.8601
-2.7354,-0.8601
-2.7354,-0.8601
-3.243,-1.0433999999999999
-3.243,-1.0433999999999999
-3.243,-1.0433999999999999
-3.1443,-1.1703000000000001
-3.1443,-1.1703000000000001
-3.1443,-1.1703000000000001
-3.102,-1.1703000000000001
-3.102,-1.1703000000000001
-3.102,-1.1703000000000001
-3.102,-0.7896
-3.102,-0.7896
-3.102,-0.7896
-3.5673,-0.6909
-3.5673,-0.6909
-3.5673,-0.6909
-3.525,-0.6345
-3.525,-0.6345
-3.525,-0.6345
-3.5532,-0.7332
-3.5532,-0.7332
-3.5532,-0.7332
-3.5532,-0.9165
-3.5532,-0.9165
-3.5532,-0.9165
-4.0466999999999995,-1.128
-4.0466999999999995,-1.128
-4.0466999999999995,-1.128
-4.0325999999999995,-1.6356
-4.0325999999999995,-1.6356
-4.0325999999999995,-1.6356
-4.1171999999999995,-2.0444999999999998
-4.1171999999999995,-2.0444999999999998
-4.1171999999999995,-2.1995999999999998
-3.9902999999999995,-2.1995999999999998
-4.1594999999999995,-2.1995999999999998
-4.1594999999999995,-2.3265000000000002
-4.5825000000000005,-2.3265000000000002
-4.5825000000000005,-2.3265000000000002
-4.5825000000000005,-2.3265000000000002
-4.4838,-2.3265000000000002
-4.4838,-2.3265000000000002
-4.4838,-2.5521
-4.7235000000000005,-2.5521
-4.7235000000000005,-2.5521
-4.7235000000000005,-2.7072
-4.8363000000000005,-2.7072
-4.8363000000000005,-2.7072
-4.8363000000000005,-2.7072
-5.076,-2.7072
-5.076,-2.7072
-5.076,-2.3688000000000002
-5.1465,-2.3688000000000002
-5.1465,-2.3688000000000002
-5.1465,-2.3688000000000002
-5.2734,-2.3688000000000002
-5.2734,-2.3688000000000002
-5.2734,-2.6367
-5.2029,-2.6367
-5.2029,-2.6367
-5.2029,-2.7072
-5.0901,-2.7072
-5.682300000000001,-2.7072
-5.682300000000001,-2.9046
-5.597700000000001,-2.9046
-5.7528,-2.9046
-5.7528,-3.3417
-5.640000000000001,-3.3417
-5.640000000000001,-3.3417
-5.640000000000001,-3.8634000000000004
-5.5131,-3.8634000000000004
-5.922,-3.8634000000000004
-5.922,-4.0043999999999995
-5.8233,-4.0043999999999995
-5.8938,-4.0184999999999995
-5.8938,-4.0184999999999995
-5.8515,-4.0184999999999995
-5.8515,-4.0889999999999995
-5.8515,-4.0889999999999995
-5.668200000000001,-4.0889999999999995
-5.8374,-4.4274
-5.8374,-4.4274
-5.696400000000001,-4.4274
-5.8515,-4.5261
-5.8515,-4.5261
-5.8233,-4.5261
-5.724600000000001,-4.3991999999999996
-5.724600000000001,-4.3991999999999996
-5.710500000000001,-4.3991999999999996
-5.710500000000001,-4.1735999999999995
-5.710500000000001,-4.1735999999999995
-5.499,-4.1735999999999995
-5.696400000000001,-4.1876999999999995
-5.696400000000001,-4.1876999999999995
-5.696400000000001,-4.1876999999999995
-5.597700000000001,-4.1453999999999995
-5.597700000000001,-4.1453999999999995
-5.4285,-4.1453999999999995
-5.5554,-3.9902999999999995
-5.5554,-3.9902999999999995
-5.4144,-3.9902999999999995
-5.4567,-3.9902999999999995
-5.4567,-3.9902999999999995
-5.1888,-3.9902999999999995
-5.1888,-3.9902999999999995
-5.3439,-3.9902999999999995
-5.076,-3.9902999999999995
-5.076,-3.9902999999999995
-5.076,-4.1594999999999995
-4.8504,-4.1594999999999995
-5.0055,-4.1594999999999995
-5.0055,-4.3991999999999996
-4.9068,-4.4979
-4.9068,-4.4979
-4.9068,-4.4979
-4.6671000000000005,-4.5684000000000005
-4.6671000000000005,-4.5684000000000005
-4.6671000000000005,-4.5684000000000005
-4.3568999999999996,-4.5543000000000005
-4.4979,-4.5543000000000005
-4.4979,-4.5543000000000005
-4.4556,-4.5684000000000005
-4.4556,-4.5684000000000005
-4.4556,-4.5684000000000005
-4.2581999999999995,-4.5684000000000005
-4.2581999999999995,-4.5684000000000005
-4.2581999999999995,-4.5684000000000005
-4.0325999999999995,-4.5684000000000005
-4.1876999999999995,-4.1735999999999995
-4.1876999999999995,-4.1735999999999995
-4.0607999999999995,-4.1735999999999995
-4.0607999999999995,-3.8352000000000004
-4.0607999999999995,-3.8352000000000004
-3.9761999999999995,-3.8352000000000004
-3.9761999999999995,-3.7083
-3.9761999999999995,-3.7083
-3.7788,-3.7083
-3.8916000000000004,-3.5814
-3.8916000000000004,-3.5814
-3.9057000000000004,-3.5814
-3.9057000000000004,-3.4686
-3.9057000000000004,-3.4686
-3.8211000000000004,-3.4686
-3.5955,-3.4545
-3.5955,-3.4545
-3.5814,-3.4545
-3.5814,-3.4686
-3.5814,-3.4686
-3.4122,-3.4686
-3.4122,-3.7788
-3.4122,-3.7788
-3.4545,-3.7788
-3.6378,-3.8634000000000004
-3.6378,-3.8634000000000004
-3.2712,-3.9057000000000004
-3.4263,-3.9057000000000004
-3.4263,-3.9057000000000004
-3.4263,-3.9621000000000004
-3.4263,-3.9621000000000004
-3.4263,-3.9621000000000004
-3.243,-3.9621000000000004
-3.243,-3.9621000000000004
-3.243,-3.9621000000000004
-3.1866,-3.9621000000000004
-3.1866,-3.9621000000000004
-3.1866,-3.9621000000000004
-3.2148,-3.5814
-3.2148,-3.5814
-3.2148,-3.5814
-2.961,-3.2994
-2.961,-3.2994
-2.961,-3.2994
-2.8905,-3.1725
-2.8905,-3.1725
-2.8905,-3.1725
-2.8341000000000003,-3.0879
-2.8341000000000003,-3.0879
-2.8341000000000003,-3.0879
-2.8482000000000003,-2.9892
-2.8482000000000003,-2.9892
-2.8482000000000003,-2.9892
-2.7213,-2.9469
-2.8059000000000003,-2.9469
-2.8059000000000003,-2.9469
-2.7072,-2.9892
-2.7072,-2.9892
-2.7072,-2.9892
-2.5662,-3.2007
-2.5662,-3.2007
-2.5662,-3.2007
-2.4393,-3.2007
-2.4393,-3.2007
-2.4393,-3.2148
-2.1995999999999998,-3.2148
-2.1995999999999998,-3.2148
-2.1995999999999998,-3.2994
-2.1149999999999998,-3.2994
-2.1149999999999998,-3.2994
-2.1149999999999998,-3.3135
-1.9599000000000002,-3.3135
-1.9317000000000002,-3.3135
-1.9317000000000002,-3.3135
-1.7625,-3.3135
-1.8189,-3.3135
-1.8189,-3.243
-1.7202,-3.243
-1.7202,-3.243
-1.7202,-2.7354
-1.5933,-2.7354
-1.6638,-2.7354
-1.6638,-2.538
-1.5228,-2.538
-1.4664,-2.538
-1.4664,-2.3265000000000002
-1.3395,-2.3265000000000002
-1.3395,-2.3265000000000002
-1.3395,-2.1431999999999998
-1.2549,-2.1431999999999998
-1.3113,-2.1431999999999998
-1.3113,-1.9176000000000002
-1.1703000000000001,-1.9176000000000002
-1.1421000000000001,-1.9176000000000002
-1.1421000000000001,-1.8189
-0.9870000000000001,-1.8189
-0.9870000000000001,-1.8189
-0.9870000000000001,-1.8189
-0.846,-1.8189
-0.846,-1.8189
-0.846,-1.8189
-0.7614,-1.9458000000000002
-0.7191,-1.9458000000000002
-0.7191,-1.9458000000000002
-0.6063,-2.0444999999999998
-0.6063,-2.0444999999999998
-0.6063,-2.0444999999999998
-0.5075999999999999,-2.0444999999999998
-0.5075999999999999,-2.0444999999999998
-0.5075999999999999,-2.0444999999999998
-0.3807,-2.0444999999999998
-0.3807,-2.0444999999999998
-0.3807,-2.0444999999999998
-0.12689999999999999,-2.0444999999999998
-0.12689999999999999,-2.0444999999999998
-0.12689999999999999,-2.0444999999999998
-0.0564,-2.0444999999999998
0.0564,-1.9176000000000002
0.0564,-1.9176000000000002
0.141,-1.9176000000000002
0.0564,-1.3254
0.0564,-1.3254
0.2256,-1.3254
0.2256,-1.1703000000000001
0.2256,-1.1703000000000001
0.3102,-1.1703000000000001
0.3102,-1.1703000000000001
0.3102,-1.0433999999999999
0.35250000000000004,-1.0433999999999999
0.35250000000000004,-1.0433999999999999
0.35250000000000004,-0.7332
0.4371,-0.7332
0.4371,-0.7332
0.4371,-0.5357999999999999
0.3384,-0.5357999999999999
0.3384,-0.5357999999999999
0.3384,-0.47940000000000005
0.3807,-0.47940000000000005
0.5216999999999999,-0.47940000000000005
0.5216999999999999,-0.564
0.7614,-0.564
0.7614,-0.564
0.7614,-0.6345
0.9447,-0.7191
0.9447,-0.7191
0.9447,-0.7191
1.0010999999999999,-0.7896
0.7614,-0.7896
0.7614,-0.7896
0.9729000000000001,-0.8178
0.9729000000000001,-0.8178
0.9729000000000001,-0.8178
1.2549,-0.8178
1.2549,-0.8178
1.2549,-0.8178
1.2972,-0.8178
1.3959000000000001,-0.8178
1.3959000000000001,-0.8178
1.4100000000000001,-0.8178
1.4100000000000001,-0.282
1.4100000000000001,-0.282
1.6356,-0.282
1.6356,0.0
1.6356,0.0
1.6356,0.0
1.8612,0.141
1.8612,0.141
1.5933,0.141
1.5933,0.3807
1.5933,0.3807
1.7766,0.3807
1.7766,0.6768
1.7766,0.6768
1.8048,0.6768
1.9740000000000002,0.7332
1.9740000000000002,0.7332
2.1854999999999998,0.7332
1.6638,0.7332
1.6638,0.7332
1.8894,0.7332
1.8894,0.6627
1.8894,0.6627
1.8894,0.6627
2.0726999999999998,0.6486
2.0726999999999998,0.6486
2.3406000000000002,0.423
2.3406000000000002,0.423
2.3406000000000002,0.423
1.9599000000000002,0.3948
1.9599000000000002,0.3948
1.9599000000000002,0.3948
1.9599000000000002,0.423
2.1713999999999998,0.423
2.1713999999999998,0.423
2.1854999999999998,0.6909
2.1854999999999998,0.6909
2.1854999999999998,0.6909
2.6649,0.7050000000000001
2.6649,0.7050000000000001
2.6649,0.7050000000000001
2.0726999999999998,0.9588000000000001
2.2983000000000002,0.9588000000000001
2.2983000000000002,0.9588000000000001
2.5239,1.2972
2.5239,1.2972
2.5239,1.2972
2.7918000000000003,1.2972
2.7918000000000003,1.2972
2.7918000000000003,1.2972
2.1008999999999998,1.2972
2.2983000000000002,1.2972
2.2983000000000002,1.2972
2.256,1.4523
2.256,1.4523
2.256,1.4523
2.7777,1.7061
2.7777,1.7061
2.7777,1.7061
2.1854999999999998,1.5228
2.1854999999999998,1.5228
2.1854999999999998,1.5228
2.1290999999999998,1.4805
2.4393,1.4805
2.4393,1.5087
2.6649,1.5087
2.6649,1.5087
2.6649,1.4946
2.961,1.4946
2.961,1.4946
2.4816,1.4946
2.4534,1.4946
2.7354,1.4946
2.7354,1.3959000000000001
3.0033,1.3959000000000001
3.0033,1.3959000000000001
3.0033,1.3959000000000001
2.9892,1.3959000000000001
3.3276,1.3959000000000001
3.3276,1.3959000000000001
3.2712,1.3959000000000001
2.7354,1.3959000000000001
2.7354,1.5792
3.0033,1.5792
3.0033,1.5792
3.0033,2.0303999999999998
2.8905,2.0303999999999998
3.2289,2.0303999999999998
3.2289,2.0303999999999998
3.1584,2.0303999999999998
2.6931,2.0303999999999998
2.6931,2.2842000000000002
2.8482000000000003,2.2842000000000002
2.8482000000000003,2.2842000000000002
2.8482000000000003,2.6508
3.0315,2.6508
3.0315,2.6508
3.0315,2.6508
2.9328,2.7354
3.3135,2.7354
3.3135,2.7354
3.1302,2.6226
3.1302,2.6226
3.1302,2.6226
3.3558,2.2842000000000002
3.3558,2.2419
3.3558,2.2419
3.2994,2.2419
3.6237,2.0585999999999998
3.6237,2.0585999999999998
3.525,2.0585999999999998
3.8634000000000004,1.9599000000000002
3.8634000000000004,1.9599000000000002
3.8493000000000004,1.9599000000000002
3.8493000000000004,1.9317000000000002
3.8493000000000004,1.9317000000000002
3.807,1.9317000000000002
4.1594999999999995,1.9317000000000002
4.1594999999999995,1.9317000000000002
4.4415,1.9317000000000002
4.4415,1.9317000000000002
4.4415,1.9880999999999998
4.4979,1.9880999999999998
4.4979,1.9880999999999998
4.4979,2.7213
4.4274,2.7213
4.7658000000000005,2.7213
4.7658000000000005,3.1866
5.1042,3.1866
5.1042,3.1866
5.1042,3.4263
5.1888,3.4263
5.1888,3.4263
5.1888,3.6942
5.0478,3.6942
5.0478,3.6942
5.3439,4.0325999999999995
5.668200000000001,4.0325999999999995
5.668200000000001,4.0325999999999995
5.668200000000001,4.1594999999999995
5.5272,4.1594999999999995
5.9925,4.1594999999999995
5.9925,4.0043999999999995
5.8233,3.8493000000000004
6.3309,3.8493000000000004
6.3309,3.8493000000000004
6.4578,3.8493000000000004
6.4578,3.8493000000000004
6.4578,3.8493000000000004
6.4014,3.8493000000000004
6.8103,3.8493000000000004
6.8103,3.8493000000000004
6.6552,3.8493000000000004
6.6975,3.8634000000000004
6.6975,3.8634000000000004
6.9795,3.8634000000000004
6.9795,4.2299999999999995
6.9795,4.2299999999999995
7.3884,4.2299999999999995
7.3884,4.7658000000000005
7.3884,4.7658000000000005
7.1628,4.7658000000000005
7.6281,5.1324
7.6281,5.1324
8.121599999999999,5.1324
7.473,5.5695
7.473,5.5695
7.740900000000001,5.5695
7.740900000000001,5.7669
7.740900000000001,5.7669
7.5294,5.7669
8.036999999999999,5.8515
8.036999999999999,5.8515
8.4177,5.8515
8.4177,5.9361
8.4177,5.9361
8.8266,5.9361
8.8266,6.0066
8.8266,6.0066
8.600999999999999,6.0066
9.249600000000001,6.0207
9.249600000000001,6.0207
9.0381,6.0207
8.3049,5.9361
8.3049,5.9361
9.2919,5.922
9.2919,5.922
9.2919,5.922
9.024,6.2604
9.714899999999998,6.2604
9.714899999999998,6.2604
9.4611,6.768
9.4611,6.768
9.4611,6.768
9.588000000000001,6.9231
9.588000000000001,6.9231
9.588000000000001,6.9231
9.3201,7.1769
9.968699999999998,7.1769
9.968699999999998,7.1769
9.6585,7.740900000000001
10.2084,7.740900000000001
10.2084,7.740900000000001
10.5186,7.853700000000001
10.5186,7.853700000000001
10.5186,7.853700000000001
10.1943,7.867800000000001
10.8852,7.867800000000001
10.8852,7.867800000000001
10.5468,7.839600000000001
10.5468,7.839600000000001
10.5468,7.839600000000001
10.5891,7.825500000000001
10.5891,7.825500000000001
10.5891,7.825500000000001
10.8993,7.980599999999999
10.8993,7.980599999999999
10.8993,7.980599999999999
10.5327,8.206199999999999
11.2941,8.206199999999999
11.2941,8.206199999999999
10.857,8.544599999999999
10.857,8.544599999999999
10.857,8.7843
10.5468,8.7843
10.5468,8.7843
10.5468,8.8125
10.1802,8.8125
11.688899999999999,8.8125
11.688899999999999,8.9253
11.0967,8.9253
11.0967,8.9253
11.0967,9.1227
11.4351,9.1227
11.4351,9.1227
11.4351,9.390600000000001
11.0685,9.390600000000001
11.858099999999999,9.390600000000001
10.716,9.362400000000001
11.0685,9.362400000000001
11.0685,9.362400000000001
11.0685,8.6997
10.716,8.6997
11.463299999999998,8.6997
11.463299999999998,8.8125
11.0826,8.8125
11.829899999999999,8.8125
11.829899999999999,8.8125
11.0262,9.277800000000001
11.0262,9.277800000000001
11.0262,9.277800000000001
11.886299999999999,9.362400000000001
11.421000000000001,9.362400000000001
11.421000000000001,9.362400000000001
11.0544,9.3765
11.801699999999999,9.3765
11.801699999999999,9.3765
11.449200000000001,9.3765
11.449200000000001,9.3765
11.449200000000001,9.3765
11.0967,9.531600000000001
11.195400000000001,9.531600000000001
11.195400000000001,9.531600000000001
10.857,9.87
11.547899999999998,10.011
11.547899999999998,10.011
12.0132,10.011
12.0132,10.3494
12.0132,10.3494
12.4785,10.3494
12.4785,10.3635
12.4785,10.3635
12.1683,10.3635
12.9297,10.3635
12.9297,10.4763
13.437299999999999,10.4763
13.437299999999999,10.4763
11.801699999999999,10.4763
12.2106,10.4763
12.2106,10.4763
12.2106,10.4199
11.886299999999999,10.4199
12.6759,10.4199
12.6759,10.2789
13.1694,10.2789
13.1694,10.2789
13.1694,10.3635
12.8451,10.3635
13.606499999999999,10.3635
13.606499999999999,11.0544
13.2822,11.0544
13.2822,11.0544
13.2822,11.0685
12.5772,11.0685
12.5772,11.0685
14.452499999999999,10.8147
12.9297,10.8147
12.9297,10.8147
12.9297,11.0967
12.6054,11.0967
13.1835,11.0967
13.1835,11.717099999999999
12.8169,11.717099999999999
12.8169,11.999099999999999
12.8169,11.999099999999999
11.7876,11.999099999999999
11.7876,11.999099999999999
11.7876,11.999099999999999
11.970899999999999,11.999099999999999
11.970899999999999,11.886299999999999
11.970899999999999,11.886299999999999
12.1119,11.886299999999999
12.1119,11.6748
12.1119,11.6748
12.267,11.6748
12.267,11.914499999999999
12.267,11.914499999999999
11.9004,11.914499999999999
12.4644,11.858099999999999
12.4644,11.858099999999999
10.9416,11.858099999999999
12.6477,10.857
12.6477,10.857
10.998,10.857
10.998,10.5327
10.998,10.5327
10.6314,10.5327
11.1813,10.5327
11.1813,10.5327
11.308200000000001,10.5327
11.308200000000001,10.8147
11.308200000000001,10.8147
11.4069,10.8147
11.4069,10.998
11.4069,10.998
10.998,10.998
9.9264,11.576099999999999
9.9264,11.576099999999999
9.4611,11.576099999999999
9.968699999999998,11.801699999999999
9.968699999999998,11.801699999999999
9.9969,11.801699999999999
9.9969,11.2941
9.9969,11.2941
9.5175,11.2659
10.0815,11.2659
10.0815,11.2659
9.616200000000001,11.195400000000001
10.1943,11.195400000000001
10.1943,11.195400000000001
8.7843,11.0403
8.7843,11.0403
8.7843,11.0403
8.403599999999999,9.87
8.883,9.87
8.883,9.87
8.5305,9.0804
9.136800000000001,9.0804
9.136800000000001,9.0804
8.7843,9.0663
8.7843,9.0663
8.7843,9.0663
8.4459,9.0663
8.177999999999999,9.0663
8.177999999999999,9.0663
7.811400000000001,8.9394
8.3895,8.9394
8.3895,8.9394
8.5869,8.741999999999999
8.5869,8.741999999999999
8.5869,8.741999999999999
8.234399999999999,9.6867
8.8548,9.6867
8.8548,9.6867
8.5023,9.6867
9.2073,10.0533
9.2073,10.0533
9.4893,10.0533
8.1075,9.968699999999998
8.1075,9.968699999999998
7.783200000000001,9.968699999999998
9.9546,9.6021
8.431799999999999,9.6021
8.1357,9.6021
8.7279,9.6021
8.7279,9.644400000000001
9.0099,9.644400000000001
9.0099,9.644400000000001
9.0099,9.4047
7.867800000000001,9.4047
7.867800000000001,9.4047
9.418800000000001,9.2073
9.1509,9.2073
8.1075,9.2073
8.1075,8.8971
8.4177,8.8971
8.4177,8.8971
8.4177,8.2767
8.7561,8.2767
8.7561,8.2767
8.7561,8.2767
8.488199999999999,8.629199999999999
7.4166,8.629199999999999
7.4166,8.629199999999999
7.656300000000001,8.8689
7.656300000000001,8.8689
7.656300000000001,8.8689
7.3884,8.8689
7.853700000000001,8.8689
7.853700000000001,8.8689
7.5435,9.249600000000001
8.036999999999999,9.249600000000001
8.036999999999999,9.249600000000001
8.206199999999999,9.531600000000001
8.206199999999999,9.531600000000001
8.206199999999999,9.531600000000001
6.7116,9.7572
6.7116,9.7572
6.7116,9.7572
6.9372,9.306000000000001
6.9372,9.306000000000001
6.9372,9.306000000000001
6.6834,8.459999999999999
6.6834,8.206199999999999
6.6834,8.206199999999999
6.4578,8.206199999999999
6.4578,8.206199999999999
6.4578,8.121599999999999
6.2322,8.121599999999999
7.332,8.121599999999999
7.332,8.1075
6.0348,8.1075
6.0348,8.1075
7.614,7.642200000000001
7.670400000000001,7.642200000000001
7.670400000000001,7.642200000000001
6.0348,6.8385
5.8233,6.8385
6.1476,6.8385
6.1476,7.2051
6.204,7.2051
6.204,7.2051
6.204,7.4871
6.4014,7.4871
6.4014,7.4871
6.4014,7.726800000000001
6.486,7.726800000000001
6.486,7.726800000000001
6.486,8.290799999999999
5.0055,8.290799999999999
5.0055,8.290799999999999
5.0055,8.431799999999999
4.9773,8.431799999999999
4.9773,8.431799999999999
4.9773,7.938299999999999
5.0478,7.938299999999999
5.0478,7.938299999999999
5.0478,7.614
5.1183,7.614
5.1183,7.614
5.1183,7.4589
5.2311,7.4589
5.2311,6.9936
5.2311,6.9936
5.0196,6.9936
4.0607999999999995,6.0207
4.0607999999999995,6.0207
4.1171999999999995,6.0207
4.1171999999999995,5.2311
4.1171999999999995,5.2311
4.3286999999999995,5.2311
4.3286999999999995,5.2029
4.3286999999999995,5.2029
4.4274,5.2029
4.4274,5.3862
4.4274,5.3862
4.2440999999999995,5.3862
4.5261,5.8797
4.5261,5.8797
3.4827,5.8797
4.6812000000000005,6.0066
4.6812000000000005,6.0066
4.4415,6.0066
3.5673,6.1758
3.5673,6.1758
3.3135,6.1758
3.6942,6.486
3.6942,6.486
3.7506,6.486
3.7506,6.5142
3.7506,6.5142
3.5109,6.5142
3.8493000000000004,6.486
3.8493000000000004,6.486
3.7083,6.486
2.8905,6.0348
2.8905,6.0348
3.0315,6.0348
3.0315,5.4567
3.0315,5.4567
2.8623000000000003,5.4567
3.102,5.4567
3.102,4.6953000000000005
2.9187,4.3850999999999996
3.2571,4.3850999999999996
3.2571,4.3850999999999996
3.1161,4.2722999999999995
3.1161,4.2722999999999995
3.1161,4.2722999999999995
2.8905,4.1312999999999995
2.7636,4.1312999999999995
2.7636,4.1312999999999995
2.6085,3.9761999999999995
2.8764,3.9761999999999995
2.8764,3.9761999999999995
3.1161,3.8634000000000004
3.1161,3.8634000000000004
3.1161,3.8634000000000004
3.3417,4.2299999999999995
3.3417,4.2299999999999995
3.3417,4.2299999999999995
3.1866,4.8504
2.5521,4.8504
2.5521,4.8504
2.679,4.8504
2.679,4.8504
2.679,4.8504
2.4816,4.8504
2.679,4.8504
2.679,4.8504
2.5098,4.8504
2.7495,4.8363000000000005
2.7495,4.8363000000000005
2.1290999999999998,4.8363000000000005
2.1290999999999998,4.8363000000000005
2.1290999999999998,4.8363000000000005
2.2278,4.8363000000000005
2.2278,4.4133
2.2278,4.4133
2.1431999999999998,4.4133
2.3829000000000002,3.6237
2.3829000000000002,3.4968
2.2419,3.4968
2.2419,3.4968
2.2419,3.4686
2.1008999999999998,3.4686
2.1008999999999998,3.4686
2.1008999999999998,3.0033
2.0162999999999998,3.0033
1.9458000000000002,3.0033
1.9458000000000002,3.0033
2.1008999999999998,2.7777
2.1008999999999998,2.7777
2.1008999999999998,2.7777
2.2983000000000002,2.7495
2.2983000000000002,2.7495
2.2983000000000002,2.7495
2.1854999999999998,2.9046
2.4534,2.9046
2.4534,2.9046
1.6215,3.4545
1.6215,3.4545
1.6215,3.4545
1.7343,3.4968
1.7343,3.4968
1.7343,3.4968
1.551,3.7224
1.551,3.7224
1.551,3.7224
2.0021999999999998,3.9057000000000004
2.0021999999999998,3.9057000000000004
2.0021999999999998,3.9057000000000004
2.1713999999999998,3.9480000000000004
2.1713999999999998,3.9480000000000004
2.1713999999999998,3.9480000000000004
2.0303999999999998,3.5673
1.1844000000000001,3.5673
1.1844000000000001,3.5673
1.0856999999999999,2.8623000000000003
1.0856999999999999,2.8623000000000003
1.0856999999999999,2.8623000000000003
1.4241000000000001,2.6226
1.4241000000000001,2.6226
1.4241000000000001,2.3970000000000002
1.3254,2.3970000000000002
1.5369,2.3970000000000002
1.5369,2.3406000000000002
0.8883,2.3406000000000002
0.8883,2.3406000000000002
0.8883,2.3406000000000002
1.0856999999999999,2.3406000000000002
1.0856999999999999,2.3406000000000002
1.0856999999999999,2.1149999999999998
0.9729000000000001,2.1149999999999998
1.2126,2.1149999999999998
1.2126,1.8753
1.1139,1.8753
1.1139,1.8753
1.1139,2.0867999999999998
1.0574999999999999,2.0867999999999998
1.0574999999999999,2.0867999999999998
1.0574999999999999,2.6508
1.0151999999999999,2.6508
0.6627,2.6508
0.6627,2.679
0.564,2.679
0.564,2.679
0.564,2.4252
0.7896,2.4252
0.7896,2.4252
0.7896,2.3970000000000002
0.5922000000000001,2.3970000000000002
0.4371,2.3970000000000002
0.7755,2.4393
0.6768,2.4393
0.9165,2.4393
0.5216999999999999,2.3688000000000002
0.6909,2.3688000000000002
0.6909,2.3688000000000002
0.6909,1.6356
0.6486,1.6356
0.8601,1.3536
0.8601,1.3536
0.7614,1.3536
0.9870000000000001,1.3536
0.9870000000000001,1.3536
1.1139,1.3536
1.1139,1.269
1.1139,1.269
1.1844000000000001,1.269
0.7191,1.1703000000000001
0.7191,1.1703000000000001
0.5498999999999999,1.1703000000000001
0.5498999999999999,1.1844000000000001
0.5498999999999999,1.1844000000000001
0.5216999999999999,1.1844000000000001
0.5216999999999999,1.269
0.5216999999999999,1.269
0.7050000000000001,1.269
1.0997999999999999,2.0585999999999998
1.0997999999999999,2.0585999999999998
1.0010999999999999,2.0585999999999998
0.8037,2.2137
0.8037,2.2137
1.0292999999999999,2.2137
1.0292999999999999,2.1995999999999998
1.0292999999999999,2.1995999999999998
0.8742,2.1995999999999998
1.0433999999999999,2.1431999999999998
1.0433999999999999,2.1431999999999998
1.0856999999999999,2.1431999999999998
1.128,1.7625
1.128,1.7625
1.1985000000000001,1.7625
1.1985000000000001,1.7625
1.1985000000000001,1.5933
1.3818,1.5933
1.3818,1.5933
1.3818,1.2972
1.2831,1.2972
1.2831,1.2972
1.2831,1.0433999999999999
1.7766,1.0433999999999999
1.7766,1.0433999999999999
1.7766,1.0433999999999999
1.9880999999999998,1.0433999999999999
1.9880999999999998,1.0433999999999999
1.9880999999999998,1.0433999999999999
1.8612,1.1421000000000001
1.8612,1.1421000000000001
1.8612,1.1421000000000001
2.2278,1.6497
2.2278,1.6497
2.2278,1.6497
2.0444999999999998,1.8048
2.2842000000000002,1.8048
2.2842000000000002,1.8048
2.2983000000000002,2.2701
2.6085,2.2701
2.6085,2.2701
2.679,2.2701
2.679,2.5944
2.679,2.5944
2.9187,2.5944
2.9187,2.7354
2.9187,2.7354
2.8200000000000003,2.7354
2.8200000000000003,2.7354
2.8200000000000003,2.7354
3.3417,2.7354
3.3417,2.7213
3.3417,2.7213
3.5955,2.7213
3.5955,2.4957
3.5955,2.4957
3.5109,2.4957
3.8493000000000004,2.2983000000000002
3.8493000000000004,2.2983000000000002
4.1735999999999995,2.2983000000000002
4.1735999999999995,2.2137
4.1735999999999995,2.2419
4.5402,2.2419
4.5402,2.2419
4.5402,2.2419
4.4838,2.2419
4.9491,2.2419
4.9491,2.2419
5.0478,2.6508
5.0478,2.6508
5.0478,2.6508
4.8363000000000005,3.0315
5.1324,3.0315
5.1324,3.0315
5.076,3.4545
5.499,3.4545
5.499,3.4545
5.9361,4.0748999999999995
5.9361,4.0748999999999995
5.9361,4.0748999999999995
6.063,4.3568999999999996
6.063,4.3568999999999996
6.063,4.3568999999999996
5.8656,4.5684000000000005
6.1335,4.5684000000000005
6.1335,4.5684000000000005
6.2604,4.5966000000000005
6.2604,4.5966000000000005
6.2604,4.5966000000000005
6.5565,4.5402
6.5565,4.5402
6.5565,4.5402
6.486,4.4133
6.9936,4.4133
6.9936,4.4133
7.5294,4.4415
7.5294,4.4415
7.5294,4.4415
7.2756,4.4415
7.896000000000001,4.4415
7.896000000000001,4.4415
7.712700000000001,4.512
8.1921,4.512
8.1921,4.9068
8.149799999999999,4.9068
8.149799999999999,4.9068
8.149799999999999,5.1747
8.600999999999999,5.1747
8.600999999999999,5.1747
8.600999999999999,5.4849
8.3895,5.4849
8.9958,5.4849
8.9958,6.1335
9.277800000000001,6.1335
9.277800000000001,6.1335
9.277800000000001,6.6411
8.9958,6.6411
8.9958,6.6411
8.9958,6.909
10.3635,6.909
10.3635,6.909
10.3635,6.9231
10.0251,6.9231
10.0251,6.9231
10.0251,7.0218
10.6032,7.0218
10.6032,7.0218
10.6032,7.1769
10.2366,7.1769
10.9698,7.1769
10.9698,7.1769
10.716,7.1769
11.4774,7.1769
11.4774,7.4871
12.027299999999999,7.4871
12.027299999999999,7.4871
12.027299999999999,8.0229
11.6184,8.0229
12.5772,8.0229
12.5772,8.177999999999999
12.2952,8.177999999999999
13.0707,8.4177
13.0707,8.4177
12.0555,8.4177
12.0555,8.5869
12.0555,8.5869
12.549,8.5869
12.549,9.3765
12.549,9.3765
12.1824,9.3765
13.0002,9.771299999999998
13.0002,9.771299999999998
13.4514,9.771299999999998
13.4514,10.1379
13.4514,10.1379
13.0848,10.1379
14.057699999999999,10.5045
14.057699999999999,10.5045
13.7898,10.5045
14.706299999999999,10.6314
14.706299999999999,10.6314
13.4232,10.6314
15.1716,10.152
15.1716,10.152
13.818,10.152
13.818,10.0533
13.818,10.0533
13.578299999999999,10.0533
14.283299999999999,10.0533
14.283299999999999,10.0956
13.860299999999999,10.0956
13.860299999999999,10.0956
13.860299999999999,10.6314
13.4232,10.6314
13.4232,10.6314
13.4232,11.139
13.0707,11.139
13.4514,11.139
13.4514,11.942699999999999
13.677,11.942699999999999
13.677,11.942699999999999
13.677,12.3234
13.8462,12.1542
13.8462,12.1542
13.8462,12.1542
13.521899999999999,12.1542
14.057699999999999,12.1542
14.057699999999999,12.1542
14.255099999999999,11.999099999999999
14.255099999999999,11.999099999999999
14.255099999999999,11.999099999999999
13.8462,11.3787
13.8462,11.3787
13.8462,11.3787
13.409099999999999,11.3787
13.409099999999999,11.0967
13.409099999999999,11.0967
12.9156,11.0967
12.9156,10.9416
12.9156,10.9416
13.5078,10.9416
13.5078,10.9416
13.5078,10.9416
13.0566,10.9416
13.0566,11.195400000000001
13.0566,11.195400000000001
12.0132,11.195400000000001
12.0132,11.745299999999999
12.0132,11.745299999999999
11.5338,11.745299999999999
11.5338,11.914499999999999
11.5338,11.914499999999999
11.0685,11.914499999999999
12.2106,11.9568
12.2106,11.9568
12.5349,11.9568
12.5349,12.0132
12.5349,12.0132
12.7323,12.0132
10.998,12.1683
10.998,12.1683
10.5891,11.745299999999999
11.195400000000001,11.745299999999999
11.195400000000001,11.745299999999999
11.5338,10.6314
11.5338,10.6314
11.5338,10.6314
11.688899999999999,10.1238
11.688899999999999,10.1238
11.688899999999999,10.1238
11.251800000000001,10.1379
11.970899999999999,10.1379
11.970899999999999,10.1379
12.3516,10.9134
12.3516,10.9134
12.3516,10.9134
11.1108,10.6878
11.1108,10.6878
11.1108,10.6878
12.2106,10.3494
11.223600000000001,10.3494
11.223600000000001,10.3494
11.4351,11.421000000000001
11.4351,11.421000000000001
11.4351,11.421000000000001
11.858099999999999,11.703
11.858099999999999,11.703
11.858099999999999,11.703
11.392800000000001,11.717099999999999
12.0978,11.717099999999999
12.0978,11.717099999999999
11.660699999999999,11.745299999999999
12.4644,11.745299999999999
12.4644,11.745299999999999
12.831,11.660699999999999
12.831,11.660699999999999
12.831,11.660699999999999
10.716,11.7312
11.449200000000001,11.7312
11.449200000000001,11.7312
10.998,11.1108
11.632499999999999,11.1108
11.632499999999999,11.0967
11.9568,11.0967
11.9568,11.0967
11.9568,11.0967
12.267,11.0967
12.267,11.0967
10.434,11.223600000000001
10.0815,11.223600000000001
10.0815,11.223600000000001
11.886299999999999,11.745299999999999
10.8429,11.745299999999999
10.8429,11.745299999999999
10.8429,11.660699999999999
10.4622,11.660699999999999
11.1249,11.660699999999999
11.1249,11.195400000000001
10.7583,11.195400000000001
10.7583,11.195400000000001
10.7583,11.4774
11.6184,11.4774
11.6184,11.4774
11.6184,11.3787
12.0132,11.3787
12.0132,11.3787
12.0132,10.5327
11.5902,10.5327
11.5902,10.5327
11.5902,10.2084
11.167200000000001,10.2084
11.167200000000001,10.2084
11.167200000000001,10.1238
11.280000000000001,10.1238
11.280000000000001,10.1238
11.280000000000001,10.1238
10.9416,10.6596
11.6748,10.6596
11.6748,10.6596
11.970899999999999,11.223600000000001
10.434,11.688899999999999
10.434,11.688899999999999
10.6314,11.688899999999999
10.6314,11.844
10.6314,11.844
10.2366,11.844
10.8288,11.8722
10.8288,11.8722
11.2377,11.8722
11.2377,11.999099999999999
11.2377,11.999099999999999
10.8288,11.999099999999999
11.463299999999998,12.0978
11.463299999999998,12.0978
11.1108,12.0978
11.7594,11.5056
11.7594,11.5056
12.1683,11.5056
12.1683,10.3776
12.1683,10.3776
10.7724,10.3776
10.7724,10.3776
12.5067,10.2225
12.126,10.2225
11.0685,10.2225
12.9438,10.2225
11.280000000000001,10.2225
11.280000000000001,10.2225
11.280000000000001,10.2507
9.588000000000001,10.2507
9.588000000000001,10.2507
9.588000000000001,10.7724
9.1509,10.7724
9.7572,10.7724
9.7572,11.7594
9.362400000000001,11.7594
9.362400000000001,11.7594
9.362400000000001,12.6336
8.9817,12.6336
10.1097,12.6336
10.1097,13.1835
9.8136,13.1412
10.2648,13.1412
10.2648,13.1412
10.434,11.5902
10.434,11.5902
10.434,11.5902
10.7724,11.5902
10.7724,10.6314
10.7724,10.6314
10.6596,10.6314
11.280000000000001,9.8982
11.280000000000001,9.8982
11.5056,9.8982
11.5056,9.0663
11.5056,9.0663
12.0132,9.0663
12.0132,8.6433
12.0132,8.6433
11.5902,8.6433
12.2247,8.6997
12.2247,8.6997
10.9557,8.6997
10.9557,9.940499999999998
10.9557,9.940499999999998
10.6314,9.940499999999998
11.195400000000001,11.195400000000001
11.195400000000001,11.195400000000001
10.857,11.195400000000001
11.392800000000001,12.0414
11.392800000000001,12.0414
9.968699999999998,12.0414
9.968699999999998,12.9861
9.968699999999998,12.9861
10.011,12.9861
10.011,13.6488
10.011,13.6488
9.743099999999998,13.6488
10.1661,13.3668
10.1661,13.3668
9.9969,11.7594
9.9969,11.7594
9.9969,11.7594
9.672600000000001,11.0262
10.6173,11.0262
10.6173,11.0262
10.434,10.011
10.9134,10.011
10.9134,10.011
11.139,9.108600000000001
11.139,9.108600000000001
11.139,9.108600000000001
9.644400000000001,8.262599999999999
9.644400000000001,8.262599999999999
9.644400000000001,8.262599999999999
11.195400000000001,8.0511
11.8158,8.0511
11.8158,8.0511
9.644400000000001,9.0945
10.011,9.0945
10.011,9.0945
10.0251,9.9264
10.0251,9.9264
10.0251,9.9264
9.6303,11.3505
10.0392,11.3505
10.0392,11.3505
9.616200000000001,11.999099999999999
10.1379,11.999099999999999
10.1379,11.999099999999999
10.152,12.6336
10.152,12.6336
10.152,12.6336
8.8548,12.831
8.8548,12.831
8.8548,12.831
8.5587,11.604299999999999
8.9958,11.604299999999999
8.9958,11.604299999999999
8.5869,10.6878
8.5869,10.6878
8.5869,9.743099999999998
8.262599999999999,9.743099999999998
7.811400000000001,9.743099999999998
7.811400000000001,9.3201
7.5717,9.3201
7.5717,9.3201
7.5717,9.0522
7.966499999999999,9.0522
7.966499999999999,9.0522
7.966499999999999,8.1357
7.670400000000001,8.1357
6.8949,8.1357
6.8949,7.5294
6.5565,7.5294
6.9372,7.5294
8.1357,8.2203
7.0359,8.2203
7.0359,8.2203
7.0359,8.713799999999999
6.6693,8.713799999999999
7.0923,8.713799999999999
7.0923,8.770199999999999
6.768,8.770199999999999
7.1628,8.770199999999999
7.1628,9.1791
6.1335,9.1791
6.1335,9.1791
6.1335,9.1791
6.1053,9.3483
6.1053,9.3483
6.1053,9.3483
5.781,9.2355
6.204,9.2355
6.204,9.2355
6.3027,8.544599999999999
6.3027,8.544599999999999
6.3027,8.544599999999999
5.9925,8.0511
5.3862,7.642200000000001
5.3862,7.642200000000001
5.1324,7.642200000000001
5.5413,6.9231
5.5413,6.9231
5.724600000000001,6.9231
5.724600000000001,6.5988
5.724600000000001,6.5988
5.4567,6.5988
4.9209,6.5142
4.9209,6.5142
4.6953000000000005,6.5142
5.1042,6.5142
5.1042,6.5142
5.2734,6.5142
5.2734,6.5142
5.2734,6.8949
4.5684000000000005,6.8949
4.5684000000000005,6.8949
5.5131,7.1205
5.217,7.1205
4.6530000000000005,7.1205
4.6530000000000005,7.5717
4.4415,7.5717
4.4415,7.5717
4.4415,7.712700000000001
4.2440999999999995,7.712700000000001
4.2440999999999995,7.712700000000001
4.2440999999999995,7.3602
3.9480000000000004,7.3602
4.2158999999999995,7.3602
4.2158999999999995,7.1628
4.3850999999999996,7.1628
4.3850999999999996,7.1628
4.3850999999999996,6.9654
4.5543000000000005,6.9654
4.5543000000000005,6.9654
4.5543000000000005,6.345
4.3427999999999995,6.345
3.9198000000000004,6.345
3.9198000000000004,5.5272
4.0466999999999995,5.5272
4.0466999999999995,5.217
4.0466999999999995,5.217
4.2299999999999995,5.217
4.2299999999999995,5.076
4.2299999999999995,5.076
4.0748999999999995,5.076
3.5814,5.0055
3.5814,5.0055
3.7083,5.0055
4.6671000000000005,5.0055
4.6671000000000005,5.0055
3.7788,5.0055
3.7788,5.0055
3.7788,5.0055
3.5955,5.0055
3.9339000000000004,5.640000000000001
3.9339000000000004,5.640000000000001
4.1171999999999995,5.640000000000001
4.1171999999999995,6.1617
4.1171999999999995,6.1617
3.384,6.1617
3.384,6.1758
3.384,6.1758
3.3135,6.1758
3.6096,6.0771
3.6096,6.0771
3.8352000000000004,6.0771
3.8352000000000004,6.1476
3.8352000000000004,6.1476
3.102,6.1476
3.102,5.668200000000001
3.102,5.668200000000001
3.0033,5.668200000000001
4.2581999999999995,5.2311
4.2581999999999995,5.2311
3.5109,5.2311
3.5109,4.5543000000000005
3.5109,4.5543000000000005
3.7083,4.1594999999999995
3.7083,4.1594999999999995
3.7083,4.1594999999999995
3.6096,4.1594999999999995
3.8211000000000004,4.1594999999999995
3.8211000000000004,4.1594999999999995
3.7083,3.9621000000000004
3.9761999999999995,3.9621000000000004
3.9761999999999995,3.9621000000000004
2.4393,3.5955
2.6508,3.5955
2.6508,3.5955
2.4957,3.666
2.7072,3.666
2.7072,3.666
2.5662,4.7235000000000005
2.8059000000000003,4.7235000000000005
2.8059000000000003,4.7235000000000005
2.8341000000000003,5.1606
2.8341000000000003,5.1606
2.8341000000000003,5.1606
1.6779,5.3298
1.6779,5.3298
1.6779,5.3298
2.6649,5.3439
1.7061,5.3439
1.7061,5.3439
1.7343,4.9068
1.7343,4.9068
1.7343,4.9068
1.6356,4.9068
1.7625,4.3850999999999996
1.7625,4.3850999999999996
1.7061,3.7929
1.8894,3.7929
1.8894,3.7929
2.0303999999999998,3.7929
2.0303999999999998,2.9892
2.0303999999999998,2.9892
1.9458000000000002,2.9892
0.9306,2.1431999999999998
0.9306,2.0162999999999998
0.8742,2.0162999999999998
1.0151999999999999,2.0162999999999998
1.0151999999999999,2.0162999999999998
0.9165,2.0162999999999998
0.9165,2.0162999999999998
0.9165,2.1149999999999998
0.8319,2.1149999999999998
1.128,2.1149999999999998
1.128,2.6508
1.0010999999999999,2.6508
0.1551,2.6508
0.1551,3.1725
0.141,3.1725
0.141,3.1725
0.141,3.384
0.0282,3.384
0.2115,3.384
0.2115,3.384
0.0705,3.384
0.2115,3.384
0.2115,3.384
-0.49350000000000005,3.384
-0.49350000000000005,3.384
-0.49350000000000005,3.384
-0.5357999999999999,2.9046
-0.423,2.9046
-0.423,2.9046
-0.4512,2.1149999999999998
-0.3666,2.1149999999999998
-0.3666,2.1149999999999998
-0.9306,1.2126
-0.9306,1.2126
-0.9306,1.2126
-0.846,0.8601
-0.846,0.8601
-0.846,0.8601
-0.8601,0.5357999999999999
-0.7473,0.25379999999999997
-0.7473,0.25379999999999997
-1.1985000000000001,0.25379999999999997
-0.6345,0.26789999999999997
-0.6345,0.26789999999999997
-1.1562000000000001,0.26789999999999997
-1.1562000000000001,0.7332
-1.1562000000000001,0.7332
-1.1844000000000001,0.7332
-1.0856999999999999,0.7332
-1.0856999999999999,0.8178
-1.6215,0.8178
-1.6215,0.8178
-0.9729000000000001,1.0433999999999999
-1.5792,1.0433999999999999
-1.5792,1.0433999999999999
-1.5792,1.3818
-1.5933,1.3818
-1.5228,1.3818
-1.5228,1.6497
-1.5087,1.6497
-1.5087,1.6497
-1.5087,1.4241000000000001
-2.0303999999999998,1.4241000000000001
-2.0303999999999998,1.4241000000000001
-2.0303999999999998,0.8319
-2.0021999999999998,0.8319
-2.0021999999999998,0.8319
-2.0021999999999998,0.6204
-2.3688000000000002,0.6204
-2.3688000000000002,0.6204
-1.9599000000000002,-0.0987
-2.3547000000000002,-0.0987
-2.3547000000000002,-0.0987
-2.3547000000000002,-0.564
-2.2842000000000002,-0.564
-2.2701,-0.564
-2.2701,-0.7614
-2.7072,-0.7614
-2.7072,-0.7614
-2.2842000000000002,-0.8178
-2.6508,-0.8178
-2.6508,-0.8319
-2.6508,-0.8319
-2.6226,-0.8319
-2.5803,-1.0433999999999999
-2.5803,-1.0433999999999999
-2.8482000000000003,-1.0433999999999999
-2.8482000000000003,-1.1421000000000001
-2.8482000000000003,-1.1421000000000001
-2.8623000000000003,-1.1421000000000001
-2.8623000000000003,-0.7896
-2.8623000000000003,-0.7896
-2.8482000000000003,-0.7896
-2.8482000000000003,-0.6063
-2.8482000000000003,-0.6063
-3.0879,-0.6063
-3.0879,-0.6063
-3.0879,-0.6063
-3.0738,-0.6063
-3.0738,-0.6345
-3.0738,-0.6345
-3.0174,-0.6345
-3.0174,-0.7614
-3.0174,-0.7614
-3.3558,-0.7614
-3.0315,-1.0433999999999999
-3.0315,-1.0433999999999999
-3.384,-1.0433999999999999
-3.384,-1.3536
-3.384,-1.3536
-3.3558,-1.3536
-3.5109,-1.7343
-3.5109,-1.7343
-3.384,-1.7343
-3.4968,-1.9458000000000002
-3.4968,-1.9458000000000002
-3.4827,-1.9458000000000002
-3.4827,-2.0162999999999998
-3.4827,-2.0162999999999998
-3.384,-2.0162999999999998
-3.4263,-2.0162999999999998
-3.4263,-2.0162999999999998
-3.4545,-2.0162999999999998
-3.5532,-2.0162999999999998
-3.5532,-2.0162999999999998
-3.5109,-2.0162999999999998
-3.5109,-2.0162999999999998
-3.5109,-2.0162999999999998
-3.4404,-2.0726999999999998
-3.4404,-2.0726999999999998
-3.4404,-2.0726999999999998
-3.3135,-2.0726999999999998
-3.3135,-2.0726999999999998
-3.3135,-2.0726999999999998
-3.6519,-2.0726999999999998
-3.6519,-2.0726999999999998
-3.6519,-2.0726999999999998
-3.6942,-2.0726999999999998
-3.6942,-2.0726999999999998
-3.6942,-2.0726999999999998
-3.5673,-2.0726999999999998
-3.7365,-2.0726999999999998
-3.7365,-2.0726999999999998
-3.7647,-2.0726999999999998
-3.7647,-2.0726999999999998
-3.7647,-2.0726999999999998
-3.6378,-2.0726999999999998
-3.8352000000000004,-2.0726999999999998
-3.8352000000000004,-2.0726999999999998
-3.7224,-2.0726999999999998
-3.8634000000000004,-2.1713999999999998
-3.8634000000000004,-2.1713999999999998
-3.8493000000000004,-2.1713999999999998
-3.8493000000000004,-2.5803
-3.8493000000000004,-2.5803
-3.8916000000000004,-2.5803
-3.8916000000000004,-2.7354
-3.8916000000000004,-2.7354
-3.7365,-2.7354
-3.7365,-2.8341000000000003
-3.7365,-2.9892
-3.8352000000000004,-2.9892
-3.8352000000000004,-2.9892
-3.8352000000000004,-3.0879
-3.7929,-3.0879
-3.7929,-3.0879
-3.7929,-3.1725
-3.6519,-3.1725
-3.807,-3.1725
-3.807,-3.1443
-3.6519,-3.1443
-3.6519,-3.1443
-3.6519,-3.0597
-3.7647,-3.0597
-3.7647,-3.0597
-3.7647,-3.0597
-3.666,-2.7072
-3.7788,-2.7072
-3.7788,-2.7072
-3.7365,-2.6508
-3.7365,-2.6508
-3.7365,-2.6508
-3.5955,-2.5803
-3.6096,-2.5803
-3.6096,-2.5803
-3.5673,-2.4957
-3.6519,-2.4957
-3.6519,-2.4957
-3.4968,-2.4957
-3.4404,-2.4957
-3.4404,-2.4957
-3.3417,-2.6226
-3.3417,-2.6226
-3.3417,-2.6226
-3.2994,-3.0174
-3.384,-3.0174
-3.384,-3.0174
-3.0597,-3.0879
-3.3699,-3.1866
-3.3699,-3.1866
-2.9469,-3.1866
-2.9469,-3.1866
-2.9469,-3.2148
-2.8059000000000003,-3.2148
-2.9187,-3.2148
-2.9187,-3.2712
-2.8623000000000003,-3.2712
-2.8623000000000003,-3.2712
-2.3547000000000002,-3.2712
-2.2278,-3.2712
-2.2137,-3.2712
-2.2137,-3.2712
-2.0726999999999998,-3.2712
-2.1149999999999998,-3.2712
-2.1149999999999998,-2.7918000000000003
-1.4100000000000001,-2.7918000000000003
-1.4100000000000001,-2.7918000000000003
-1.9599000000000002,-2.538
-1.269,-2.538
-1.269,-2.538
-1.269,-2.2983000000000002
-1.1703000000000001,-2.2983000000000002
-1.1703000000000001,-2.2983000000000002
-1.1703000000000001,-2.0162999999999998
-1.0292999999999999,-2.0162999999999998
-1.0292999999999999,-2.0162999999999998
-0.423,-1.6497
-0.25379999999999997,-1.6497
-0.25379999999999997,-1.6497
-0.25379999999999997,-1.6356
-0.1692,-1.6356
-0.1692,-1.6356
-0.1692,-1.6638
-0.0564,-1.6638
-0.0564,-1.6638
-0.0564,-1.7625
1.0010999999999999,-1.7625
1.0010999999999999,-1.7625
1.0010999999999999,-1.6356
1.0574999999999999,-1.6356
1.2549,-1.2831
1.2549,-1.2831
1.3113,-1.2831
2.0444999999999998,-0.9729000000000001
2.0444999999999998,-0.9729000000000001
2.3547000000000002,-0.9729000000000001
2.3547000000000002,-0.8742
2.3547000000000002,-0.8742
2.3829000000000002,-0.8742
2.5662,-0.7332
2.5662,-0.7332
2.5803,-0.7332
2.8623000000000003,-0.1692
2.8623000000000003,-0.1692
3.7788,-0.1692
3.7788,0.3243
3.7788,0.3243
3.7647,0.3243
4.1030999999999995,0.6063
4.1030999999999995,0.6063
4.0607999999999995,0.6063
4.4133,1.0433999999999999
4.4133,1.0433999999999999
4.8222000000000005,1.0433999999999999
4.8222000000000005,1.4241000000000001
4.8222000000000005,1.4241000000000001
5.1747,1.4241000000000001
5.5554,1.5228
5.5554,1.5228
5.4708,1.5228
5.9784,1.8048
5.9784,1.8048
6.5706,1.8048
6.5706,2.1713999999999998
6.5706,2.1713999999999998
6.5142,2.1713999999999998
7.0641,2.1713999999999998
7.0641,2.3688000000000002
6.9513,2.5239
7.5717,2.5239
7.5717,2.5239
8.036999999999999,2.961
8.036999999999999,2.961
8.036999999999999,2.961
7.881900000000001,3.4404
8.459999999999999,3.4404
8.459999999999999,3.4404
8.290799999999999,3.8775000000000004
8.9253,3.8775000000000004
8.9253,3.8775000000000004
9.447000000000001,4.5261
9.447000000000001,4.5261
9.447000000000001,4.5261
8.8407,4.935
9.475200000000001,4.935
9.475200000000001,4.935
9.2919,5.2875
10.011,5.2875
10.011,5.2875
9.799499999999998,5.2875
9.799499999999998,5.625900000000001
10.5186,5.625900000000001
10.2789,5.625900000000001
10.3353,5.922
10.3353,5.922
10.1379,5.922
10.857,6.1053
10.857,6.1053
11.392800000000001,6.1053
11.392800000000001,6.2322
11.392800000000001,6.2322
11.1531,6.2322
10.8711,6.3873
10.8711,6.3873
10.6173,6.3873
11.3223,6.5706
11.3223,6.5706
11.844,6.5706
11.844,6.627
10.6032,7.1205
10.3071,7.1205
10.8852,7.1205
10.8852,7.712700000000001
10.6596,7.712700000000001
11.3223,7.712700000000001
11.3223,8.0511
11.6184,8.0511
11.6184,8.0511
11.6184,8.0511
10.0392,8.093399999999999
10.6737,8.093399999999999
10.6737,8.093399999999999
10.3917,8.177999999999999
10.9416,8.177999999999999
10.9416,8.177999999999999
8.403599999999999,8.4177
8.403599999999999,8.4177
8.403599999999999,8.4177
9.559800000000001,7.712700000000001
8.600999999999999,7.712700000000001
8.600999999999999,7.712700000000001
8.3895,7.642200000000001
8.8125,7.642200000000001
8.8125,7.642200000000001
9.108600000000001,7.740900000000001
9.108600000000001,7.740900000000001
9.108600000000001,7.740900000000001
7.867800000000001,7.3884
7.867800000000001,7.3884
7.867800000000001,7.3884
7.642200000000001,6.5988
8.065199999999999,6.5988
8.065199999999999,6.5988
8.290799999999999,6.2181
8.290799999999999,6.2181
8.290799999999999,6.2181
6.627,6.8385
7.0218,6.8385
7.0218,6.8385
6.7962,6.8385
7.1628,6.8385
5.781,6.7962
5.9361,6.7962
5.9361,6.7962
5.9361,6.4578
6.0489,6.4578
6.0489,6.4578
6.0489,6.6129
5.8092,6.6129
6.1335,6.6129
4.6530000000000005,7.4307
4.7235000000000005,7.4307
4.7235000000000005,7.4307
4.7235000000000005,7.4307
4.8504,7.4307
4.8504,7.4307
4.8504,6.1053
4.6389000000000005,6.1053
4.9209,6.1053
4.9209,5.625900000000001
4.7658000000000005,5.625900000000001
5.1324,5.625900000000001
3.6096,5.611800000000001
3.7647,5.611800000000001
3.7647,5.611800000000001
3.7647,5.1042
3.6237,5.1042
3.9057000000000004,5.1042
3.9057000000000004,3.8352000000000004
3.7647,3.8352000000000004
4.0748999999999995,3.8352000000000004
2.5098,4.0043999999999995
2.6226,4.0043999999999995
2.6226,4.0043999999999995
2.6226,4.7658000000000005
2.4816,4.7658000000000005
2.7213,4.7658000000000005
2.7213,4.8504
2.5521,4.8504
2.7918000000000003,4.3991999999999996
2.7918000000000003,4.3991999999999996
2.6226,4.3991999999999996
2.6226,4.3709999999999996
2.6226,4.3709999999999996
2.4393,4.3709999999999996
1.1703000000000001,4.8786
1.1703000000000001,4.8786
1.0433999999999999,4.8786
1.2408,5.217
1.2408,5.217
1.3254,5.217
1.3254,4.2158999999999995
1.3254,4.2158999999999995
1.1844000000000001,4.2158999999999995
1.3959000000000001,3.8352000000000004
1.3959000000000001,3.8352000000000004
1.2972,3.8352000000000004
0.0987,3.8352000000000004
0.0987,3.8352000000000004
0.846,3.8352000000000004
0.846,3.0174
0.846,3.0174
0.7473,3.0174
-0.5357999999999999,1.7343
-0.5357999999999999,1.7343
-0.564,1.7343
-0.0141,1.5792
-0.0141,1.5792
-0.0987,1.5792
-0.0987,1.5792
-0.0987,2.0444999999999998
-0.1551,2.0444999999999998
-1.3254,2.0444999999999998
0.846,1.9176000000000002
0.7755,1.9176000000000002
-1.0433999999999999,1.9176000000000002
-1.0433999999999999,1.551
-0.7473,2.0021999999999998
-0.7473,2.0021999999999998
-0.7473,2.0021999999999998
-0.5498999999999999,2.1713999999999998
-0.5498999999999999,2.1713999999999998
-0.5498999999999999,2.1713999999999998
-0.5781000000000001,2.3406000000000002
-0.1833,2.3406000000000002
-0.1833,2.3406000000000002
-0.23970000000000002,1.9317000000000002
-0.23970000000000002,1.9317000000000002
-0.23970000000000002,1.9317000000000002
-0.26789999999999997,1.0574999999999999
0.4371,1.0574999999999999
0.4371,1.0574999999999999
0.4089,0.9870000000000001
0.7473,0.9870000000000001
0.7473,0.9870000000000001
1.1421000000000001,0.9870000000000001
1.1421000000000001,0.9870000000000001
1.1421000000000001,0.9870000000000001
-2.4816,0.9870000000000001
-2.4816,0.9165
-2.4816,0.9165
-2.538,0.9165
-2.4534,0.9024
-2.4534,0.9024
-2.3265000000000002,0.9024
-2.3265000000000002,1.3536
-2.3265000000000002,1.3536
-2.2419,1.3536
-2.2419,2.2419
-2.2419,2.2419
-2.0585999999999998,2.2419
-2.0585999999999998,2.5662
-2.0585999999999998,2.5662
-1.692,2.5662
-1.692,1.6074
-1.692,1.6074
-1.2549,1.6074
-1.2549,-0.0423
-1.2549,-0.423
-1.2408,-0.423
-0.7473,-0.423
-0.7473,-0.423
-0.5498999999999999,-0.7332
-0.5498999999999999,-0.7332
-0.5498999999999999,-0.7332
-6.7821,-1.1985000000000001
-6.7821,-1.1985000000000001
-6.7821,-1.1985000000000001
-6.6975,-1.7343
-6.768,-1.7343
-6.768,-1.7343
-6.909,-1.6779
-6.909,-1.6779
-6.909,-1.6779
-6.7821,-0.3243
-6.7821,-0.3243
-6.7821,-0.3243
-6.6552,0.8319
-6.6552,0.8319
-6.6552,0.8319
-6.5988,-0.7332
-6.5988,-0.7332
-6.5988,-0.7332
-6.486,-3.0738
-6.486,-3.0738
-6.486,-3.0738
-5.9643,-3.243
-18.724800000000002,-3.243
-18.724800000000002,-3.243
-19.5285,-4.1594999999999995
-19.5285,-4.1594999999999995
-19.5285,-4.1594999999999995
-19.020899999999997,-5.499
-19.020899999999997,-5.499
-19.020899999999997,-5.499
-22.3626,-5.8797
-22.3626,-5.8797
-22.3626,-4.6530000000000005
-36.110099999999996,-4.6530000000000005
-36.110099999999996,-4.6530000000000005
-36.110099999999996,-6.4437
-38.3802,-6.4437
-38.3802,-6.4437
-38.3802,-12.0978
-42.0321,-12.0978
-42.0321,-12.0978
-42.0321,-14.142299999999999
-44.5419,-14.142299999999999
-49.5051,-14.142299999999999
-49.5051,-14.508899999999999
-53.847899999999996,-14.508899999999999
-53.847899999999996,-14.508899999999999
-53.847899999999996,-16.017599999999998
-51.9726,-16.017599999999998
-51.9726,-16.017599999999998
-51.9726,-20.3181
-49.8012,-20.3181
-54.877199999999995,-20.3181
-54.877199999999995,-24.886499999999998
-44.6829,-24.886499999999998
-48.12329999999999,-24.886499999999998
-48.12329999999999,-27.4527
-41.0169,-27.4527
-43.6959,-27.4527
-43.6959,-27.706500000000002
-37.3509,-27.706500000000002
-37.3509,-27.706500000000002
-37.3509,-27.8052
-31.020000000000003,-27.8052
-31.020000000000003,-27.8052
-31.020000000000003,-27.833399999999997
-24.7596,-27.833399999999997
-24.7596,-27.833399999999997
-24.7596,-27.833399999999997
-21.3192,-27.833399999999997
-22.2498,-27.833399999999997
-22.2498,-27.833399999999997
-19.9938,-27.833399999999997
-16.2855,-27.833399999999997
-16.2855,-27.833399999999997
-15.538200000000002,-27.833399999999997
-16.215,-27.833399999999997
-16.215,-27.833399999999997
-15.566400000000002,-27.833399999999997
-16.2714,-25.8594
-16.2714,-25.8594
-16.3701,-25.8594
-16.3701,-20.8539
-16.3701,-20.8539
-14.283299999999999,-20.8539
-14.8896,-17.413500000000003
-14.8896,-17.413500000000003
-14.5794,-17.413500000000003
-15.213899999999999,-13.7898
-15.213899999999999,-13.7898
-13.9308,-13.7898
-13.9308,-10.4058
-13.9308,-10.4058
-14.029499999999999,-10.4058
-14.029499999999999,-10.3071
-14.029499999999999,-10.3071
-13.493699999999999,-10.3071
-12.6477,-10.3071
-12.6477,-12.5349
-12.5208,-12.5349
-12.5208,-12.5349
-12.5208,-15.072899999999999
-12.3939,-15.072899999999999
-12.3939,-15.072899999999999
-12.3939,-17.145599999999998
-11.660699999999999,-17.145599999999998
-11.660699999999999,-17.145599999999998
-11.660699999999999,-19.768199999999997
-10.5891,-19.768199999999997
-10.5891,-19.768199999999997
-10.5891,-20.8539
-9.9969,-20.0361
-10.4763,-20.0361
-10.4763,-20.0361
-9.87,-17.3994
-9.108600000000001,-17.3994
-9.108600000000001,-17.3994
-8.9958,-16.215
-8.9958,-16.215
-8.9958,-16.215
-9.136800000000001,-14.8614
-9.136800000000001,-14.8614
-9.136800000000001,-14.8614
-8.713799999999999,-14.8614
-9.221400000000001,-11.844
-9.221400000000001,-11.844
-8.0229,-11.844
-8.0229,-9.743099999999998
-8.0229,-9.743099999999998
-6.9231,-9.743099999999998
-8.0793,-9.4611
-8.0793,-9.4611
-7.614,-9.4611
-6.8808,-9.644400000000001
-6.8808,-9.644400000000001
-6.7116,-9.644400000000001
-6.7116,-10.3635
-6.7116,-10.3635
-6.5565,-10.3635
-6.5565,-11.886299999999999
-6.5565,-11.886299999999999
-6.0066,-11.886299999999999
-5.2593,-13.409099999999999
-5.2593,-13.409099999999999
-4.9773,-13.409099999999999
-4.9773,-13.662899999999999
-4.9773,-13.662899999999999
-4.7799000000000005,-13.662899999999999
-4.7799000000000005,-13.4514
-4.7799000000000005,-13.4514
-4.6107000000000005,-13.4514
-4.6107000000000005,-12.1965
-4.6107000000000005,-12.1965
-3.2712,-10.8711
-3.2712,-10.8711
-3.2712,-10.8711
-3.2289,-9.799499999999998
-3.2289,-9.799499999999998
-3.2289,-9.799499999999998
-3.1584,-8.262599999999999
-3.1584,-8.262599999999999
-3.1584,-8.262599999999999
-1.9176000000000002,-6.5142
-1.9176000000000002,-6.5142
-1.9176000000000002,-6.5142
-1.8048,-5.8515
-1.8048,-5.8515
-1.8048,-5.8515
-1.5933,-5.696400000000001
-1.5933,-5.696400000000001
-1.5933,-5.696400000000001
-0.3666,-6.2181
-0.3666,-6.2181
-0.3666,-6.2181
-0.0141,-6.8244
-0.0141,-6.8244
-0.0141,-6.8244
0.3384,-7.2897
1.1562000000000001,-7.2897
1.1562000000000001,-7.2897
0.6768,-7.4448
0.6768,-7.4448
0.6768,-7.4448
1.9740000000000002,-7.5012
1.9740000000000002,-7.5012
1.9740000000000002,-7.5012
2.3124000000000002,-6.7821
2.3124000000000002,-6.7821
2.3124000000000002,-6.7821
2.4675,-5.0619
2.7072,-5.0619
3.3135,-3.1866
3.7506,-3.1866
3.7506,-3.1866
3.7506,-2.4816
3.8211000000000004,-2.4816
3.8211000000000004,-2.4816
3.8211000000000004,-2.3265000000000002
3.8775000000000004,-2.3265000000000002
4.8504,-2.3265000000000002
4.8504,-1.4523
5.3016,-1.4523
5.3016,-1.4523
5.3016,-0.47940000000000005
5.4003,-0.47940000000000005
5.8797,-0.47940000000000005
5.8797,-0.8319
5.9361,-0.8319
6.4155,-0.8319
6.4155,-1.7625
7.2756,-1.7625
7.2756,-1.7625
7.2756,-1.7625
7.867800000000001,-1.7625
7.867800000000001,-1.7625
7.867800000000001,-1.0997999999999999
7.910100000000001,-1.0997999999999999
8.4177,-1.0997999999999999
8.629199999999999,-0.6063
8.9253,-0.6063
8.9253,-0.6063
8.9253,-0.3807
8.798399999999999,-0.3807
9.418800000000001,-0.3807
9.418800000000001,-0.3807
9.2637,1.3677
10.0251,1.3677
10.0251,1.3677
10.1943,2.9328
10.1943,2.9328
10.1943,2.9328
10.0251,3.4686
10.2225,4.0043999999999995
10.2225,4.0043999999999995
9.9828,4.0043999999999995
10.6878,4.5966000000000005
10.6878,4.5966000000000005
11.2095,4.5966000000000005
11.2095,5.1606
11.2095,5.1606
11.801699999999999,5.1606
11.0685,5.5413
11.0685,5.5413
10.8852,5.5413
11.6466,5.2311
11.6466,5.2311
12.2106,5.2311
12.2106,4.5261
12.2106,4.5261
11.886299999999999,4.5261
11.886299999999999,4.5261
12.831,4.3145999999999995
12.6195,4.3145999999999995
12.4785,4.3145999999999995
12.4785,4.3145999999999995
12.1401,4.3145999999999995
12.1401,4.3145999999999995
13.1694,4.6812000000000005
12.5208,4.6812000000000005
12.5208,4.6812000000000005
12.5208,5.1042
12.2388,5.1042
13.0002,5.1042
13.0002,6.3873
13.437299999999999,6.3873
13.437299999999999,6.3873
13.437299999999999,7.740900000000001
13.0566,7.740900000000001
14.0718,7.740900000000001
12.3234,8.4177
11.985,8.8407
12.7605,8.8407
12.7605,8.8407
13.1835,9.1509
13.1835,9.1509
13.1835,9.1509
11.9286,9.1509
11.9286,9.221400000000001
11.9286,9.221400000000001
11.562,9.221400000000001
12.2529,9.4329
12.2529,9.4329
11.914499999999999,9.4329
11.914499999999999,9.4329
11.914499999999999,9.4329
13.2117,9.4329
13.2117,8.5587
13.2117,8.5587
12.8874,8.5587
11.9286,7.5999
11.9286,7.5999
12.3516,7.5999
12.3516,7.3602
12.3516,7.3602
12.8592,7.3602
12.8592,7.0218
12.8592,7.0218
12.5208,7.0218
13.2822,7.0218
13.2822,7.0218
13.7616,7.0218
11.942699999999999,7.740900000000001
11.942699999999999,7.740900000000001
12.267,7.740900000000001
12.267,8.8407
12.9579,8.8407
12.6054,8.8407
12.6054,9.2073
12.6054,9.2073
12.9015,9.2073
12.9015,10.1238
12.9015,10.1238
11.364600000000001,11.0121
11.364600000000001,11.0121
11.364600000000001,11.0121
11.6184,11.632499999999999
11.6184,11.632499999999999
11.6184,11.632499999999999
11.914499999999999,11.604299999999999
11.914499999999999,11.604299999999999
11.914499999999999,11.604299999999999
12.2529,10.5045
12.2529,10.5045
12.2529,10.5045
11.985,10.2225
10.8852,10.2225
10.8852,10.2225
11.167200000000001,9.221400000000001
11.167200000000001,9.221400000000001
11.167200000000001,9.221400000000001
11.519699999999998,7.698600000000001
11.519699999999998,7.698600000000001
11.519699999999998,7.698600000000001
11.858099999999999,7.5294
11.858099999999999,7.5294
11.858099999999999,7.5294
11.519699999999998,8.008799999999999
10.3917,8.008799999999999
10.3917,8.008799999999999
10.6737,8.8971
10.6737,8.8971
10.6737,8.8971
10.8711,9.0945
10.8711,9.0945
10.8711,9.0945
10.5045,9.940499999999998
11.0967,9.940499999999998
11.0967,9.940499999999998
9.5739,11.195400000000001
9.5739,11.195400000000001
9.5739,11.2659
9.771299999999998,11.2659
9.771299999999998,11.2659
9.771299999999998,10.3353
9.390600000000001,10.3353
9.940499999999998,10.3353
9.940499999999998,9.968699999999998
8.5305,9.968699999999998
8.5305,9.968699999999998
8.5305,9.940499999999998
8.7279,9.940499999999998
8.7279,9.940499999999998
8.7279,9.940499999999998
8.5023,9.940499999999998
8.9817,9.940499999999998
8.9817,8.5869
9.2073,8.5869
9.2073,8.5869
9.2073,7.614
9.4893,7.614
9.4893,7.614
7.910100000000001,7.5717
7.656300000000001,7.5717
8.093399999999999,7.5717
8.093399999999999,7.4307
8.318999999999999,7.4307
8.318999999999999,7.4307
8.318999999999999,7.4307
8.4741,7.3884
8.4741,7.3884
8.4741,7.3884
8.1639,7.614
7.1487,7.614
7.1487,7.614
7.2897,9.0663
7.2897,9.0663
7.2897,9.0663
7.3884,9.4611
7.3884,9.4611
7.3884,9.4611
7.1205,8.8689
7.5717,9.1509
7.5717,9.1509
6.1758,9.1509
6.1758,9.3765
6.1758,9.3765
6.345,9.3765
7.966499999999999,9.0804
7.966499999999999,9.0804
7.740900000000001,9.0804
6.5142,7.952399999999999
6.5142,7.952399999999999
6.7116,7.952399999999999
6.7116,7.952399999999999
6.7116,6.9795
6.9372,6.9795
6.9372,6.9795
6.9372,6.7962
6.7398,6.7962
7.1628,6.7962
5.5695,6.4578
5.682300000000001,6.4578
5.682300000000001,6.4578
5.682300000000001,6.1617
5.8515,6.1617
5.8515,6.1617
5.8515,6.768
5.583600000000001,6.768
5.9643,6.768
5.9643,7.0782
4.5543000000000005,7.0782
4.5543000000000005,7.0782
6.1194,7.769100000000001
4.6530000000000005,7.769100000000001
4.6530000000000005,7.769100000000001
4.6530000000000005,7.867800000000001
4.4133,7.867800000000001
4.6953000000000005,7.867800000000001
4.6953000000000005,7.4166
4.4556,7.4166
4.4556,7.2051
4.4556,7.2051
4.9209,7.2051
4.9209,6.9795
4.9209,6.9795
4.7376000000000005,6.9795
4.7376000000000005,6.2604
4.7376000000000005,6.2604
4.1594999999999995,6.2604
4.1594999999999995,5.3298
4.1594999999999995,5.3298
4.2863999999999995,5.3298
4.2863999999999995,4.9209
4.2863999999999995,4.9209
4.1312999999999995,4.9209
4.4697,4.7799000000000005
4.4697,4.7799000000000005
3.5532,4.7799000000000005
3.5532,4.7940000000000005
3.5532,4.7940000000000005
3.6801,4.7940000000000005
3.6801,5.4567
3.6801,5.4567
3.8352000000000004,5.4567
3.8352000000000004,5.696400000000001
3.8352000000000004,5.696400000000001
3.9621000000000004,5.696400000000001
3.9621000000000004,5.9502
3.9621000000000004,5.9502
2.5239,5.9502
2.5239,6.3027
2.5239,6.3027
2.5803,6.3027
2.5803,6.2604
2.5803,6.2604
2.4252,6.2604
2.6931,5.5272
2.6931,5.5272
2.7918000000000003,5.5272
2.7918000000000003,5.1042
2.7918000000000003,5.1042
2.6931,4.8081000000000005
2.9469,4.8081000000000005
2.9469,4.8081000000000005
2.8341000000000003,4.0607999999999995
3.1866,4.0607999999999995
3.1866,4.0607999999999995
1.6779,3.2571
1.6779,3.2571
1.6779,3.2571
1.8048,2.8905
1.8048,2.8905
1.8048,2.8905
1.692,2.8482000000000003
1.9317000000000002,2.8482000000000003
1.9317000000000002,2.8482000000000003
2.0444999999999998,3.4404
2.0444999999999998,3.4404
2.0444999999999998,3.4404
0.7050000000000001,4.0043999999999995
0.7050000000000001,4.0043999999999995
0.7050000000000001,4.0043999999999995
2.0162999999999998,4.2299999999999995
0.7614,4.2299999999999995
0.7614,4.2299999999999995
0.8319,4.2299999999999995
0.8319,4.2299999999999995
0.8319,4.2299999999999995
0.9165,4.2299999999999995
0.9165,4.2299999999999995
1.0715999999999999,4.2299999999999995
1.0151999999999999,4.2863999999999995
1.0151999999999999,4.2863999999999995
1.0151999999999999,4.2863999999999995
-0.1833,4.2863999999999995
1.128,3.3699
1.128,3.3699
-0.12689999999999999,3.3699
-0.12689999999999999,2.1149999999999998
-0.0282,1.9317000000000002
-0.0282,1.9317000000000002
-0.0282,1.9317000000000002
-0.0282,1.7484
-0.0282,1.7484
-0.0282,1.7484
-0.0282,1.6779
0.0846,1.6779
0.0846,1.6779
0.1974,1.6497
0.1551,1.6497
0.1551,1.6497
-0.9306,1.2408
-0.846,1.2408
-0.846,1.2408
-0.846,1.3395
-0.7614,1.3395
-0.7614,1.3395
-0.7614,2.0021999999999998
-0.8178,2.0021999999999998
-0.7614,2.0021999999999998
-0.7614,2.0021999999999998
-0.7473,2.1149999999999998
-0.7473,2.1149999999999998
-0.7473,2.1149999999999998
-0.8178,2.1854999999999998
-0.7332,2.1854999999999998
-0.7332,2.1854999999999998
-0.7614,2.1713999999999998
-0.7191,2.1713999999999998
-0.7191,2.1713999999999998
-0.6063,1.6497
-0.6063,1.6497
-0.6063,1.6497
-0.4371,1.1985000000000001
-0.4371,1.1985000000000001
-0.4371,1.1985000000000001
-0.4653,0.7050000000000001
-0.4512,0.7050000000000001
-0.4512,0.7050000000000001
-0.29610000000000003,0.4512
-0.29610000000000003,0.25379999999999997
-0.29610000000000003,0.25379999999999997
-0.29610000000000003,0.25379999999999997
-0.29610000000000003,0.141
-0.29610000000000003,0.141
-0.3102,0.141
-0.0564,0.141
-0.0564,0.12689999999999999
0.0,0.12689999999999999
0.0,0.12689999999999999
0.0,0.49350000000000005
0.26789999999999997,0.49350000000000005
0.26789999999999997,0.49350000000000005
0.26789999999999997,0.9870000000000001
0.1974,0.9870000000000001
0.35250000000000004,0.9870000000000001
0.35250000000000004,1.3677
0.5498999999999999,1.3677
0.5498999999999999,1.3677
0.5498999999999999,1.6356
0.7332,1.6356
0.7332,1.6356
0.7332,1.7484
0.6909,1.7484
0.8883,1.7484
0.8883,1.8048
1.1844000000000001,1.8048
1.1844000000000001,1.8048
1.1844000000000001,1.7625
1.5228,1.7625
1.5228,1.7625
1.5228,1.269
1.4805,1.269
1.9458000000000002,1.269
1.9458000000000002,1.0997999999999999
2.2701,1.0997999999999999
2.2701,1.0997999999999999
2.2701,1.0151999999999999
2.9187,1.0151999999999999
2.9187,1.0151999999999999
2.9187,1.0151999999999999
2.8764,1.0151999999999999
3.4968,1.0151999999999999
3.4968,1.0151999999999999
3.8916000000000004,1.0151999999999999
3.8916000000000004,1.1703000000000001
3.8916000000000004,1.1703000000000001
4.7376000000000005,1.1703000000000001
4.7376000000000005,1.833
4.7376000000000005,1.833
5.3721,1.833
5.3721,2.4393
5.3721,2.4393
6.4014,2.4393
6.4014,3.0315
6.4014,3.0315
7.670400000000001,3.0315
7.670400000000001,3.6801
7.670400000000001,3.6801
8.488199999999999,3.6801
8.488199999999999,4.1594999999999995
8.488199999999999,4.1594999999999995
10.3635,4.1594999999999995
10.3635,4.4697
10.3635,4.4697
12.4221,4.4697
12.4221,4.7235000000000005
12.4221,4.7235000000000005
11.829899999999999,4.7235000000000005
14.1564,5.0901
14.1564,5.0901
13.521899999999999,5.0901
16.8354,5.7951
16.8354,5.7951
19.74,5.7951
19.74,6.486
19.74,6.486
23.081699999999998,6.486
23.081699999999998,7.614
23.081699999999998,7.614
22.0947,9.249600000000001
27.354,9.249600000000001
27.354,9.249600000000001
32.1057,10.0392
32.1057,10.0392
32.1057,10.0392
38.352000000000004,10.7301
38.352000000000004,10.7301
38.352000000000004,10.7301
35.5884,14.1
44.5137,14.1
44.5137,14.1
53.410799999999995,18.0339
53.410799999999995,18.0339
53.410799999999995,18.0339
65.001,21.2346
65.001,21.2346
65.001,21.2346
60.291599999999995,24.393
77.2962,24.393
77.2962,24.393
95.4147,27.0297
95.4147,27.0297
95.4147,27.0297
90.3669,27.6924
117.5376,27.6924
117.5376,27.6924
112.5039,27.6924
112.5039,27.8052
112.5039,27.8052
169.0449,27.8052
169.0449,27.819300000000002
169.0449,27.819300000000002
187.8543,27.819300000000002
187.8543,27.819300000000002
187.8543,27.819300000000002
184.17419999999998,27.819300000000002
184.17419999999998,27.819300000000002
184.17419999999998,27.819300000000002
202.617,27.819300000000002
202.617,27.819300000000002
202.617,27.833399999999997
195.99,27.833399999999997
195.99,27.833399999999997
195.99,27.819300000000002
195.0312,27.819300000000002
186.6276,27.819300000000002
186.6276,27.833399999999997
171.3996,27.833399999999997
171.3996,27.833399999999997
171.3996,27.8475
171.52649999999997,27.8475
161.03609999999998,27.8475
161.03609999999998,27.8475
161.5437,27.833399999999997
148.3743,27.833399999999997
148.3743,27.833399999999997
136.3893,27.8475
136.3893,27.8475
136.3893,27.8475
126.91409999999999,27.833399999999997
126.91409999999999,27.833399999999997
126.91409999999999,27.833399999999997
127.85879999999999,27.833399999999997
117.18509999999999,27.833399999999997
117.18509999999999,27.833399999999997
109.4442,27.8475
109.4442,27.8475
109.4442,27.8475
102.02759999999999,27.833399999999997
102.02759999999999,27.833399999999997
102.02759999999999,27.833399999999997
95.95049999999999,27.833399999999997
95.95049999999999,27.833399999999997
95.95049999999999,27.833399999999997
96.9939,27.833399999999997
96.9939,27.833399999999997
96.9939,27.833399999999997
86.27789999999999,27.8475
86.27789999999999,27.8475
86.27789999999999,27.8475
87.3213,27.8475
82.0338,27.8475
82.0338,27.833399999999997
78.7203,27.833399999999997
78.7203,27.833399999999997
78.7203,27.819300000000002
79.74959999999999,27.819300000000002
79.74959999999999,27.819300000000002
79.74959999999999,27.8052
72.38940000000001,27.8052
72.38940000000001,27.8052
72.38940000000001,27.7488
69.96419999999999,27.7488
69.96419999999999,27.7488
69.96419999999999,27.7488
67.5108,27.7488
67.5108,27.7488
67.5108,27.762900000000002
65.6214,27.762900000000002
65.6214,27.762900000000002
65.6214,27.7488
66.5238,27.7488
66.5238,27.7488
66.5238,27.7488
61.9554,27.7488
61.9554,27.7488
61.9554,27.7488
60.2634,27.7488
60.2634,27.7488
60.2634,27.762900000000002
58.67009999999999,27.762900000000002
58.67009999999999,27.762900000000002
58.67009999999999,27.7488
57.0486,27.7488
57.0486,27.7488
57.0486,27.8052
57.73949999999999,27.8052
55.666799999999995,27.833399999999997
55.666799999999995,27.833399999999997
53.960699999999996,27.833399999999997
53.960699999999996,27.819300000000002
53.960699999999996,27.819300000000002
52.6917,27.819300000000002
52.6917,27.833399999999997
52.6917,27.833399999999997
51.324,27.833399999999997
51.324,27.833399999999997
51.324,27.833399999999997
51.803399999999996,27.833399999999997
50.0409,27.819300000000002
50.0409,27.819300000000002
50.5203,27.819300000000002
50.5203,27.833399999999997
50.5203,27.833399999999997
47.3337,27.833399999999997
47.3337,27.819300000000002
47.3337,27.819300000000002
47.7144,27.819300000000002
46.0929,27.833399999999997
46.0929,27.833399999999997
44.8803,27.833399999999997
44.8803,27.833399999999997
44.8803,27.833399999999997
45.2187,27.833399999999997
43.907399999999996,27.833399999999997
43.907399999999996,27.833399999999997
44.2035,27.833399999999997
42.779399999999995,27.833399999999997
42.779399999999995,27.833399999999997
41.7783,27.833399999999997
41.7783,27.833399999999997
41.7783,27.833399999999997
40.847699999999996,27.833399999999997
40.847699999999996,27.833399999999997
40.847699999999996,27.833399999999997
41.1015,27.833399999999997
40.044,27.833399999999997
40.044,27.833399999999997
39.1557,27.8475
39.1557,27.8475
39.1557,27.8475
38.394299999999994,27.819300000000002
38.394299999999994,27.819300000000002
38.394299999999994,27.819300000000002
38.619899999999994,27.833399999999997
37.8021,27.833399999999997
37.8021,27.833399999999997
37.040699999999994,27.776999999999997
37.040699999999994,27.776999999999997
37.040699999999994,27.776999999999997
36.4767,27.7488
36.4767,27.7488
36.4767,27.7488
36.688199999999995,27.7488
36.0255,27.7488
36.0255,27.7488
35.4897,27.7488
35.4897,27.7488
35.4897,27.7488
35.6871,27.7488
35.6871,27.7488
35.6871,27.7488
35.8704,27.7488
34.7706,27.7347
34.7706,27.7347
34.403999999999996,27.7347
34.403999999999996,27.7488
34.403999999999996,27.7488
34.5732,27.7488
34.5732,27.7347
33.6003,27.7347
33.7554,27.7347
33.7554,27.7488
33.7554,27.7488
33.3183,27.7488
33.3183,27.776999999999997
33.3183,27.819300000000002
33.050399999999996,27.819300000000002
33.050399999999996,27.819300000000002
33.050399999999996,27.8616
33.135,27.8616
32.8107,27.8616
32.8107,27.8616
32.4582,27.8616
32.4582,27.8616
32.4582,27.8616
32.1621,27.8475
32.1621,27.8475
32.1621,27.8475
32.1762,27.8616
32.1762,27.8616
32.1762,27.8616
31.471200000000003,27.8475
31.471200000000003,27.8475
31.471200000000003,27.8475
31.442999999999998,27.8616
31.442999999999998,27.8616
31.442999999999998,27.8616
31.3725,27.8616
30.7521,27.8616
30.7521,27.8616
30.456,27.8616
30.456,27.8616
30.456,27.8616
30.032999999999998,27.833399999999997
30.032999999999998,27.833399999999997
30.032999999999998,27.833399999999997
29.9484,27.819300000000002
29.61,27.819300000000002
29.61,27.819300000000002
29.328,27.762900000000002
29.328,27.762900000000002
29.328,27.762900000000002
29.2152,27.7488
29.2152,27.7488
29.2152,27.7488
29.0883,27.7488
29.0883,27.7488
29.0883,27.7488
28.2564,27.7488
28.2564,27.7488
28.2564,27.7488
28.044900000000002,27.7488
28.044900000000002,27.7488
28.044900000000002,27.7488
27.720599999999997,27.7488
27.720599999999997,27.7488
27.720599999999997,27.7488
27.4104,27.7488
27.4104,27.7488
27.4104,27.7488
27.1848,27.7488
27.1848,27.7488
27.1848,27.762900000000002
26.930999999999997,27.762900000000002
26.930999999999997,27.762900000000002
26.930999999999997,27.776999999999997
26.7759,27.776999999999997
26.6631,27.776999999999997
26.6631,27.833399999999997
26.508,27.833399999999997
26.508,27.833399999999997
26.508,27.8616
26.3388,27.8616
26.2824,27.8616
26.2824,27.8616
26.0991,27.8616
25.9863,27.8616
25.9863,27.8616
25.788899999999998,27.8616
25.788899999999998,27.8616
25.788899999999998,27.8616
25.5915,27.8616
25.5915,27.8616
25.5915,27.8616
25.38,27.8616
25.4082,27.8616
25.4082,27.8616
25.1826,27.8616
25.1826,27.875700000000002
25.1826,27.875700000000002
24.9288,27.875700000000002
24.9288,27.833399999999997
24.9288,27.833399999999997
24.6468,27.833399999999997
24.6468,27.776999999999997
24.6468,27.776999999999997
24.4635,27.776999999999997
24.4635,27.776999999999997
24.4635,27.776999999999997
24.2661,27.776999999999997
24.2661,27.776999999999997
24.2661,27.776999999999997
23.9559,27.776999999999997
24.0123,27.776999999999997
24.0123,27.776999999999997
23.7303,27.776999999999997
