-10.293,0.0
-10.293,0.0
-10.2789,0.0
-10.2789,0.0
-10.2789,0.0
-10.2789,0.0
-10.2789,0.0
-10.3212,0.0
-10.3212,0.0
-10.3212,0.0
-10.3212,0.0
-10.3071,0.0
-10.3071,0.0
-10.3071,0.0
-10.3071,0.0
-10.293,0.0
-10.293,0.0
-10.3071,-1.9880999999999998
-10.3071,-1.9880999999999998
-10.3071,-1.9880999999999998
-10.3071,-7.191
-10.3071,-7.191
-10.3071,-7.191
-10.3212,-9.644400000000001
-10.3212,-9.644400000000001
-10.3071,-9.644400000000001
-10.293,-10.0533
-10.293,-10.0533
-10.3071,-10.0533
-10.293,-10.1097
-10.293,-10.0956
-10.293,-10.0956
-10.2789,-10.0956
-10.2789,-10.1097
-10.2789,-10.1097
-10.2507,-10.1097
-10.2507,-10.1097
-10.2366,-10.0956
-10.1943,-10.0956
-10.1943,-10.0956
-10.1943,-10.1097
-10.1238,-10.1097
-10.1238,-10.1097
-10.1238,-10.152
-10.0251,-10.152
-10.0251,-10.152
-10.0392,-10.2225
-9.8982,-10.2225
-9.8982,-10.2225
-9.8982,-10.2366
-9.743099999999998,-10.2366
-9.743099999999998,-10.2366
-9.729,-10.2225
-9.6021,-10.2225
-9.6021,-10.2225
-9.616200000000001,-10.2225
-9.475200000000001,-10.2225
-9.4611,-10.2225
-9.4611,-10.2084
-9.306000000000001,-10.2084
-9.306000000000001,-10.2084
-9.3201,-9.8982
-9.0804,-9.8982
-9.0804,-9.8982
-9.108600000000001,-9.8136
-8.9535,-9.8136
-8.9676,-9.8136
-8.9676,-9.7008
-8.7561,-9.7008
-8.798399999999999,-9.4893
-8.798399999999999,-9.4893
-8.5869,-9.4893
-8.629199999999999,-9.4047
-8.629199999999999,-9.4047
-8.4177,-9.4047
-8.4741,-9.249600000000001
-8.4741,-9.249600000000001
-8.3331,-9.249600000000001
-7.3461,-9.0522
-7.3461,-9.0522
-7.1346,-9.0522
-7.1346,-8.883
-7.2192,-8.883
-7.0782,-8.883
-7.2051,-8.741999999999999
-7.2051,-8.741999999999999
-7.0782,-8.741999999999999
-7.1487,-8.5869
-7.1487,-8.5869
-6.9654,-8.5869
-6.9654,-8.4177
-7.05,-8.4177
-6.9513,-8.4177
-7.0923,-7.740900000000001
-7.0923,-7.740900000000001
-6.8667,-7.740900000000001
-6.9795,-7.1769
-6.9795,-7.1769
-6.9231,-7.1769
-6.9231,-7.0359
-7.05,-7.0359
-6.063,-7.0359
-6.063,-7.0359
-6.1617,-7.0359
-6.0489,-7.0359
-6.0489,-7.0359
-6.1476,-7.0359
-5.9784,-7.0359
-5.9784,-6.909
-6.0771,-6.909
-5.9784,-6.909
-5.9784,-6.909
-6.0207,-6.909
-5.8938,-6.909
-5.8938,-6.909
-5.1606,-6.909
-5.0901,-6.4437
-5.0901,-6.4437
-5.1888,-6.4437
-5.0478,-5.9079
-5.0478,-5.9079
-5.076,-5.9079
-4.9773,-5.8797
-4.9773,-5.8797
-5.0478,-5.8797
-4.935,-5.8797
-4.935,-5.8797
-5.0478,-5.8797
-4.9491,-5.8797
-4.9491,-5.8797
-4.9914,-5.8797
-4.9068,-5.4285
-4.9068,-5.4285
-4.2863999999999995,-5.4285
-4.2299999999999995,-4.8645
-4.2299999999999995,-4.8645
-4.2299999999999995,-4.8645
-4.1453999999999995,-4.8645
-4.1453999999999995,-4.8645
-4.2158999999999995,-4.8645
-4.1030999999999995,-4.8645
-4.1030999999999995,-4.8645
-4.1453999999999995,-4.8645
-4.0466999999999995,-4.8645
-4.0466999999999995,-4.8645
-4.0607999999999995,-4.8645
-3.9902999999999995,-4.8645
-3.9902999999999995,-4.8645
-3.9761999999999995,-4.6530000000000005
-3.8352000000000004,-4.6530000000000005
-3.2994,-4.6530000000000005
-3.2994,-4.0325999999999995
-3.2007,-4.0325999999999995
-3.2007,-4.0325999999999995
-3.2571,-3.9339000000000004
-3.1725,-3.9339000000000004
-3.1725,-3.9339000000000004
-3.2148,-3.9339000000000004
-3.1302,-3.9339000000000004
-3.102,-3.9339000000000004
-3.102,-3.9339000000000004
-2.9751,-3.9339000000000004
-2.9751,-3.9339000000000004
-2.9469,-3.9339000000000004
-2.8905,-3.9339000000000004
-2.8905,-3.9339000000000004
-2.8905,-3.9339000000000004
-2.7354,-3.5814
-2.1995999999999998,-3.5814
-2.1995999999999998,-3.5814
-2.1149999999999998,-3.0315
-2.1149999999999998,-3.0315
-2.0726999999999998,-3.0315
-2.0303999999999998,-3.0174
-2.0303999999999998,-3.0174
-2.0021999999999998,-3.0174
-1.9458000000000002,-3.0174
-1.9176000000000002,-3.0174
-1.9176000000000002,-3.0174
-1.8894,-2.9187
-1.8471,-2.9187
-1.8471,-2.9187
-1.8189,-2.7072
-1.8189,-2.7072
-1.4241000000000001,-2.7072
-1.8048,-2.2983000000000002
-1.4241000000000001,-2.2983000000000002
-1.4241000000000001,-2.2983000000000002
-1.3959000000000001,-2.0444999999999998
-1.3959000000000001,-2.0444999999999998
-1.3254,-1.9176000000000002
-1.3113,-1.9176000000000002
-1.3113,-1.9176000000000002
-1.2549,-1.8612
-1.2126,-1.8612
-1.1703000000000001,-1.8612
-1.1703000000000001,-1.8189
-1.2126,-1.8189
-1.2126,-1.8189
-1.1139,-1.6074
-1.0856999999999999,-1.6074
-1.0856999999999999,-1.6074
-0.8037,-1.3959000000000001
-0.7896,-1.3959000000000001
-0.7896,-1.3959000000000001
-0.7896,-1.3536
-0.8037,-1.3536
-0.8037,-1.3536
-0.7050000000000001,-1.2408
-0.7050000000000001,-1.2408
-0.7050000000000001,-1.2408
-0.5781000000000001,-1.1985000000000001
-0.5498999999999999,-1.1985000000000001
-0.4371,-1.1985000000000001
-0.0564,-1.1139
-0.0705,-1.1139
-0.0705,-1.1139
0.0705,-0.9165
0.0987,-0.9165
0.0987,-0.9165
0.3102,-0.7614
0.3243,-0.7614
0.47940000000000005,-0.7614
0.47940000000000005,-0.6909
0.5357999999999999,-0.6909
0.5357999999999999,-0.6909
0.7050000000000001,-0.6063
0.6345,-0.6063
0.846,-0.29610000000000003
0.846,-0.29610000000000003
0.7755,-0.29610000000000003
1.0997999999999999,0.0423
1.0997999999999999,0.0423
1.0574999999999999,0.0423
1.0574999999999999,0.0846
1.2267,0.0846
1.2126,0.0846
1.2126,0.25379999999999997
1.3818,0.25379999999999997
1.3818,0.25379999999999997
1.3818,0.4512
1.8753,0.4512
1.8471,0.4512
1.8471,0.6345
2.0303999999999998,0.6345
1.9880999999999998,0.6345
1.9880999999999998,0.9306
2.0585999999999998,0.9306
2.0303999999999998,0.9306
2.0303999999999998,1.0574999999999999
2.256,1.0574999999999999
2.0726999999999998,1.0574999999999999
2.0726999999999998,1.1844000000000001
2.3547000000000002,1.1844000000000001
2.3124000000000002,1.1844000000000001
2.7918000000000003,1.551
2.9892,1.551
2.8623000000000003,1.551
2.8623000000000003,1.9035
3.102,1.9035
3.0456,1.9035
3.384,2.0021999999999998
3.384,2.0021999999999998
3.2994,2.0021999999999998
3.2994,2.1149999999999998
3.6801,2.1149999999999998
3.5955,2.1149999999999998
3.5955,2.1149999999999998
3.9480000000000004,2.2419
3.8916000000000004,2.6226
4.2581999999999995,2.6226
4.2581999999999995,2.6226
4.6953000000000005,2.9046
4.6953000000000005,2.9046
5.0337,2.9046
4.8786,2.9328
4.8786,2.9328
5.2875,2.9328
5.3298,3.0879
5.781,3.0879
5.781,3.0879
5.654100000000001,3.384
5.654100000000001,3.384
6.0348,3.384
5.9361,3.9480000000000004
5.9361,3.9480000000000004
6.4437,3.9480000000000004
6.345,4.4133
6.9372,4.4133
6.9372,4.4133
6.8526,4.4133
6.8526,4.6953000000000005
6.8526,4.6953000000000005
6.7116,4.6953000000000005
6.7116,5.2029
7.614,5.2029
7.825500000000001,5.2029
8.2767,5.640000000000001
8.2767,5.640000000000001
8.1921,5.640000000000001
8.7279,5.696400000000001
8.7279,5.696400000000001
8.516399999999999,5.696400000000001
8.516399999999999,6.3168
8.9676,6.3168
8.8689,6.3168
9.3765,6.768
9.3765,6.768
9.2919,6.768
9.2919,6.768
9.6585,7.2333
9.3765,7.2333
9.3765,7.2333
9.743099999999998,8.0793
9.559800000000001,8.0793
9.9828,8.0793
9.9828,8.0793
9.743099999999998,8.234399999999999
10.1661,8.234399999999999
10.1661,8.234399999999999
9.8418,8.544599999999999
9.8418,8.544599999999999
10.2084,8.544599999999999
9.9264,8.9253
10.3071,8.9253
10.3071,8.9253
9.9969,9.221400000000001
9.9969,9.221400000000001
9.9969,9.221400000000001
9.6867,9.3765
9.6867,9.3765
10.5045,9.3765
9.9828,9.531600000000001
10.434,9.531600000000001
10.434,9.531600000000001
10.0956,9.644400000000001
10.0956,9.644400000000001
10.5186,9.644400000000001
10.1661,9.729
10.1661,9.729
10.6596,9.729
10.2366,9.8136
10.7301,9.8136
10.7301,9.8136
9.87,9.8136
10.3071,9.8136
10.3071,9.8136
10.0674,9.8136
10.0674,9.8136
10.5186,9.8136
10.1379,9.8136
10.6596,9.8136
10.6596,9.968699999999998
10.3071,9.968699999999998
10.3071,9.968699999999998
10.8993,10.434
10.4763,10.434
10.4763,10.434
10.4763,10.5891
10.0956,10.5891
10.434,10.5891
10.434,10.6032
10.1238,10.6032
10.1238,10.6032
10.6314,10.3776
10.3494,10.3776
10.3494,10.3776
10.3494,10.3635
10.0251,10.3635
10.0251,10.3635
10.0251,10.4481
9.799499999999998,10.4481
9.799499999999998,10.4481
11.6466,10.575
11.3505,10.575
11.3505,10.575
12.1119,10.5045
10.9839,10.5045
10.9839,10.5045
11.5902,10.3635
11.364600000000001,10.3635
11.364600000000001,10.3635
11.886299999999999,10.2225
11.604299999999999,10.2225
11.604299999999999,10.2225
12.2811,9.799499999999998
11.9568,9.799499999999998
11.9568,10.2789
12.5349,10.2789
12.2247,10.2789
12.2247,10.8852
11.773499999999999,10.8852
11.5338,10.8852
11.5338,10.8852
12.0555,10.8852
11.7876,10.8852
11.7876,10.9134
12.3093,10.9134
11.942699999999999,10.9134
11.942699999999999,11.2941
12.4362,11.2941
12.1683,11.2941
12.1683,11.604299999999999
11.4069,11.604299999999999
10.998,11.604299999999999
10.998,11.914499999999999
11.4069,11.914499999999999
11.0967,11.914499999999999
11.0967,12.0132
11.4774,12.0132
11.0826,12.0132
11.0826,12.0132
10.4058,12.0132
9.9828,12.0132
9.9828,12.1542
10.3917,12.1542
10.0674,12.1542
10.0674,12.1542
10.0674,11.844
10.0815,11.844
10.0815,11.844
10.4481,11.3223
10.0956,11.3223
10.0956,11.3223
10.575,11.2941
10.1802,11.2941
10.1802,11.2941
10.6173,10.8429
9.277800000000001,10.2789
9.277800000000001,10.2789
9.6867,10.2789
9.362400000000001,10.0533
9.362400000000001,10.0533
9.8136,10.0533
9.3765,9.940499999999998
9.884099999999998,9.940499999999998
9.884099999999998,9.940499999999998
9.4893,9.9264
9.4893,9.9264
10.011,9.9264
8.741999999999999,9.940499999999998
8.741999999999999,9.940499999999998
9.2355,9.940499999999998
8.883,9.729
8.883,9.729
9.4329,9.729
9.0381,9.729
9.0381,9.1791
8.6151,9.1791
8.3049,9.1791
8.3049,9.2073
8.798399999999999,9.2073
8.4741,9.2073
8.9817,9.4893
8.9817,9.4893
8.6715,9.4893
8.6715,9.1509
9.2073,9.1509
8.8971,9.1509
7.938299999999999,8.713799999999999
8.459999999999999,8.713799999999999
8.2485,8.713799999999999
8.713799999999999,8.713799999999999
8.713799999999999,8.713799999999999
8.459999999999999,8.713799999999999
8.459999999999999,8.685599999999999
8.9535,8.459999999999999
8.7279,8.459999999999999
8.7279,8.459999999999999
9.2637,8.459999999999999
9.0804,8.459999999999999
9.0804,8.459999999999999
9.0804,8.459999999999999
9.4893,8.5587
9.4893,8.5587
8.9817,8.5587
8.8689,8.6997
8.8689,8.6997
9.390600000000001,8.6997
9.1791,8.375399999999999
9.7008,8.375399999999999
9.7008,8.375399999999999
9.531600000000001,8.3331
9.531600000000001,8.3331
10.0815,8.3331
9.912299999999998,8.6151
9.912299999999998,8.6151
9.136800000000001,8.6151
9.0381,9.0804
9.447000000000001,9.0804
9.447000000000001,9.0804
9.3483,9.2073
9.3483,9.2073
9.729,9.2073
9.588000000000001,9.0522
9.588000000000001,9.0522
9.588000000000001,9.0522
9.4611,9.0522
8.9112,9.0522
8.9112,9.0522
8.7843,9.4329
8.7843,9.4329
9.0804,9.4329
8.9676,9.5175
8.9676,9.5175
9.2637,9.5175
9.165000000000001,9.1227
9.4329,9.1227
8.1639,9.1509
8.065199999999999,9.1509
8.2767,9.1509
8.2767,9.362400000000001
8.1921,9.362400000000001
8.1921,9.362400000000001
8.431799999999999,9.306000000000001
8.347199999999999,9.306000000000001
8.347199999999999,9.306000000000001
8.347199999999999,8.9394
8.2485,8.9394
8.657399999999999,8.9394
8.657399999999999,8.9253
8.572799999999999,8.9253
8.572799999999999,8.9253
7.2615,8.544599999999999
7.1346,8.544599999999999
7.1346,8.544599999999999
7.2756,8.121599999999999
7.1769,8.121599999999999
7.1769,8.121599999999999
7.3179,8.1357
7.2333,8.1357
7.2333,8.1357
7.3743,8.121599999999999
7.2474,8.121599999999999
7.2474,8.121599999999999
7.3743,8.2203
7.2474,8.2203
7.2474,8.2203
7.3602,8.093399999999999
7.1769,8.093399999999999
7.1769,8.093399999999999
7.3038,7.1769
7.191,7.1769
7.191,7.1769
7.3179,7.1769
7.2051,7.0782
5.8797,7.0782
5.9784,7.0782
5.7528,7.0782
5.7528,7.0782
5.8515,7.0782
5.7387,7.0782
5.7387,7.0782
5.8374,7.0782
5.597700000000001,7.0782
5.597700000000001,7.0782
4.4556,7.0782
5.5272,7.0782
5.5272,7.0782
5.668200000000001,7.0782
5.4708,7.0782
4.2017999999999995,6.7398
4.3145999999999995,6.7398
4.1312999999999995,6.7398
4.1312999999999995,5.7951
4.2158999999999995,5.7951
4.0748999999999995,5.7951
4.0748999999999995,5.668200000000001
4.2299999999999995,5.668200000000001
4.0466999999999995,5.668200000000001
4.0466999999999995,5.668200000000001
4.2440999999999995,5.2452
4.0889999999999995,5.2452
4.2863999999999995,5.2452
4.2863999999999995,4.7940000000000005
4.1171999999999995,4.7940000000000005
4.1171999999999995,4.7940000000000005
3.1443,4.9209
3.0174,4.9209
3.0174,4.9209
4.1594999999999995,4.3850999999999996
4.0184999999999995,4.3850999999999996
3.2712,4.3850999999999996
3.2712,4.1594999999999995
3.1584,4.1594999999999995
3.1584,4.1594999999999995
3.3276,4.1594999999999995
3.1584,4.1594999999999995
3.1584,4.1594999999999995
3.384,4.1594999999999995
3.2994,4.1594999999999995
3.2994,4.1594999999999995
3.2994,4.1594999999999995
3.5109,3.6801
3.5109,3.6801
2.1572999999999998,3.6801
2.0444999999999998,3.6801
2.0444999999999998,2.9892
2.1995999999999998,2.9892
2.1290999999999998,2.9892
2.3547000000000002,2.9892
2.3547000000000002,2.9892
2.2842000000000002,2.9892
2.2842000000000002,2.9892
2.5239,2.9892
2.4816,2.9892
2.4816,3.0315
2.7072,3.0315
2.6508,3.0315
1.269,3.3417
1.269,3.3417
1.2267,3.3417
1.3959000000000001,2.7213
1.3959000000000001,2.7213
1.3254,2.7213
1.3254,2.2137
1.4664,2.2137
1.4382,2.2137
1.5933,2.2137
1.5933,2.2137
1.5369,2.2137
1.5369,2.2137
1.6779,2.2137
1.692,2.2137
1.692,2.0585999999999998
1.8612,2.0585999999999998
1.8048,1.3536
0.0,1.3536
0.0,1.3536
0.0,1.2408
0.0,1.2408
0.0987,1.2408
0.0846,1.2408
0.0846,1.2408
0.1692,1.2408
0.1551,1.2408
0.2256,1.2408
0.2256,1.2408
0.12689999999999999,1.4946
0.1833,1.4946
0.1833,1.4946
0.1974,1.7484
0.1974,1.7484
0.23970000000000002,1.7484
0.2115,1.1421000000000001
0.2115,1.1421000000000001
0.2115,1.1421000000000001
0.1833,0.141
0.3948,0.141
0.3948,0.141
0.35250000000000004,0.0846
0.35250000000000004,0.0846
-1.6638,0.0846
-1.6779,0.0846
-1.6356,0.0846
-1.6356,0.0846
-1.7202,0.0705
-1.6779,0.0705
-1.6779,0.0705
-1.7202,0.0846
-1.7202,0.0846
-1.6497,0.0846
-1.7343,0.1128
-1.692,0.1128
-1.692,0.1128
-1.6638,0.4089
-1.6074,0.4089
-1.6074,-0.35250000000000004
-1.5933,-0.35250000000000004
-1.5933,-0.35250000000000004
-1.5228,-1.5087
-1.5087,-1.5087
-1.5087,-1.5087
-1.4241000000000001,-1.6074
-1.4241000000000001,-1.6074
-1.3395,-1.6074
-1.3395,-1.6356
-1.2549,-1.6356
-1.2549,-1.6356
-4.0325999999999995,-1.6356
-4.0325999999999995,-1.6356
-4.0325999999999995,-1.6356
-4.0184999999999995,-1.6356
-3.9902999999999995,-1.6356
-3.9902999999999995,-1.6356
-3.9902999999999995,-1.6356
-3.9902999999999995,-1.6356
-3.9902999999999995,-1.6356
-4.0325999999999995,-1.6356
-4.0043999999999995,-1.6356
-4.0043999999999995,-1.6356
-3.8916000000000004,-1.3254
-3.7788,-1.3254
-3.7788,-1.3254
-3.7788,-2.2137
-3.6801,-2.2137
-3.6801,-2.2137
-3.5955,-3.8634000000000004
-3.5391,-3.8634000000000004
-3.5391,-3.8634000000000004
-3.5391,-3.8634000000000004
-3.4686,-3.9339000000000004
-3.3558,-3.9339000000000004
-3.3558,-3.9339000000000004
-3.2571,-3.9339000000000004
-3.2571,-3.9621000000000004
-3.2007,-3.9621000000000004
-7.5576,-3.9621000000000004
-7.5576,-3.807
-7.5999,-3.807
-7.4871,-3.807
-7.740900000000001,-3.525
-7.740900000000001,-3.525
-7.698600000000001,-3.525
-7.698600000000001,-3.525
-7.924200000000001,-3.525
-7.839600000000001,-3.525
-7.839600000000001,-3.4827
-8.0229,-3.4827
-7.924200000000001,-3.4827
-8.093399999999999,-3.1725
-8.093399999999999,-3.1725
-7.811400000000001,-3.1725
-7.811400000000001,-3.1725
-8.0229,-4.7799000000000005
-7.670400000000001,-4.7799000000000005
-7.670400000000001,-7.4166
-7.966499999999999,-7.4166
-7.5999,-7.4166
-7.769100000000001,-7.4166
-7.769100000000001,-7.5717
-7.3038,-7.5717
-7.3038,-7.5717
-7.4166,-7.797300000000001
-6.9513,-7.797300000000001
-6.9513,-7.797300000000001
-13.7052,-7.910100000000001
-13.296299999999999,-7.910100000000001
-13.916699999999999,-7.910100000000001
-13.916699999999999,-7.952399999999999
-13.4514,-7.952399999999999
-13.4514,-7.952399999999999
-14.0436,-7.952399999999999
-13.536,-7.952399999999999
-13.536,-7.952399999999999
-14.114099999999999,-7.952399999999999
-13.634699999999999,-7.952399999999999
-14.311499999999999,-7.670400000000001
-14.311499999999999,-7.670400000000001
-13.5924,-7.670400000000001
-13.5924,-7.0359
-14.1282,-7.0359
-13.0989,-7.0359
-13.0989,-9.1227
-13.7616,-9.1227
-18.781200000000002,-9.1227
-20.0079,-12.9156
-20.0079,-12.9156
-19.0914,-12.9156
-20.6847,-13.1412
-20.6847,-13.1412
-19.7541,-13.1412
-19.7541,-13.7616
-24.999299999999998,-13.7616
-24.0828,-13.7616
-26.1696,-13.973099999999999
-26.1696,-13.973099999999999
-25.0275,-13.973099999999999
-27.2976,-13.352699999999999
-27.2976,-13.352699999999999
-25.845299999999998,-13.352699999999999
-25.845299999999998,-15.552299999999999
-30.089399999999998,-15.552299999999999
-28.904999999999998,-15.552299999999999
-31.273799999999998,-19.6272
-31.273799999999998,-19.6272
-29.750999999999998,-19.6272
-29.750999999999998,-20.0361
-32.4441,-20.0361
-30.5124,-20.0361
-30.5124,-22.179299999999998
-32.937599999999996,-22.179299999999998
-31.612199999999998,-22.179299999999998
-34.263,-26.1696
-34.263,-26.1696
-32.8953,-26.1132
-32.8953,-26.1132
-35.814,-26.1132
-34.4604,-26.479799999999997
-34.4604,-26.479799999999997
-35.0103,-26.479799999999997
-33.9105,-27.6783
-36.4062,-27.6783
-36.4062,-27.6783
-35.2641,-27.762900000000002
-35.2641,-27.762900000000002
-38.07,-27.762900000000002
-36.9561,-27.762900000000002
-36.9561,-27.762900000000002
-40.1145,-27.762900000000002
-38.9301,-27.776999999999997
-38.9301,-27.776999999999997
-38.9301,-27.776999999999997
-34.545,-27.8052
-34.545,-27.8052
-39.1416,-27.8052
-38.126400000000004,-27.8052
-38.126400000000004,-27.8052
-38.126400000000004,-27.8052
-37.040699999999994,-27.8052
-37.040699999999994,-27.8052
-41.9052,-27.8052
-40.749,-27.8052
-43.0473,-27.8052
-43.0473,-27.8052
-37.040699999999994,-27.8052
-37.040699999999994,-27.8052
-38.85959999999999,-27.8052
-37.7598,-27.8052
-37.7598,-27.8052
-39.6351,-27.8052
-38.4366,-27.8052
-40.4247,-27.8052
-40.4247,-27.8052
-34.6719,-27.8052
-34.6719,-27.8052
-36.0678,-27.8052
-34.7847,-27.8052
-34.7847,-27.8052
-36.3639,-27.8052
-34.967999999999996,-27.8052
-36.378,-27.8052
-36.378,-27.8052
-34.967999999999996,-27.8052
-34.967999999999996,-27.8052
-32.6979,-27.8052
-31.428900000000002,-27.8052
-31.428900000000002,-27.8052
-32.853,-27.833399999999997
-31.442999999999998,-27.833399999999997
-31.442999999999998,-27.833399999999997
-32.8671,-27.8052
-28.2705,-27.8052
-28.2705,-27.8052
-29.5395,-27.833399999999997
-28.2705,-27.833399999999997
-28.2705,-27.833399999999997
-29.7369,-27.8052
-28.397399999999998,-27.8052
-28.397399999999998,-27.8052
-29.9061,-27.8052
-25.7466,-27.833399999999997
-25.7466,-27.833399999999997
-27.072,-27.833399999999997
-25.8171,-27.8052
-25.8171,-27.8052
-27.1848,-27.8052
-25.9158,-27.8052
-27.3963,-27.8052
-27.3963,-27.8052
-26.0427,-27.8052
-26.0427,-27.8052
-25.0275,-27.8052
-23.9841,-27.8052
-23.9841,-26.8323
-25.4082,-26.8323
-24.3648,-26.8323
-24.3648,-25.3236
-24.3648,-25.3236
-24.717299999999998,-25.3236
-24.717299999999998,-26.226
-26.2542,-26.226
-22.6587,-26.226
-22.6587,-26.8323
-24.054599999999997,-26.8323
-23.025299999999998,-26.8323
-23.025299999999998,-26.8323
-23.025299999999998,-26.1978
-20.8821,-26.1978
-20.8821,-26.1978
-22.1511,-24.971099999999996
-21.2628,-24.971099999999996
-21.2628,-24.971099999999996
-21.2628,-24.5904
-20.3745,-24.5904
-20.3463,-24.5904
-20.3463,-24.717299999999998
-19.5003,-24.717299999999998
-19.5003,-24.717299999999998
-20.6424,-24.914699999999996
-19.8105,-24.914699999999996
-19.8105,-24.914699999999996
-18.5274,-23.3073
-17.8647,-23.3073
-17.8647,-23.3073
-17.8647,-22.2075
-18.0762,-22.2075
-18.0762,-22.2075
-19.035,-21.4884
-18.344099999999997,-21.4884
-18.344099999999997,-21.4884
-17.0751,-20.5719
-16.497,-20.5719
-17.2725,-20.5719
-17.2725,-20.163
-16.6803,-20.163
-16.6803,-19.4721
-17.5122,-19.4721
-14.946,-19.4721
-14.946,-17.9634
-15.636899999999999,-17.9634
-15.0588,-17.9634
-15.721499999999999,-17.6955
-15.721499999999999,-17.6955
-15.1434,-17.6955
-15.1434,-17.723699999999997
-14.114099999999999,-17.723699999999997
-13.550099999999999,-17.723699999999997
-13.550099999999999,-17.780099999999997
-14.085899999999999,-17.780099999999997
-13.5642,-17.780099999999997
-12.6618,-16.8777
-12.6618,-16.8777
-12.1824,-16.8777
-12.1824,-15.651000000000002
-12.7041,-15.651000000000002
-12.1965,-15.651000000000002
-12.1965,-14.988299999999999
-11.280000000000001,-14.988299999999999
-10.8288,-14.988299999999999
-11.251800000000001,-15.1152
-11.251800000000001,-15.1152
-10.8429,-15.1152
-10.8429,-14.367899999999999
-11.3223,-14.367899999999999
-10.8852,-14.367899999999999
-10.8852,-12.9861
-10.0533,-12.9861
-9.7008,-12.9861
-9.7008,-12.2811
-9.7008,-12.2811
-9.334200000000001,-12.2811
-9.334200000000001,-11.5902
-8.9676,-11.5902
-8.600999999999999,-11.0685
-8.600999999999999,-11.0685
-7.825500000000001,-11.0685
-7.4589,-11.0544
-7.4589,-11.0544
-7.755000000000001,-11.0544
-7.4448,-10.998
-7.4448,-10.998
-7.769100000000001,-10.998
-7.4589,-10.2507
-7.4589,-10.2507
-6.6552,-10.2507
-6.345,-9.362400000000001
-6.345,-9.362400000000001
-6.5847,-9.362400000000001
-6.345,-8.883
-6.345,-8.883
-5.499,-8.883
-5.2593,-8.036999999999999
-5.2593,-8.036999999999999
-5.4567,-8.036999999999999
-5.2029,-7.3884
-5.2029,-7.3884
-5.4003,-7.3884
-5.1888,-7.3179
-5.1888,-7.3179
-4.2722999999999995,-7.3179
-4.0466999999999995,-6.8808
-4.0466999999999995,-6.8808
-4.0466999999999995,-6.8808
-3.8916000000000004,-6.2322
-3.8916000000000004,-6.2322
-4.1312999999999995,-6.2322
-3.9761999999999995,-6.2322
-2.8764,-5.781
-2.8764,-5.781
-2.7636,-5.781
-2.7636,-5.1324
-2.7636,-5.1324
-2.6367,-5.1324
-2.6367,-5.0901
-2.7354,-4.6812000000000005
-2.6226,-4.6812000000000005
-2.6226,-4.6812000000000005
-2.6931,-3.9621000000000004
-2.5521,-3.9621000000000004
-2.5521,-3.9621000000000004
-1.3113,-3.9339000000000004
-1.2408,-3.9339000000000004
-1.2408,-3.9339000000000004
-1.1844000000000001,-3.5532
-1.1139,-3.5532
-1.0715999999999999,-3.5532
-1.0715999999999999,-2.679
-1.0010999999999999,-2.679
-1.0010999999999999,-2.679
-0.9729000000000001,-2.5521
-0.9165,-2.5521
-0.9165,-2.5521
0.47940000000000005,-2.5521
-0.8319,-2.5521
0.6063,-2.5521
0.6063,-2.5521
0.6063,-1.9176000000000002
0.6063,-1.9176000000000002
0.7755,-1.9176000000000002
0.8037,-1.1421000000000001
0.8037,-1.1421000000000001
0.9870000000000001,-1.1421000000000001
1.0010999999999999,-1.0010999999999999
1.0010999999999999,-1.0010999999999999
1.0010999999999999,-1.0010999999999999
1.2267,-0.9447
1.2267,-0.9447
1.4241000000000001,-0.9447
1.3818,-0.8319
1.3818,-0.8319
3.0456,-0.8319
1.4946,-0.12689999999999999
3.3276,0.7050000000000001
3.3276,0.7050000000000001
3.2712,0.7050000000000001
3.2712,0.8319
3.6237,0.8319
3.5532,0.8319
3.5532,0.8319
3.8634000000000004,0.9588000000000001
3.7929,0.9588000000000001
3.7929,0.9588000000000001
3.7929,1.1139
3.6237,1.1139
3.6237,1.1139
4.4697,2.0162999999999998
5.5413,2.0162999999999998
5.5413,2.0162999999999998
5.9925,3.0597
5.781,3.0597
6.2886,3.0597
6.2886,3.3417
6.0771,3.3417
6.0771,3.3417
6.5706,3.6942
6.4155,3.6942
6.4155,3.6942
6.9372,3.7788
6.7116,3.7788
7.2756,3.7788
7.2756,4.0325999999999995
7.0077,4.0325999999999995
7.0077,4.0325999999999995
7.5858,5.1042
7.3038,5.1042
7.3038,5.1042
9.1227,6.0066
8.798399999999999,6.0066
9.4329,6.0066
9.4329,6.3168
9.1227,6.3168
9.1227,6.3168
9.799499999999998,6.5847
9.4329,6.5847
9.4329,6.9513
9.4329,6.9513
9.0663,6.9513
10.6596,7.1346
10.6596,7.1346
10.2648,7.1346
10.2648,7.1487
11.0121,7.1487
10.5468,7.1487
10.5468,7.797300000000001
10.5468,7.797300000000001
10.0815,7.797300000000001
10.0815,9.1509
10.0815,9.1509
9.6021,9.1509
9.6021,9.1509
13.1694,9.1509
12.7182,9.1509
12.7182,9.6585
13.677,9.6585
13.2117,9.6585
13.2117,10.3776
14.2692,10.3776
13.775699999999999,10.3776
13.775699999999999,10.3635
14.790899999999999,10.3635
14.3256,10.3635
14.3256,10.3776
15.495899999999999,10.3776
14.960099999999999,10.3776
14.960099999999999,9.87
16.215,9.87
15.608699999999999,9.87
16.919999999999998,10.8711
16.919999999999998,10.8711
16.3701,10.8711
16.3701,13.6206
17.5122,13.6206
16.9059,14.1564
16.9059,14.1564
18.1608,14.1564
17.540399999999998,14.9178
17.540399999999998,14.9178
18.795299999999997,14.9178
18.217200000000002,15.087
18.217200000000002,15.087
19.5144,15.087
18.9222,15.0588
18.9222,15.0588
20.2335,15.0588
19.035,15.622800000000002
19.035,15.622800000000002
20.1489,15.622800000000002
19.5849,16.3137
19.5849,16.3137
20.727,16.3137
20.0925,16.9341
20.0925,16.9341
21.2487,16.9341
20.6424,17.540399999999998
20.6424,17.540399999999998
20.6424,17.540399999999998
19.9515,18.2031
19.9515,18.2031
22.2498,18.2031
21.502499999999998,18.2031
20.4168,18.7107
21.432,18.7107
20.7411,18.7107
20.7411,19.063200000000002
21.7704,19.063200000000002
21.0513,19.063200000000002
21.0513,19.5144
21.0513,19.5144
20.3181,19.5144
20.3181,20.0502
22.2498,20.0502
21.4743,20.0502
22.560000000000002,20.2053
22.560000000000002,20.0502
21.8127,20.0502
21.8127,20.0502
22.8138,20.1207
22.066499999999998,20.1207
22.066499999999998,20.1207
23.081699999999998,20.4591
20.5719,20.4591
21.3615,20.4591
21.3615,20.6142
20.6847,20.6142
20.6847,20.6142
21.5166,20.6142
20.7975,20.5578
20.7975,20.5578
21.6012,20.5578
20.8962,21.1218
20.8962,21.1218
20.8962,21.1218
21.1359,21.5871
21.1359,21.5871
22.0524,21.5871
21.3474,21.389699999999998
21.3474,21.389699999999998
22.278,21.389699999999998
21.6294,20.5296
22.630499999999998,20.5296
22.630499999999998,20.5296
21.9678,20.4591
21.9678,20.4591
22.968899999999998,20.4591
20.304,20.4591
20.304,20.4591
21.15,20.4591
20.5437,20.5155
21.4179,20.5155
21.4179,20.5155
20.7834,20.9385
20.7834,20.9385
21.615299999999998,21.1782
21.009,21.1782
21.009,21.1782
21.784499999999998,21.432
21.1218,21.432
22.0383,21.432
22.0383,22.1088
21.446099999999998,22.1088
21.446099999999998,22.1088
22.2498,22.0947
21.5871,22.0947
21.5871,22.0947
21.5871,21.1218
20.9244,21.1218
22.560000000000002,21.1218
22.560000000000002,21.1077
21.897299999999998,21.1077
21.897299999999998,21.1077
22.785600000000002,21.2628
19.9515,21.2628
19.9515,21.2628
20.6142,21.558899999999998
20.0361,21.558899999999998
20.0361,21.558899999999998
20.6988,21.7563
20.0784,21.7563
20.0784,21.7563
20.7693,21.8268
20.1771,21.8268
20.1771,21.8268
20.8821,21.7704
20.2758,21.7704
20.9949,21.7704
20.9949,22.1934
20.4873,22.1934
20.4873,22.1934
21.2346,21.6294
20.7411,21.6294
20.7411,21.6294
21.4884,20.163
20.9526,20.163
20.9526,19.8951
20.9526,19.8951
19.119600000000002,19.8951
19.119600000000002,19.8951
19.74,19.8951
19.2465,19.8951
19.2465,20.0502
19.9092,20.0502
19.3875,20.0502
19.3875,20.3886
19.9515,20.3886
19.4439,20.3886
19.4439,20.3886
20.163,20.3886
19.6131,20.3886
19.6131,20.4168
20.2476,20.4168
19.6695,20.4168
19.6695,20.2194
20.3604,20.2194
19.768199999999997,20.2194
19.768199999999997,19.020899999999997
20.4732,19.020899999999997
19.8669,19.020899999999997
19.8669,19.063200000000002
18.442800000000002,19.063200000000002
17.8788,19.063200000000002
17.8788,19.655399999999997
18.400499999999997,19.655399999999997
17.8506,19.655399999999997
17.8506,19.655399999999997
17.8506,19.8669
17.3007,19.8669
17.3007,19.8669
17.3007,20.0079
16.7367,20.0079
16.7367,20.0079
18.400499999999997,20.1489
17.836499999999997,19.0491
17.836499999999997,19.0491
18.4146,19.0491
17.8083,18.2454
17.8083,18.2454
18.456899999999997,18.2454
17.9352,17.9352
17.9352,17.9352
17.9352,17.9352
17.3994,17.357100000000003
16.9059,17.357100000000003
16.9059,17.357100000000003
16.4406,16.7931
16.4406,16.7931
17.0046,16.7931
16.525199999999998,16.7931
16.525199999999998,16.7931
17.1315,16.7931
16.6239,17.413500000000003
16.6239,17.413500000000003
17.201999999999998,17.413500000000003
16.7649,17.596799999999998
16.7649,17.596799999999998
17.371199999999998,17.596799999999998
16.919999999999998,17.596799999999998
16.919999999999998,17.371199999999998
17.4981,17.371199999999998
17.0751,17.371199999999998
17.0751,16.5957
17.0751,16.5957
17.3853,16.5957
15.594600000000002,16.2855
16.1445,16.2855
15.749699999999999,16.2855
15.749699999999999,16.2714
16.3842,16.2714
15.989399999999998,16.2714
15.989399999999998,16.299599999999998
15.989399999999998,16.299599999999998
16.2009,16.299599999999998
16.2009,16.5111
16.2009,16.750799999999998
15.792000000000002,16.750799999999998
15.792000000000002,16.750799999999998
16.9341,16.9623
16.581599999999998,16.9623
17.2443,16.9623
17.2443,16.9623
16.863599999999998,16.581599999999998
16.863599999999998,16.581599999999998
15.538200000000002,16.581599999999998
15.157499999999999,15.806099999999999
15.157499999999999,15.806099999999999
15.157499999999999,15.806099999999999
14.762699999999999,15.777899999999999
15.721499999999999,15.777899999999999
15.721499999999999,15.777899999999999
15.312600000000002,15.777899999999999
15.312600000000002,15.777899999999999
15.792000000000002,15.777899999999999
15.383099999999999,15.806099999999999
15.383099999999999,15.806099999999999
15.904799999999998,15.806099999999999
13.691099999999999,16.3983
13.691099999999999,16.3983
13.691099999999999,16.3983
15.044699999999999,15.735600000000002
15.044699999999999,15.735600000000002
14.1,15.735600000000002
13.7052,14.847299999999999
13.7052,14.847299999999999
14.114099999999999,14.847299999999999
13.677,14.7204
14.0718,14.7204
14.0718,14.7204
13.6488,15.0024
13.6488,15.0024
14.0436,15.0024
13.5924,14.508899999999999
13.5924,14.508899999999999
13.5924,14.1
13.1271,14.1
13.1271,14.1
13.1271,14.2128
11.829899999999999,14.2128
11.829899999999999,14.2128
12.1965,13.803899999999999
11.7876,13.803899999999999
11.7876,13.803899999999999
12.2247,13.803899999999999
11.7876,13.803899999999999
12.1824,13.803899999999999
12.1824,13.803899999999999
11.717099999999999,13.803899999999999
11.717099999999999,13.803899999999999
12.1965,13.803899999999999
11.7876,13.803899999999999
11.7876,13.803899999999999
11.7876,13.3104
11.3505,13.3104
11.3505,13.3104
10.8288,12.4503
10.4622,12.4503
10.4622,12.4503
10.8711,12.0414
10.4904,12.0414
10.4904,12.0414
10.9416,12.0132
10.5891,12.0132
10.5891,12.0132
10.5891,12.0132
10.2648,12.0132
10.2648,12.0132
11.251800000000001,11.632499999999999
10.9698,11.632499999999999
10.9698,11.632499999999999
11.5056,10.7442
11.223600000000001,10.7442
11.223600000000001,10.7442
10.434,10.3353
10.1661,10.3353
10.6737,10.293
10.6737,10.293
10.4199,10.293
10.4199,10.293
10.8993,10.293
10.6596,10.293
10.6596,10.3071
11.2095,10.3071
10.9698,10.3071
11.4774,10.3071
11.4774,10.3071
11.195400000000001,10.3071
11.195400000000001,10.7724
11.7594,10.7724
11.5056,10.7724
11.5056,10.9839
12.027299999999999,10.9839
11.7594,10.9839
12.3093,10.7865
12.3093,10.7865
10.6596,10.7865
10.6596,10.7724
11.1531,10.7724
10.8711,10.7724
10.8711,11.0262
11.3505,11.0262
11.0544,11.0262
11.0544,11.4069
11.491499999999998,11.4069
11.167200000000001,11.4069
11.167200000000001,11.4069
11.604299999999999,11.717099999999999
11.251800000000001,11.717099999999999
11.251800000000001,11.717099999999999
11.251800000000001,11.985
10.9134,11.985
10.9134,11.985
10.4904,11.801699999999999
10.1097,11.223600000000001
10.1097,11.223600000000001
10.4904,11.223600000000001
10.0674,11.195400000000001
10.0674,11.195400000000001
10.4481,11.195400000000001
10.0815,11.195400000000001
10.0815,11.195400000000001
10.4481,11.195400000000001
10.0392,11.1813
10.0392,11.1813
10.4199,11.1813
8.9394,10.9416
8.9394,10.9416
8.9394,10.9416
8.9253,10.9416
8.9253,10.3353
8.9253,10.3353
8.8548,10.3353
8.8548,9.940499999999998
9.221400000000001,9.940499999999998
8.8407,9.940499999999998
8.8407,9.912299999999998
8.0511,9.912299999999998
7.670400000000001,9.912299999999998
8.0229,9.912299999999998
8.0229,9.912299999999998
7.670400000000001,9.912299999999998
7.670400000000001,9.4047
8.093399999999999,9.4047
7.755000000000001,9.4047
7.755000000000001,8.741999999999999
8.1639,8.741999999999999
7.825500000000001,8.741999999999999
7.825500000000001,8.713799999999999
8.290799999999999,8.713799999999999
7.938299999999999,8.713799999999999
7.938299999999999,8.713799999999999
7.2333,8.713799999999999
6.9654,8.713799999999999
6.9654,8.3049
6.9654,8.3049
6.6975,7.797300000000001
6.6975,7.797300000000001
6.6975,7.797300000000001
7.3461,7.5999
7.3461,7.5999
7.853700000000001,7.5999
7.642200000000001,7.5999
7.642200000000001,7.5999
8.177999999999999,7.5999
7.966499999999999,7.5999
7.966499999999999,7.5999
7.2897,7.5999
7.1346,7.5435
7.1346,7.5435
7.614,7.5435
7.473,6.6693
7.473,6.6693
7.980599999999999,6.6693
7.811400000000001,6.5988
8.3613,6.5988
8.3613,6.5988
8.2203,7.2051
8.2203,7.2051
7.5153,7.2051
7.4025,7.5999
7.4025,7.5999
7.896000000000001,7.5999
7.783200000000001,7.642200000000001
8.206199999999999,7.642200000000001
8.206199999999999,7.642200000000001
8.1075,7.332
8.1075,7.332
8.5305,7.332
8.431799999999999,7.332
8.431799999999999,7.332
8.8548,7.332
8.770199999999999,7.769100000000001
8.770199999999999,7.769100000000001
7.712700000000001,7.811400000000001
7.656300000000001,7.811400000000001
7.656300000000001,7.811400000000001
7.966499999999999,7.614
7.896000000000001,7.614
7.896000000000001,7.614
8.2203,7.938299999999999
8.1639,7.938299999999999
8.1639,7.938299999999999
8.4177,8.206199999999999
8.3613,8.206199999999999
8.3613,8.206199999999999
8.6715,8.5023
8.6151,8.5023
8.6151,8.5023
8.8266,8.4177
8.7561,8.4177
8.7561,8.4177
8.9817,7.896000000000001
8.8971,7.896000000000001
9.136800000000001,7.896000000000001
9.136800000000001,7.896000000000001
9.0381,7.896000000000001
9.0381,7.896000000000001
7.684500000000001,8.0229
7.5999,8.0229
7.5999,8.0229
9.306000000000001,8.375399999999999
9.193200000000001,8.375399999999999
7.712700000000001,8.375399999999999
7.712700000000001,8.516399999999999
7.5717,8.516399999999999
7.5717,8.516399999999999
7.684500000000001,8.657399999999999
7.5435,8.657399999999999
7.5435,8.657399999999999
7.6281,8.8125
7.4448,8.8125
7.4448,8.8125
7.5294,8.8125
7.3602,8.4177
7.3602,8.177999999999999
7.4166,8.177999999999999
7.2474,8.177999999999999
7.2474,8.488199999999999
7.332,8.488199999999999
7.1487,8.488199999999999
7.2192,7.698600000000001
7.2192,7.698600000000001
7.0218,7.698600000000001
7.0218,7.4871
7.1346,7.4871
6.909,7.4871
6.909,7.4589
7.0218,7.4589
6.8244,7.4589
6.9795,7.3602
6.9795,7.3602
6.7539,7.3602
6.7539,7.2615
5.668200000000001,7.2615
5.4426,7.2615
5.4426,7.2615
5.583600000000001,7.1769
5.3298,7.1769
5.499,7.1769
5.499,7.0782
5.2593,7.0782
5.2593,7.0782
5.2593,7.0218
5.0619,7.0218
5.0619,7.0218
5.499,6.8949
5.3157,6.8949
5.5131,6.8949
5.5131,6.2886
5.3298,6.2886
5.3298,6.2886
5.597700000000001,5.5413
5.4426,5.4426
5.4426,5.4426
5.7387,5.4426
5.597700000000001,5.2875
5.8797,5.2875
5.8797,5.2875
5.724600000000001,5.076
5.724600000000001,5.076
4.9068,5.076
4.7517000000000005,5.076
5.9361,5.0478
5.0055,5.0478
4.9068,5.0478
5.2311,5.0901
5.2311,5.0901
5.1183,5.0901
5.1183,5.2593
5.4708,5.2593
5.358,5.2593
5.358,5.5272
5.668200000000001,5.5272
5.5272,5.5272
5.8797,5.696400000000001
5.8797,5.696400000000001
5.7669,5.696400000000001
5.7669,5.724600000000001
4.8927,5.724600000000001
4.7940000000000005,5.724600000000001
4.7940000000000005,5.7387
5.0619,5.7387
4.9914,5.7387
5.2734,5.1888
5.2734,5.1888
5.1465,5.1888
5.1465,5.1324
5.4285,5.1324
5.358,5.1324
5.358,5.2311
5.625900000000001,5.2311
5.5272,5.2311
5.5272,5.668200000000001
5.5272,5.668200000000001
5.4426,5.4567
4.9068,5.4567
4.9068,5.4567
4.7940000000000005,4.9773
4.7940000000000005,4.9773
4.9773,4.9773
4.8786,4.9491
5.1042,4.9491
5.1042,4.9491
4.9773,4.9491
5.1747,4.9491
5.1747,4.9491
5.0055,5.1747
5.0055,5.1747
5.1747,5.1747
5.0478,5.4426
5.2593,5.4426
5.2593,5.4426
5.0901,5.3298
5.2452,5.3298
5.2452,5.3298
5.0901,4.9068
5.0901,4.9068
4.3568999999999996,4.9068
4.1876999999999995,4.8504
4.3709999999999996,4.8504
4.3709999999999996,4.8504
4.2440999999999995,4.8786
4.2440999999999995,4.8786
4.3850999999999996,4.8786
4.2299999999999995,4.8504
4.2299999999999995,4.8504
4.2299999999999995,4.8504
4.0748999999999995,4.8504
4.0748999999999995,4.8504
4.4274,4.8504
4.2722999999999995,4.9491
4.2722999999999995,4.9491
4.4556,4.9773
4.3004999999999995,4.9773
4.3004999999999995,4.9773
4.5261,4.4415
4.3709999999999996,4.4415
4.3709999999999996,4.4415
3.8493000000000004,4.2581999999999995
3.6942,4.2581999999999995
3.9198000000000004,4.2581999999999995
3.9198000000000004,4.2581999999999995
3.7506,4.2581999999999995
3.7506,4.2581999999999995
3.9902999999999995,4.2299999999999995
3.8211000000000004,4.2299999999999995
3.8211000000000004,4.2299999999999995
4.0607999999999995,4.2299999999999995
3.8916000000000004,4.2299999999999995
3.525,4.2299999999999995
3.525,4.2299999999999995
3.384,4.2299999999999995
3.384,4.2299999999999995
3.384,4.2581999999999995
3.2289,4.2581999999999995
3.2289,4.2581999999999995
3.2289,4.0043999999999995
3.0879,4.0043999999999995
3.8493000000000004,4.0043999999999995
3.8493000000000004,3.6942
3.7224,3.6942
3.7224,3.6942
4.0184999999999995,3.6801
3.1866,3.6801
3.1866,3.6801
3.4545,3.6801
3.3276,3.6519
3.5955,3.6519
3.5955,3.6519
3.4404,3.3135
3.4404,3.3135
3.4404,3.3135
3.3276,3.0879
3.3276,3.0597
3.0174,3.0597
2.9046,3.0597
2.9046,3.4968
3.1302,3.4968
3.0033,3.4968
3.0033,3.5673
3.243,3.5673
3.1584,3.5673
3.1584,3.5673
3.4404,3.5673
3.3558,3.5673
3.6519,3.5673
3.6519,3.5673
3.525,3.5673
3.525,3.5673
3.525,3.1302
3.4404,3.1302
3.4404,3.1302
3.2712,2.961
3.1866,2.961
3.4545,2.961
3.4545,2.9751
3.3276,2.9751
3.3276,2.9751
3.6519,3.0879
3.525,3.0879
3.525,3.0879
3.7929,3.4686
3.6942,3.4686
3.6942,3.4686
3.6942,3.5532
3.2007,3.5532
3.2007,3.5532
3.4686,3.5391
3.3699,3.5391
3.3699,3.5391
3.5814,3.384
3.4686,3.3417
3.7506,3.3417
3.7506,3.3417
3.6096,3.3417
3.6096,3.5391
3.0597,3.5391
2.9469,3.5391
2.9469,3.666
3.1725,3.666
3.0597,3.666
3.2853,3.6237
3.2853,3.6237
3.1443,3.6237
3.1443,3.3135
3.384,3.3135
3.2571,3.3135
2.2419,3.3135
2.3829000000000002,3.3135
2.2701,3.3135
2.2701,3.4968
2.2701,3.4968
2.1572999999999998,3.4968
2.1572999999999998,3.3417
2.5803,3.3417
2.4393,3.3417
2.4393,3.1302
2.6367,3.1302
2.538,3.1302
2.538,3.1302
2.7777,3.1302
2.679,3.1302
2.679,2.8059000000000003
2.8905,2.8059000000000003
2.7777,2.8059000000000003
2.7777,2.1995999999999998
2.3829000000000002,2.1995999999999998
2.3124000000000002,2.1995999999999998
2.5662,2.1431999999999998
2.5662,2.1431999999999998
2.4816,2.1431999999999998
2.4816,2.1149999999999998
2.6931,2.1149999999999998
2.5944,2.3265000000000002
2.5944,2.3265000000000002
2.8482000000000003,2.3265000000000002
2.7495,2.6508
2.7495,2.6508
2.7495,2.6508
2.6649,2.6508
2.6649,2.6508
2.3265000000000002,2.6508
2.256,2.6508
2.256,2.6508
2.5098,2.6508
2.4252,2.4957
2.4252,2.4957
2.6508,2.4957
2.5944,2.4534
2.5944,2.4534
2.8764,2.4534
2.7918000000000003,2.4393
2.7918000000000003,2.4393
3.0315,2.4393
2.9469,2.5521
2.9469,2.5521
3.2571,2.5521
2.2983000000000002,2.5803
2.2983000000000002,2.5803
2.2983000000000002,2.5803
2.1995999999999998,2.3688000000000002
2.1995999999999998,2.3688000000000002
2.6367,2.3688000000000002
2.5662,2.3688000000000002
2.5662,2.3688000000000002
2.8059000000000003,2.3688000000000002
2.7072,2.3970000000000002
2.9328,2.3970000000000002
2.9328,2.3970000000000002
2.8341000000000003,2.7495
2.8341000000000003,2.7495
2.3265000000000002,2.7777
2.2278,2.7777
2.2278,2.7777
2.4252,2.3406000000000002
2.3265000000000002,2.3406000000000002
2.3265000000000002,2.3406000000000002
2.5098,2.2842000000000002
2.3970000000000002,2.2842000000000002
2.3970000000000002,2.2842000000000002
2.5944,2.5239
2.4957,2.5239
2.4957,2.5239
2.7072,2.7636
2.6367,2.7636
2.2842000000000002,2.7636
2.2842000000000002,2.7636
2.1995999999999998,2.7636
2.1995999999999998,2.7636
2.3829000000000002,2.3406000000000002
2.3124000000000002,2.3406000000000002
2.3124000000000002,2.3406000000000002
2.4816,2.3124000000000002
2.4111000000000002,2.3124000000000002
2.6367,2.3124000000000002
2.6367,2.3124000000000002
2.538,2.3124000000000002
2.538,2.3124000000000002
2.7636,2.3124000000000002
2.679,2.3265000000000002
2.679,2.3265000000000002
2.9187,2.3265000000000002
2.8200000000000003,2.3406000000000002
2.679,2.3406000000000002
2.679,2.3406000000000002
2.9751,2.3406000000000002
2.9751,2.3406000000000002
2.8059000000000003,2.3406000000000002
2.7072,2.3406000000000002
2.7072,2.3406000000000002
2.961,2.3406000000000002
2.8482000000000003,2.3688000000000002
3.1302,2.3406000000000002
3.1302,2.3406000000000002
3.0033,2.3406000000000002
3.0033,2.6508
3.3135,2.6508
3.2007,2.6508
3.2007,2.8623000000000003
3.2007,2.8623000000000003
3.0738,2.8623000000000003
3.2007,2.8623000000000003
3.2007,2.8623000000000003
3.102,2.8623000000000003
3.102,2.8623000000000003
3.384,2.8482000000000003
3.2853,2.8482000000000003
3.2853,2.8482000000000003
3.5532,2.8341000000000003
3.4545,2.8341000000000003
3.4545,2.8341000000000003
3.4545,2.9328
3.6519,2.9328
3.6519,2.9328
3.7647,3.1866
3.6519,3.1866
3.6519,3.1866
3.9761999999999995,3.1866
3.8634000000000004,3.1866
4.1735999999999995,3.1866
4.1735999999999995,3.1866
4.0748999999999995,3.1866
4.0748999999999995,3.1866
4.3850999999999996,3.3135
4.2440999999999995,3.3135
4.2440999999999995,3.3135
4.2440999999999995,3.4968
4.1312999999999995,3.4968
4.9068,3.4968
4.9068,3.4968
4.7517000000000005,3.4968
4.7517000000000005,3.7506
4.8081000000000005,3.7506
4.7094000000000005,3.7506
4.7094000000000005,4.0043999999999995
5.076,4.0043999999999995
4.9632,4.0043999999999995
5.2875,4.0889999999999995
5.2875,4.0889999999999995
5.1042,4.0889999999999995
5.1042,4.0889999999999995
5.4426,4.0889999999999995
5.3016,4.0889999999999995
5.3016,4.4133
5.654100000000001,4.4133
5.499,4.4133
5.3157,4.8081000000000005
5.654100000000001,4.8081000000000005
5.4567,4.8081000000000005
5.4567,4.8081000000000005
5.8233,4.8081000000000005
5.597700000000001,4.8081000000000005
5.597700000000001,4.8081000000000005
5.9502,4.8081000000000005
5.710500000000001,4.8081000000000005
5.710500000000001,4.9773
6.1053,4.9773
5.8797,4.9773
5.8797,5.1324
5.8797,5.1324
5.4708,5.1324
5.611800000000001,5.2029
5.611800000000001,5.2029
5.358,5.2029
5.2311,5.2875
5.2311,5.2875
4.9773,5.2875
6.345,5.5695
6.345,5.5695
6.0771,5.5695
6.0771,5.9079
6.5424,5.9079
6.2463,5.9502
6.2463,5.9502
6.5142,5.9502
6.2322,5.8938
6.2322,5.8938
6.627,5.8938
6.3732,5.3862
6.3732,5.3862
6.8667,5.3862
6.6129,5.1324
6.6129,5.1324
7.1487,5.1324
6.8808,5.2029
6.8808,5.2029
7.1487,5.2029
6.8808,5.9502
6.8808,5.9502
7.4166,5.9502
7.191,6.0771
7.191,6.0771
7.740900000000001,6.0771
7.4871,6.1758
8.1357,6.1758
8.1357,6.1758
7.867800000000001,6.3591
7.867800000000001,6.3591
7.867800000000001,6.3591
7.6281,6.6129
7.6281,6.6129
8.685599999999999,6.6129
8.8125,6.768
8.8125,6.768
8.8125,6.768
8.262599999999999,6.768
8.262599999999999,6.8949
9.6585,6.8949
9.390600000000001,6.8949
9.390600000000001,7.4589
9.390600000000001,7.896000000000001
9.940499999999998,7.896000000000001
9.940499999999998,7.896000000000001
10.6737,7.896000000000001
10.434,7.896000000000001
10.434,7.896000000000001
10.5468,7.896000000000001
10.3917,7.896000000000001
10.3917,7.896000000000001
11.0685,8.2485
10.8429,8.2485
10.8429,8.2485
10.8429,8.6151
10.6596,8.6151
10.6596,8.6151
12.0132,9.4611
11.8158,9.4611
11.8158,9.4611
11.8158,10.011
12.2811,10.011
12.2811,10.011
12.2811,10.011
12.8169,10.2507
12.8169,10.2507
13.521899999999999,10.2507
13.380899999999999,10.434
13.380899999999999,10.434
13.380899999999999,10.434
12.972,10.6032
12.972,10.6032
12.972,10.6032
13.380899999999999,11.0121
13.380899999999999,11.0121
13.959,11.0121
13.8462,11.8158
13.8462,11.8158
14.3256,11.8158
14.198699999999999,12.3234
14.198699999999999,12.3234
14.198699999999999,12.3234
14.6076,12.8592
14.6076,13.0989
15.0306,13.0989
14.903699999999999,13.0989
14.903699999999999,13.0989
14.903699999999999,13.0425
14.7486,13.0425
15.594600000000002,13.0707
15.594600000000002,13.0707
15.453600000000002,13.0707
15.453600000000002,13.0707
15.453600000000002,13.7898
15.270299999999999,13.7898
15.270299999999999,13.7898
15.947099999999999,14.0718
15.721499999999999,14.0718
15.721499999999999,14.0718
15.721499999999999,14.367899999999999
15.806099999999999,14.367899999999999
15.806099999999999,14.367899999999999
16.0881,14.7486
14.6076,14.7486
14.6076,14.7486
14.819099999999999,15.0306
14.523,15.0306
14.7204,15.0306
14.7204,15.312600000000002
14.3538,15.312600000000002
14.3538,15.312600000000002
14.565299999999999,15.495899999999999
14.1282,15.495899999999999
14.1282,15.495899999999999
14.2974,15.651000000000002
13.832099999999999,15.651000000000002
14.029499999999999,15.651000000000002
14.029499999999999,15.665099999999999
13.536,15.665099999999999
13.536,15.665099999999999
13.7334,15.552299999999999
13.2117,15.552299999999999
13.2117,14.7486
13.437299999999999,14.7486
12.9156,14.7486
12.3516,14.3256
12.3516,14.3256
11.844,14.3256
11.844,13.944899999999999
12.0696,13.944899999999999
11.5338,13.944899999999999
11.5338,13.8744
11.5338,13.8744
11.0262,13.8744
11.547899999999998,13.634699999999999
11.547899999999998,13.634699999999999
11.0826,13.634699999999999
11.0826,13.254
11.421000000000001,13.254
10.9557,13.254
10.9557,12.6054
11.3787,12.6054
10.8993,12.6054
10.8993,11.999099999999999
11.3223,11.999099999999999
10.8429,11.999099999999999
11.421000000000001,11.5338
11.421000000000001,11.5338
10.9557,11.5338
10.9557,11.3787
11.0262,11.3787
10.6032,11.3787
10.6032,11.308200000000001
11.1813,11.308200000000001
10.7865,11.308200000000001
10.7865,11.223600000000001
11.4351,11.223600000000001
11.0685,11.223600000000001
11.0685,11.195400000000001
11.7312,11.195400000000001
11.4069,11.195400000000001
11.4069,11.195400000000001
12.126,11.195400000000001
11.829899999999999,11.139
12.5349,11.139
12.5349,11.139
12.2388,10.7442
12.2388,10.7442
12.9861,10.7442
12.7464,10.5327
12.7464,10.5327
13.536,10.5327
13.2822,10.5327
14.1564,10.5327
14.1564,10.5327
13.9026,10.9416
13.9026,10.9416
14.7486,10.9416
13.550099999999999,11.5902
13.550099999999999,11.5902
13.550099999999999,11.5902
13.352699999999999,12.1683
14.805,12.1683
14.805,12.1683
14.537099999999999,12.2811
14.537099999999999,12.2811
15.2562,12.2811
15.0306,13.1976
15.0306,13.1976
15.721499999999999,13.1976
15.425400000000002,13.1976
15.425400000000002,13.860299999999999
16.1163,13.860299999999999
15.820200000000002,13.860299999999999
15.820200000000002,13.818
16.3842,13.818
16.0599,13.818
16.0599,13.7616
16.637999999999998,13.7616
16.2573,13.7616
16.2573,14.339699999999999
16.750799999999998,14.523
16.3278,14.523
16.3278,14.523
16.8213,14.960099999999999
15.0588,14.960099999999999
15.0588,14.960099999999999
15.453600000000002,15.369000000000002
15.0024,15.369000000000002
15.369000000000002,15.369000000000002
15.369000000000002,15.679200000000002
14.847299999999999,15.679200000000002
14.847299999999999,15.679200000000002
15.213899999999999,15.932999999999998
14.706299999999999,15.932999999999998
14.706299999999999,15.932999999999998
15.072899999999999,15.932999999999998
14.5512,16.073999999999998
14.931899999999999,16.073999999999998
14.931899999999999,16.073999999999998
14.3538,15.820200000000002
14.3538,15.820200000000002
14.762699999999999,15.820200000000002
14.198699999999999,15.0024
14.198699999999999,15.0024
14.649899999999999,15.0024
14.0718,14.790899999999999
13.5642,14.790899999999999
13.5642,14.790899999999999
13.0002,14.621699999999999
13.0002,14.621699999999999
13.4514,14.621699999999999
12.8874,14.4666
12.8874,14.4666
13.352699999999999,14.4666
12.7887,14.2692
13.352699999999999,14.2692
13.352699999999999,14.2692
12.831,14.1
12.831,14.1
13.4232,14.1
12.8733,13.944899999999999
12.8733,13.944899999999999
13.493699999999999,13.4514
12.972,13.4514
12.972,13.4514
13.6488,13.0143
13.0989,13.0143
13.0989,13.0143
13.8462,13.0143
13.3386,13.0143
13.3386,13.0143
13.3386,13.113
12.1542,13.113
12.1542,13.113
12.8451,13.1835
11.7312,13.1835
11.7312,13.1835
13.832099999999999,13.268099999999999
13.395,13.268099999999999
13.395,13.268099999999999
14.2128,13.3386
13.7616,13.3386
13.7616,13.3386
14.5512,13.5078
14.142299999999999,13.5078
14.988299999999999,13.5078
14.988299999999999,13.550099999999999
14.593499999999999,13.550099999999999
14.593499999999999,13.550099999999999
15.510000000000002,13.113
15.087,13.113
15.989399999999998,13.113
15.989399999999998,12.972
15.524099999999999,12.972
16.4406,12.972
16.4406,13.6488
14.734499999999999,13.6488
14.734499999999999,13.6488
15.439499999999999,13.916699999999999
15.0024,13.916699999999999
15.763800000000002,14.198699999999999
15.763800000000002,14.198699999999999
15.326699999999999,14.198699999999999
16.0881,14.5794
16.0881,14.5794
15.580499999999999,14.5794
15.580499999999999,15.213899999999999
16.3278,15.213899999999999
15.820200000000002,15.213899999999999
15.820200000000002,15.989399999999998
16.581599999999998,15.989399999999998
16.0458,15.989399999999998
16.7931,15.707400000000002
16.7931,15.707400000000002
16.243199999999998,15.707400000000002
16.243199999999998,15.087
16.976399999999998,15.087
16.4406,15.087
16.4406,15.566400000000002
17.1879,15.566400000000002
16.5957,15.566400000000002
15.777899999999999,15.693299999999999
15.777899999999999,15.693299999999999
15.228,15.693299999999999
15.228,15.707400000000002
15.806099999999999,15.707400000000002
15.1998,15.707400000000002
15.1998,16.2855
15.862499999999999,16.2855
15.228,16.2855
15.228,16.581599999999998
15.848400000000002,16.581599999999998
15.242099999999999,16.581599999999998
15.242099999999999,16.8495
15.904799999999998,16.8495
15.298499999999999,16.8495
15.298499999999999,16.8495
16.0035,16.5957
15.397200000000002,16.5957
16.1445,16.5957
16.1445,15.707400000000002
15.481800000000002,15.622800000000002
15.481800000000002,15.622800000000002
16.215,15.622800000000002
14.2692,15.369000000000002
14.2692,15.369000000000002
14.8614,15.369000000000002
14.226899999999999,15.0588
14.903699999999999,15.0588
14.903699999999999,15.0588
14.3256,15.0588
14.3256,15.0588
15.016499999999999,15.0588
14.382,15.157499999999999
14.382,15.157499999999999
15.101099999999999,15.157499999999999
14.480699999999999,15.566400000000002
14.480699999999999,15.566400000000002
14.480699999999999,15.566400000000002
13.916699999999999,15.566400000000002
13.916699999999999,14.9742
14.3538,14.9742
13.7898,14.9742
13.7898,14.396099999999999
14.523,14.396099999999999
13.959,14.396099999999999
14.7204,14.396099999999999
14.7204,14.396099999999999
14.142299999999999,14.396099999999999
14.142299999999999,14.283299999999999
14.8614,14.283299999999999
14.367899999999999,14.283299999999999
14.367899999999999,14.2128
15.157499999999999,14.2128
14.664,14.2128
14.396099999999999,14.0154
14.396099999999999,14.0154
13.916699999999999,14.0154
14.6358,13.6488
14.6358,13.832099999999999
14.1564,13.832099999999999
14.1564,13.832099999999999
14.903699999999999,14.1564
14.4384,14.1564
14.4384,14.1564
14.4384,14.1564
13.973099999999999,14.1564
13.973099999999999,14.1564
14.2692,14.1564
13.818,14.1564
13.818,14.1564
14.565299999999999,14.1564
14.142299999999999,14.1846
14.8332,14.1846
14.8332,14.1846
14.3538,14.057699999999999
14.3538,14.057699999999999
15.0588,14.057699999999999
14.593499999999999,13.9308
14.593499999999999,13.9308
14.0154,13.9308
13.5642,13.944899999999999
14.170499999999999,13.944899999999999
14.170499999999999,13.944899999999999
13.7334,13.9308
13.7334,13.9308
14.3538,13.9308
13.860299999999999,13.7334
13.860299999999999,13.7334
14.4948,13.7334
12.7041,13.9308
13.239899999999999,13.9308
13.239899999999999,13.9308
12.7746,14.226899999999999
12.7746,14.226899999999999
13.3386,14.226899999999999
12.8874,14.057699999999999
12.8874,14.057699999999999
13.437299999999999,14.057699999999999
12.972,13.550099999999999
13.5924,13.550099999999999
13.5924,13.550099999999999
13.0848,13.550099999999999
13.0848,13.550099999999999
13.662899999999999,13.803899999999999
13.1835,13.803899999999999
13.1835,13.803899999999999
11.0403,13.803899999999999
10.5891,13.803899999999999
11.0121,13.803899999999999
11.0121,13.2117
10.5186,13.2117
10.5186,13.2117
10.9839,13.2117
10.4904,13.2117
10.4904,13.2117
10.4904,13.2117
10.011,13.2117
10.011,13.2117
10.011,13.2258
9.5739,13.2258
9.729,13.2258
9.729,12.549
9.2919,12.549
9.2919,12.549
9.714899999999998,10.8852
9.3201,10.8852
9.3201,10.8852
9.3201,10.7865
8.9112,10.7865
8.9112,10.7865
9.87,10.434
8.206199999999999,10.434
8.206199999999999,10.434
8.6433,9.672600000000001
8.2485,9.672600000000001
8.2485,9.672600000000001
8.6997,9.306000000000001
8.347199999999999,9.306000000000001
8.347199999999999,9.1791
8.8266,9.1791
8.4741,9.1791
7.1769,8.9958
7.5999,8.9958
7.2756,8.9958
7.2756,8.798399999999999
7.726800000000001,8.798399999999999
7.4448,8.798399999999999
7.4448,8.4177
7.896000000000001,8.4177
7.5999,8.4177
7.5999,8.1075
8.0511,8.1075
7.755000000000001,8.1075
7.755000000000001,8.093399999999999
6.8949,8.093399999999999
6.6411,8.093399999999999
6.6411,7.952399999999999
7.0641,7.952399999999999
6.8103,7.952399999999999
6.8103,7.5717
7.2615,7.5717
6.9654,7.5717
6.9654,7.5717
6.0348,7.5717
5.781,7.5717
5.781,7.5717
6.1758,7.5999
5.9643,7.5999
5.9643,7.5999
6.3873,7.5576
6.1617,7.5576
6.1617,7.5576
6.5706,7.0218
6.3591,7.0218
5.3157,7.0218
5.3157,6.9654
5.1183,6.9654
5.1183,6.9654
5.4567,6.6411
5.2452,6.0348
5.2452,6.0348
5.5695,6.0348
5.4003,5.9502
5.7528,5.9502
5.7528,5.9502
5.5695,5.9361
5.5695,5.9361
5.9079,5.9361
4.3427999999999995,5.668200000000001
4.3427999999999995,5.668200000000001
4.5966000000000005,5.668200000000001
4.3991999999999996,5.1324
4.6812000000000005,5.1324
4.6812000000000005,5.1324
4.4979,5.1324
4.4979,5.0619
4.8081000000000005,5.0619
4.5825000000000005,5.0619
4.5825000000000005,5.1042
4.8786,5.1042
4.6812000000000005,5.1042
4.6812000000000005,5.5131
4.6812000000000005,5.5131
4.4556,5.5131
4.4556,5.1042
3.4545,5.1042
3.2571,5.1042
3.2571,4.5684000000000005
3.4827,4.5684000000000005
3.2853,4.5684000000000005
3.525,4.5261
3.525,4.5261
3.3276,4.5261
3.3276,4.4415
3.5814,4.4415
3.3135,4.4415
3.3135,4.4415
2.0303999999999998,4.4415
1.9176000000000002,4.4415
2.0867999999999998,4.4415
2.0867999999999998,4.4415
1.9317000000000002,3.9902999999999995
1.9317000000000002,3.9902999999999995
2.1713999999999998,3.9902999999999995
2.0021999999999998,3.1302
2.0021999999999998,3.1302
2.0021999999999998,3.1302
1.8471,3.0879
2.2983000000000002,3.0879
2.2983000000000002,3.0879
2.1572999999999998,3.0879
2.1572999999999998,3.0879
2.4111000000000002,3.0879
2.3406000000000002,2.8764
2.3406000000000002,2.8764
0.9870000000000001,2.8764
0.8883,1.9035
1.0856999999999999,1.9035
1.0856999999999999,1.9035
0.9729000000000001,1.8048
0.9729000000000001,1.8048
1.1703000000000001,1.8048
1.0574999999999999,1.8048
1.0574999999999999,1.8048
1.269,1.8048
1.1703000000000001,1.7907
1.3818,1.7907
1.3818,1.7907
1.2549,2.0867999999999998
1.2549,2.0867999999999998
-0.0564,2.0867999999999998
-0.12689999999999999,1.833
-0.12689999999999999,1.833
0.0,1.833
-0.0705,1.0151999999999999
0.0423,1.0151999999999999
0.0423,1.0151999999999999
-0.0141,0.9447
-0.0141,0.9447
0.1551,0.9588000000000001
0.0705,0.9588000000000001
0.0705,0.9588000000000001
0.26789999999999997,1.3254
0.23970000000000002,1.3254
-1.128,1.3254
-1.128,0.8319
-1.1562000000000001,0.8319
-1.1562000000000001,0.8319
-1.0574999999999999,0.0705
-1.0997999999999999,0.0705
-1.0997999999999999,0.0705
-0.9870000000000001,0.0141
-1.0574999999999999,0.0141
-1.0574999999999999,0.0141
-0.9306,0.0141
-0.9588000000000001,0.0141
-0.9588000000000001,0.0141
-0.846,0.0141
-0.8601,0.0141
-0.8601,0.0141
-0.8601,-0.1974
-0.846,-0.1974
-0.846,-0.1974
-2.1854999999999998,-1.1139
-2.1854999999999998,-1.1139
-2.1431999999999998,-1.1139
-2.1431999999999998,-1.1703000000000001
-2.1431999999999998,-1.1703000000000001
-2.1431999999999998,-1.1703000000000001
-2.1149999999999998,-1.1703000000000001
-2.1149999999999998,-1.1703000000000001
-2.1149999999999998,-1.1703000000000001
-2.1149999999999998,-0.9447
-2.1149999999999998,-0.9447
-2.0162999999999998,-0.9447
-2.0162999999999998,-0.9447
-1.9740000000000002,-0.7896
-3.1866,-1.269
-3.1866,-1.269
-3.1866,-1.269
-3.1866,-2.0162999999999998
-3.2007,-2.0162999999999998
-3.1443,-2.0162999999999998
-3.1443,-2.0444999999999998
-3.1443,-2.0444999999999998
-3.102,-2.0444999999999998
-3.102,-2.0726999999999998
-3.102,-2.0726999999999998
-3.0879,-2.0726999999999998
-3.0879,-2.0726999999999998
-4.0889999999999995,-2.0726999999999998
-4.0184999999999995,-2.0726999999999998
-4.0748999999999995,-2.3829000000000002
-4.0748999999999995,-2.3829000000000002
-3.9761999999999995,-2.3829000000000002
-3.9761999999999995,-2.3829000000000002
-4.0466999999999995,-3.1443
-3.9761999999999995,-3.1443
-3.9761999999999995,-3.1866
-4.0043999999999995,-3.1866
-3.9480000000000004,-3.1866
-3.9902999999999995,-3.1866
-3.9902999999999995,-3.1866
-3.8775000000000004,-3.1866
-3.8775000000000004,-3.1866
-5.0337,-3.2994
-4.9209,-3.2994
-4.9209,-3.2994
-5.0196,-4.0325999999999995
-4.8786,-4.0325999999999995
-4.9632,-4.0325999999999995
-4.9632,-4.0889999999999995
-4.7940000000000005,-4.0889999999999995
-4.7940000000000005,-4.0889999999999995
-4.8927,-4.0889999999999995
-4.7517000000000005,-4.0889999999999995
-4.7517000000000005,-4.0889999999999995
-5.7387,-4.0889999999999995
-4.7376000000000005,-4.1171999999999995
-5.781,-4.1171999999999995
-5.781,-4.1171999999999995
-5.625900000000001,-4.1171999999999995
-5.625900000000001,-4.7517000000000005
-5.7951,-4.7517000000000005
-5.611800000000001,-4.7517000000000005
-5.611800000000001,-4.8363000000000005
-5.7669,-4.8363000000000005
-5.611800000000001,-4.8363000000000005
-5.8092,-4.8363000000000005
-5.8092,-4.8363000000000005
-5.640000000000001,-4.8363000000000005
-5.640000000000001,-4.8363000000000005
-6.7962,-4.8363000000000005
-6.5988,-4.8363000000000005
-6.5988,-4.935
-6.8244,-4.935
-6.6834,-4.935
-6.9372,-5.5272
-6.9372,-5.5272
-6.7539,-5.5272
-6.7539,-5.625900000000001
-7.5294,-5.625900000000001
-7.3602,-5.625900000000001
-7.3602,-5.625900000000001
-7.2615,-5.625900000000001
-7.0782,-5.625900000000001
-7.3743,-5.625900000000001
-7.3743,-5.625900000000001
-7.191,-5.625900000000001
-7.191,-5.8092
-7.4871,-5.8092
-7.2897,-5.8092
-7.2897,-6.6975
-7.5435,-6.6975
-7.3602,-6.6975
-7.684500000000001,-6.8526
-7.684500000000001,-6.8526
-7.5012,-6.8808
-7.5012,-6.8808
-7.853700000000001,-6.8808
-7.6281,-7.1628
-7.6281,-7.1628
-7.896000000000001,-7.1628
-7.670400000000001,-7.2615
-7.670400000000001,-7.2615
-7.670400000000001,-7.2615
-7.4448,-7.2615
-7.4448,-7.2615
-8.0793,-7.2615
-7.867800000000001,-7.2615
-7.867800000000001,-7.2615
-9.0804,-7.2615
-8.9112,-7.2615
-9.2355,-7.2615
-9.2355,-7.2615
-9.024,-7.2615
-9.362400000000001,-7.2615
-9.362400000000001,-7.2615
-9.1791,-7.4166
-9.1791,-7.4166
-9.588000000000001,-7.4166
-9.390600000000001,-7.5435
-9.4611,-7.5435
-9.4611,-7.5435
-9.221400000000001,-7.5435
-9.221400000000001,-7.5435
-9.5175,-7.5435
-9.3765,-8.0793
-9.3765,-8.0793
-9.743099999999998,-8.0793
-9.559800000000001,-8.9535
-9.559800000000001,-8.9535
-9.8418,-8.9535
-9.616200000000001,-9.1791
-9.418800000000001,-9.1791
-9.418800000000001,-9.1791
-9.6303,-9.1791
-9.6303,-9.1791
-9.4329,-9.1791
-9.3201,-9.1791
-9.3201,-9.1791
-9.616200000000001,-9.1791
-9.4329,-9.1791
-9.4329,-9.1791
-9.714899999999998,-9.418800000000001
-9.475200000000001,-9.418800000000001
-9.475200000000001,-9.418800000000001
-9.799499999999998,-9.672600000000001
-9.672600000000001,-9.672600000000001
-9.672600000000001,-9.672600000000001
-9.9546,-9.672600000000001
-9.729,-9.672600000000001
-9.729,-9.672600000000001
-9.4611,-9.390600000000001
-9.306000000000001,-9.390600000000001
-9.306000000000001,-9.390600000000001
-9.559800000000001,-9.334200000000001
-9.390600000000001,-9.334200000000001
-9.390600000000001,-9.334200000000001
-9.6867,-9.334200000000001
-9.4329,-9.334200000000001
-9.644400000000001,-9.334200000000001
-9.644400000000001,-9.334200000000001
-9.475200000000001,-9.334200000000001
-9.475200000000001,-9.334200000000001
-9.672600000000001,-9.334200000000001
-9.4611,-9.334200000000001
-9.4611,-9.334200000000001
-9.1227,-9.334200000000001
-9.4329,-9.334200000000001
-9.4329,-9.334200000000001
-9.2073,-9.334200000000001
-8.9535,-9.334200000000001
-8.9535,-9.334200000000001
-9.136800000000001,-9.334200000000001
-8.9253,-9.334200000000001
-8.9253,-9.334200000000001
-9.0663,-9.334200000000001
-8.883,-9.334200000000001
-8.883,-9.334200000000001
-9.1227,-9.334200000000001
-8.9817,-9.334200000000001
-8.9817,-9.2073
-9.165000000000001,-9.2073
-8.8548,-9.2073
-8.3895,-8.9253
-8.544599999999999,-8.9253
-8.262599999999999,-8.9253
-8.262599999999999,-8.9253
-8.4741,-8.9253
-8.290799999999999,-8.9253
-8.290799999999999,-8.8971
-8.4177,-8.8971
-8.1357,-8.8971
-8.1357,-8.8971
-8.318999999999999,-8.8971
-8.093399999999999,-8.8971
-8.347199999999999,-8.8971
-7.896000000000001,-8.9253
-7.670400000000001,-8.9253
-7.670400000000001,-8.9253
-7.825500000000001,-8.9253
-7.4871,-8.9253
-7.4871,-8.9253
-7.642200000000001,-8.544599999999999
-7.3743,-8.544599999999999
-7.3743,-8.544599999999999
-7.3743,-8.262599999999999
-7.4025,-8.262599999999999
-7.4025,-8.262599999999999
-7.2051,-8.234399999999999
-6.9654,-8.234399999999999
-6.9654,-8.234399999999999
-7.0782,-8.1075
-6.8808,-8.1075
-7.0077,-8.1075
-7.0077,-7.726800000000001
-6.8385,-7.726800000000001
-7.1205,-7.614
-7.1205,-7.614
-6.8526,-7.614
-6.8526,-7.4166
-6.6693,-7.4166
-6.4719,-7.4166
-6.627,-7.2615
-6.627,-7.2615
-6.4155,-7.2615
-6.627,-7.0641
-6.627,-7.0641
-6.4155,-7.0641
-6.4155,-6.909
-6.5988,-6.909
-6.1053,-6.909
-6.2463,-6.909
-6.2463,-6.909
-6.0348,-6.909
-6.0348,-6.909
-6.2745,-6.909
-6.1053,-6.909
-6.1053,-6.6975
-6.2604,-6.6975
-6.1053,-6.6975
-5.9502,-6.4719
-5.9502,-6.4719
-5.7951,-6.4719
-5.7951,-6.4437
-6.063,-6.4437
-5.8656,-6.4437
-5.8656,-6.2463
-6.0489,-6.2463
-5.8797,-6.2463
-5.9784,-6.063
-5.9784,-6.063
-5.4144,-6.063
-5.4144,-5.9502
-5.640000000000001,-5.9502
-5.4849,-5.9079
-5.4849,-5.9079
-5.654100000000001,-5.9079
-5.5131,-5.8797
-5.5131,-5.8797
-5.625900000000001,-5.8797
-5.5272,-5.8797
-5.5272,-5.8797
-5.724600000000001,-5.8797
-5.654100000000001,-5.8233
-5.654100000000001,-5.8233
-5.583600000000001,-5.8233
-5.654100000000001,-5.5413
-5.654100000000001,-5.5413
-5.597700000000001,-5.5413
-5.5695,-5.2875
-5.5695,-5.2875
-5.696400000000001,-5.2875
-5.583600000000001,-5.2875
-5.583600000000001,-5.2875
-5.696400000000001,-5.2875
-5.5554,-5.2875
-5.5554,-5.2875
-5.5554,-5.2875
-5.4567,-5.3157
-5.4849,-5.3157
-5.4849,-5.3157
-5.3721,-5.5413
-5.3721,-5.5413
-5.4708,-5.5413
-5.3721,-5.597700000000001
-5.3721,-5.597700000000001
-5.4849,-5.597700000000001
-5.3862,-5.597700000000001
-5.3862,-5.597700000000001
-5.5272,-5.597700000000001
-5.4285,-5.5695
-5.4285,-5.5695
-5.2452,-5.5695
-5.1183,-5.5695
-5.4144,-5.4003
-5.1747,-5.3439
-5.0196,-5.3439
-5.0196,-5.3439
-5.1324,-5.2875
-5.0478,-5.2875
-5.0478,-5.2875
-5.1747,-5.2875
-4.9914,-5.2875
-4.9914,-5.2875
-5.0619,-5.2875
-4.935,-5.2875
-4.935,-5.2875
-5.0478,-5.2875
-4.9068,-5.2875
-4.9068,-5.2875
-4.9068,-5.1606
-4.7799000000000005,-5.1606
-4.7799000000000005,-5.1606
-4.8645,-4.8786
-4.7658000000000005,-4.8786
-4.7658000000000005,-4.8786
-4.8786,-4.8645
-4.7799000000000005,-4.8645
-4.7799000000000005,-4.8645
-4.8645,-4.8645
-4.7235000000000005,-4.8645
-4.7235000000000005,-4.8645
-4.6248000000000005,-4.8645
-4.5261,-4.8645
-4.5261,-4.8645
-4.6248000000000005,-4.8645
-4.512,-4.8363000000000005
-4.512,-4.8363000000000005
-4.6671000000000005,-4.8363000000000005
-4.5543000000000005,-4.6530000000000005
-4.5543000000000005,-4.6530000000000005
-4.6389000000000005,-4.6530000000000005
-4.5966000000000005,-4.6248000000000005
-4.5825000000000005,-4.6248000000000005
-4.5825000000000005,-4.6248000000000005
-4.4556,-4.6248000000000005
-4.4556,-4.6248000000000005
-4.5684000000000005,-4.6248000000000005
-4.4979,-4.6248000000000005
-4.4979,-4.4979
-4.5261,-4.4979
-4.3850999999999996,-4.4979
-4.4556,-4.4556
-4.4556,-4.4556
-4.3850999999999996,-4.4556
-4.3850999999999996,-4.4556
-4.3850999999999996,-4.4556
-4.3145999999999995,-4.4556
-4.3145999999999995,-4.4556
-4.3709999999999996,-4.4556
-4.2722999999999995,-4.4556
-4.3145999999999995,-4.4556
-4.3145999999999995,-4.4556
-4.2299999999999995,-4.4556
-4.2299999999999995,-4.4556
-4.3145999999999995,-4.4556
-4.1735999999999995,-4.4556
-4.1735999999999995,-4.4556
-4.2722999999999995,-4.4556
-4.1594999999999995,-4.4556
-4.2017999999999995,-4.4556
-4.2017999999999995,-4.4556
-4.0748999999999995,-4.4556
-4.0748999999999995,-4.4556
-4.1735999999999995,-4.4415
-4.0466999999999995,-4.4415
-4.0466999999999995,-4.4415
-4.0748999999999995,-4.2722999999999995
-3.9480000000000004,-4.2722999999999995
-4.0184999999999995,-4.2722999999999995
-4.0184999999999995,-4.1735999999999995
-3.9057000000000004,-4.1735999999999995
-3.9057000000000004,-4.1735999999999995
-3.9761999999999995,-4.1735999999999995
-3.8916000000000004,-4.1735999999999995
-3.8916000000000004,-4.1735999999999995
-3.9339000000000004,-4.1735999999999995
-3.807,-4.1735999999999995
-3.8634000000000004,-4.1735999999999995
-3.8634000000000004,-4.1735999999999995
-3.7929,-4.1735999999999995
-3.7929,-4.0043999999999995
-3.7929,-4.0043999999999995
-3.7506,-4.0043999999999995
-3.7506,-3.8916000000000004
-3.9902999999999995,-3.8916000000000004
-3.9198000000000004,-3.8916000000000004
-3.9198000000000004,-3.8916000000000004
-3.9761999999999995,-3.8916000000000004
-3.8493000000000004,-3.8916000000000004
-3.8493000000000004,-3.807
-3.8634000000000004,-3.807
-3.8775000000000004,-3.807
-3.8775000000000004,-3.7647
-3.9339000000000004,-3.7647
-3.8634000000000004,-3.7647
-3.8634000000000004,-3.7647
-3.9480000000000004,-3.7647
-3.8634000000000004,-3.7647
-3.8634000000000004,-3.7647
-4.0325999999999995,-3.7647
-4.0043999999999995,-3.7647
-4.0043999999999995,-3.7506
-4.0607999999999995,-3.7506
-3.9621000000000004,-3.7506
-3.9621000000000004,-3.7365
-4.0184999999999995,-3.7365
-3.9761999999999995,-3.7365
-3.9761999999999995,-3.7506
-4.0607999999999995,-3.7506
-4.0043999999999995,-3.7506
-4.0043999999999995,-3.7365
-4.0889999999999995,-3.7365
-4.0325999999999995,-3.7365
-4.0325999999999995,-3.7365
-4.0043999999999995,-3.7365
-3.9057000000000004,-3.9057000000000004
-3.9057000000000004,-3.9057000000000004
-3.9339000000000004,-3.9057000000000004
-3.9057000000000004,-3.9902999999999995
-3.9057000000000004,-3.9902999999999995
-3.9480000000000004,-3.9902999999999995
-3.8775000000000004,-4.0043999999999995
-3.8775000000000004,-4.0043999999999995
-3.9761999999999995,-4.0043999999999995
-3.8775000000000004,-3.9902999999999995
-3.8775000000000004,-3.9902999999999995
-3.8775000000000004,-3.9902999999999995
-3.807,-3.9902999999999995
-3.807,-3.9902999999999995
-3.6942,-3.9902999999999995
-3.666,-3.9339000000000004
-3.666,-3.9339000000000004
-3.7224,-3.9339000000000004
-3.6378,-3.7788
-3.6378,-3.7788
-3.6378,-3.7788
-3.5391,-3.7788
-3.5391,-3.7788
-3.5109,-3.7788
-3.4404,-3.7788
-3.4404,-3.7788
-3.5109,-3.7788
-3.4686,-3.807
-3.4686,-3.807
-3.4545,-3.807
-3.3981,-3.807
-3.3981,-3.7788
-3.3417,-3.7788
-3.3276,-3.7788
-3.384,-3.6519
-3.5109,-3.6519
-3.4545,-3.6519
-3.4545,-3.4545
-3.4686,-3.4263
-3.4404,-3.4263
-3.4404,-3.4263
-3.4263,-3.3699
-3.2994,-3.3699
-3.2994,-3.3699
-3.3699,-3.3699
-3.3135,-3.3699
-3.3135,-3.3699
-3.3699,-3.3699
-3.3135,-3.3699
-3.3135,-3.3699
-3.3558,-3.2994
-3.2148,-3.2994
-3.2148,-3.2994
-3.2712,-3.2994
-3.1866,-3.2994
-3.1866,-3.2994
-3.2289,-3.2994
-3.1584,-3.2994
-3.1584,-3.2994
-3.1161,-3.2994
-3.0456,-3.2712
-3.0456,-3.2712
-3.0033,-3.2712
-2.9046,-3.2712
-2.9046,-3.2712
-2.9046,-3.2712
-2.8200000000000003,-3.243
-2.8200000000000003,-3.243
-2.8200000000000003,-3.243
-2.7213,-3.0879
-2.7213,-3.0879
-2.7072,-3.0879
-2.6508,-3.0456
-2.6508,-3.0456
-2.6508,-3.0456
-2.4816,-3.0456
-2.4816,-2.9892
-2.538,-2.9892
-2.4816,-2.9892
-2.4816,-2.9892
-2.4393,-2.7918000000000003
-2.3970000000000002,-2.7918000000000003
-2.2701,-2.7918000000000003
-2.2701,-2.7072
-2.1995999999999998,-2.7072
-2.1995999999999998,-2.7072
-2.1854999999999998,-2.7072
-2.1572999999999998,-2.7072
-2.1572999999999998,-2.7072
-2.1572999999999998,-2.7072
-2.0444999999999998,-2.7072
-1.8048,-2.7072
-1.8048,-2.6085
-1.7625,-2.6085
-1.7625,-2.6085
-1.6215,-2.3829000000000002
-1.5792,-2.3829000000000002
-1.5792,-2.3829000000000002
-1.4805,-2.2983000000000002
-1.4523,-2.2983000000000002
-1.4523,-2.2983000000000002
-1.2126,-2.1995999999999998
-1.128,-2.1995999999999998
-1.128,-2.1995999999999998
-0.8037,-2.1008999999999998
-0.7755,-2.1008999999999998
-0.7755,-2.1008999999999998
-0.5216999999999999,-1.8894
-0.47940000000000005,-1.8894
-0.0423,-1.8894
-0.0423,-1.6638
0.0564,-1.6638
0.0564,-1.6638
0.564,-1.5087
0.5216999999999999,-1.5087
0.5216999999999999,-1.5087
0.9588000000000001,-1.3536
0.9024,-1.3536
0.9024,-0.9729000000000001
0.9024,-0.9729000000000001
1.4523,-0.9729000000000001
1.4523,-0.7614
2.1149999999999998,-0.7614
2.0303999999999998,-0.7614
2.0303999999999998,-0.423
2.9892,-0.423
2.8200000000000003,-0.423
4.0748999999999995,0.0141
4.0748999999999995,0.0141
4.1876999999999995,0.0141
4.1876999999999995,0.26789999999999997
5.358,0.26789999999999997
5.1888,0.26789999999999997
5.1888,0.6768
6.9513,0.6768
6.7116,0.6768
6.7116,1.1139
8.5305,1.1139
8.093399999999999,1.1139
8.093399999999999,1.6497
9.8982,1.6497
9.616200000000001,1.6497
9.616200000000001,2.8905
12.1824,2.8905
11.604299999999999,2.8905
11.604299999999999,4.6248000000000005
11.604299999999999,4.6248000000000005
13.916699999999999,4.6248000000000005
13.916699999999999,5.9784
17.8788,5.9784
16.8777,5.9784
16.8777,7.614
21.291,7.614
19.9656,7.614
19.9656,8.9817
25.3236,8.9817
24.689099999999996,10.7865
24.689099999999996,10.7865
31.3161,10.7865
29.7933,11.717099999999999
29.7933,11.717099999999999
36.998400000000004,11.717099999999999
34.756499999999996,12.4503
34.756499999999996,12.4503
42.652499999999996,12.4503
40.2696,14.790899999999999
40.2696,14.790899999999999
49.0539,14.790899999999999
45.7404,18.0903
45.7404,18.0903
58.261199999999995,18.0903
54.4824,21.9396
54.4824,21.9396
68.5965,21.9396
64.47930000000001,25.803
64.47930000000001,25.803
81.5544,25.803
77.55,27.6924
77.55,27.6924
92.8767,27.6924
88.8441,27.7488
88.8441,27.7488
88.8441,27.7488
84.9666,27.7488
84.9666,27.819300000000002
130.66469999999998,27.819300000000002
126.4911,27.819300000000002
126.4911,27.833399999999997
149.4036,27.833399999999997
146.2029,27.833399999999997
146.2029,27.8475
174.1632,27.8475
170.75099999999998,27.8475
170.75099999999998,27.8616
170.75099999999998,27.8616
189.927,27.8616
189.927,27.8616
210.4566,27.8616
208.31339999999997,27.8616
208.31339999999997,27.8616
221.63789999999997,27.875700000000002
219.7062,27.875700000000002
222.1455,27.875700000000002
222.1455,27.8616
220.77779999999998,27.8616
220.77779999999998,27.8616
220.7214,27.8616
219.8895,27.8616
219.8895,27.8616
219.8895,27.8616
219.0294,27.8616
219.0294,27.8616
219.0294,27.8616
217.9437,27.819300000000002
217.9437,27.819300000000002
196.73729999999998,27.819300000000002
196.9629,27.776999999999997
196.9629,27.776999999999997
188.37599999999998,27.776999999999997
188.84130000000002,27.776999999999997
188.84130000000002,27.776999999999997
188.84130000000002,27.776999999999997
178.2945,27.762900000000002
178.2945,27.762900000000002
167.2965,27.762900000000002
168.1848,27.762900000000002
168.1848,27.762900000000002
160.2183,27.762900000000002
161.2899,27.762900000000002
161.2899,27.762900000000002
161.2899,27.762900000000002
152.4774,27.762900000000002
152.4774,27.762900000000002
143.1573,27.762900000000002
144.2148,27.762900000000002
144.2148,27.762900000000002
135.7407,27.7488
136.8969,27.7488
136.8969,27.7488
136.8969,27.762900000000002
130.6788,27.762900000000002
130.6788,27.762900000000002
122.9802,27.7488
124.1082,27.7488
124.1082,27.7488
117.4953,27.762900000000002
118.69379999999998,27.762900000000002
118.69379999999998,27.762900000000002
118.69379999999998,27.776999999999997
113.7165,27.776999999999997
113.7165,27.776999999999997
106.737,27.833399999999997
107.7804,27.833399999999997
107.7804,27.833399999999997
102.09809999999999,27.833399999999997
103.2543,27.833399999999997
97.55789999999999,27.833399999999997
97.55789999999999,27.833399999999997
98.6436,27.833399999999997
98.6436,27.833399999999997
92.4537,27.833399999999997
93.46889999999999,27.833399999999997
93.46889999999999,27.833399999999997
93.46889999999999,27.8475
94.4559,27.8475
84.0642,27.8475
84.0642,27.875700000000002
85.06530000000001,27.875700000000002
85.06530000000001,27.875700000000002
80.6943,27.8616
81.5685,27.8616
81.5685,27.8616
77.2821,27.875700000000002
78.2691,27.875700000000002
78.2691,27.875700000000002
74.7441,27.8616
75.57600000000001,27.8616
75.57600000000001,27.8616
71.8113,27.8616
72.69959999999999,27.8616
72.69959999999999,27.8475
69.1887,27.8475
70.0065,27.8475
70.0065,27.762900000000002
66.9327,27.762900000000002
67.8069,27.762900000000002
67.8069,27.7488
65.0856,27.7488
65.91749999999999,27.7488
65.91749999999999,27.762900000000002
63.1821,27.762900000000002
63.9999,27.762900000000002
63.9999,27.7488
61.6593,27.7488
62.462999999999994,27.7488
62.462999999999994,27.7488
60.065999999999995,27.7488
60.8979,27.7488
60.8979,27.7488
58.825199999999995,27.7488
59.6007,27.7488
59.6007,27.762900000000002
59.6007,27.762900000000002
60.2775,27.762900000000002
60.2775,27.7488
60.2775,27.7488
60.9825,27.7488
60.9825,27.776999999999997
55.695,27.776999999999997
56.3718,27.776999999999997
56.3718,27.776999999999997
54.524699999999996,27.819300000000002
55.1733,27.819300000000002
55.1733,27.819300000000002
53.6082,27.833399999999997
54.200399999999995,27.833399999999997
54.200399999999995,27.833399999999997
52.607099999999996,27.833399999999997
53.157,27.833399999999997
53.157,27.833399999999997
51.4932,27.833399999999997
52.0008,27.833399999999997
52.0008,27.833399999999997
50.5062,27.833399999999997
50.9856,27.833399999999997
50.9856,27.833399999999997
49.434599999999996,27.833399999999997
49.8717,27.833399999999997
49.8717,27.833399999999997
48.3771,27.833399999999997
48.8283,27.833399999999997
48.8283,27.833399999999997
47.5311,27.833399999999997
47.9259,27.833399999999997
47.9259,27.833399999999997
46.3608,27.833399999999997
46.7274,27.833399999999997
46.7274,27.833399999999997
45.4302,27.833399999999997
45.810900000000004,27.833399999999997
45.810900000000004,27.833399999999997
45.810900000000004,27.833399999999997
44.9085,27.833399999999997
44.9085,27.833399999999997
43.5831,27.833399999999997
43.907399999999996,27.833399999999997
43.907399999999996,27.833399999999997
42.9063,27.833399999999997
43.2024,27.833399999999997
42.2436,27.833399999999997
42.2436,27.833399999999997
42.539699999999996,27.833399999999997
42.539699999999996,27.833399999999997
41.5104,27.833399999999997
41.7783,27.833399999999997
41.7783,27.833399999999997
40.9041,27.833399999999997
41.1297,27.833399999999997
41.1297,27.833399999999997
41.1297,27.819300000000002
40.3401,27.819300000000002
40.3401,27.819300000000002
39.5787,27.819300000000002
39.7902,27.819300000000002
39.7902,27.819300000000002
38.97239999999999,27.819300000000002
39.1698,27.762900000000002
38.464800000000004,27.762900000000002
38.464800000000004,27.762900000000002
38.634,27.7347
38.634,27.7347
37.9995,27.7347
38.168699999999994,27.7488
38.168699999999994,27.7488
37.4073,27.7488
37.5483,27.7488
36.9702,27.7488
36.9702,27.7488
37.0971,27.7347
37.0971,27.7347
36.462599999999995,27.7347
36.575399999999995,27.7488
36.575399999999995,27.7488
35.969100000000005,27.7488
36.081900000000005,27.7488
35.5743,27.7488
35.5743,27.7488
35.6871,27.7347
35.6871,27.7347
35.1795,27.7347
35.2782,27.7488
35.2782,27.7488
34.7847,27.7488
34.8834,27.776999999999997
34.4604,27.776999999999997
