-38.619899999999994,0.0
-38.619899999999994,0.0
-38.634,0.0
-38.634,0.0
-38.634,0.0
-38.634,0.0
-38.6481,0.0
-38.6481,0.0
-38.6481,0.0
-38.7045,0.0
-38.7045,0.0
-38.690400000000004,-2.4252
-38.690400000000004,-2.4252
-38.690400000000004,-2.4252
-38.690400000000004,-7.726800000000001
-38.690400000000004,-7.726800000000001
-38.690400000000004,-7.726800000000001
-38.634,-12.3798
-38.634,-12.3798
-38.634,-12.3798
-38.634,-11.660699999999999
-38.634,-11.660699999999999
-38.634,-11.660699999999999
-38.634,-6.345
-38.6481,-6.345
-38.6481,-6.345
-38.6481,-6.345
-38.6481,-1.1421000000000001
-74.8287,-0.1833
-74.8287,-0.1833
-74.9697,-0.1833
-38.7045,-2.6085
-38.7045,-2.6085
-38.7045,-2.6085
-38.7045,-7.3884
-38.7045,-7.3884
-38.7045,-7.3884
-38.7045,-12.0978
-38.7045,-12.0978
-38.6622,-12.0978
-38.6622,-16.5534
-38.6622,-16.5534
-38.5635,-16.5534
-38.5635,-16.5534
-38.5635,-22.1511
-38.4084,-22.1511
-38.4084,-22.1511
-74.25059999999999,-26.3811
-73.7289,-26.3811
-73.7148,-26.3811
-38.1405,-27.607799999999997
-37.7739,-27.607799999999997
-37.7739,-27.607799999999997
-37.7739,-27.7347
-37.2804,-27.7347
-37.2804,-27.7347
-72.31889999999999,-27.833399999999997
-71.1627,-27.833399999999997
-71.0217,-27.833399999999997
-71.0217,-27.833399999999997
-69.73859999999999,-27.833399999999997
-69.8655,-27.833399999999997
-69.8655,-27.8616
-68.3145,-27.8616
-68.2299,-27.8616
-68.2299,-27.8616
-66.53790000000001,-27.8616
-51.8598,-27.8616
-51.8598,-27.8616
-50.4216,-27.8616
-50.478,-27.8616
-50.478,-27.8616
-48.8142,-27.8616
-48.9411,-27.8616
-48.9411,-27.8616
-47.2914,-27.8616
-47.4606,-27.8616
-47.4606,-27.8616
-45.6558,-27.8616
-40.6503,-27.8616
-40.8618,-27.8616
-39.057,-27.8616
-39.339,-27.833399999999997
-39.339,-27.833399999999997
-37.5483,-27.833399999999997
-37.9995,-27.7347
-37.9995,-27.7347
-36.1665,-27.7347
-36.1665,-27.7347
-36.2088,-27.7347
-34.1079,-27.7347
-34.263,-27.7347
-34.263,-27.7347
-32.1057,-27.7347
-32.289,-27.7347
-32.289,-27.7347
-30.089399999999998,-27.7347
-30.089399999999998,-27.7347
-28.510199999999998,-27.7347
-28.510199999999998,-27.7347
-26.508,-27.7347
-29.130599999999998,-27.7347
-27.311700000000002,-27.7347
-28.284599999999998,-27.7347
-26.0991,-27.7347
-24.2661,-27.7347
-24.2661,-27.7347
-27.551399999999997,-27.8052
-27.551399999999997,-27.8052
-23.5188,-27.833399999999997
-24.4917,-27.833399999999997
-22.842000000000002,-27.833399999999997
-25.2531,-27.8052
-25.2672,-27.8052
-23.194499999999998,-27.8052
-20.868,-27.833399999999997
-20.5578,-27.833399999999997
-20.5578,-27.833399999999997
-20.8116,-27.8052
-20.6424,-27.8052
-20.6424,-27.8052
-18.6966,-27.833399999999997
-19.317,-27.833399999999997
-19.317,-27.833399999999997
-15.580499999999999,-27.833399999999997
-16.3278,-27.833399999999997
-16.3278,-27.833399999999997
-16.5675,-27.833399999999997
-17.949299999999997,-27.833399999999997
-17.949299999999997,-27.833399999999997
-16.243199999999998,-27.833399999999997
-17.625,-27.833399999999997
-17.625,-27.833399999999997
-15.876599999999998,-27.833399999999997
-15.651000000000002,-27.833399999999997
-15.651000000000002,-27.833399999999997
-13.916699999999999,-27.833399999999997
-13.395,-27.833399999999997
-13.395,-27.833399999999997
-11.604299999999999,-27.833399999999997
-11.604299999999999,-27.833399999999997
-11.5056,-27.833399999999997
-9.771299999999998,-27.833399999999997
-10.293,-27.833399999999997
-10.293,-27.833399999999997
-8.4741,-27.833399999999997
-9.503400000000001,-27.833399999999997
-9.503400000000001,-27.8052
-7.853700000000001,-27.8052
-9.0522,-27.8052
-9.0522,-27.762900000000002
-7.2615,-27.762900000000002
-7.2615,-27.762900000000002
-8.1639,-27.7347
-6.3873,-27.7347
-5.3862,-27.7347
-5.3862,-27.7347
-3.5814,-27.7347
-2.7354,-27.7347
-2.7354,-27.7347
-0.7050000000000001,-27.7347
-0.2115,-27.7347
-0.2115,-27.7347
1.7343,-27.7347
1.5087,-27.7347
1.5087,-27.7347
3.4827,-27.354
2.2278,-27.354
2.2278,-27.354
4.6671000000000005,-25.506899999999998
3.4545,-25.506899999999998
3.4545,-25.506899999999998
4.3709999999999996,-22.842000000000002
4.3709999999999996,-22.842000000000002
4.3709999999999996,-22.842000000000002
15.721499999999999,-19.063200000000002
5.5272,-19.063200000000002
5.5272,-19.063200000000002
13.536,-14.762699999999999
12.3939,-14.762699999999999
12.3939,-14.762699999999999
11.8722,-12.1824
11.8722,-12.1824
11.8722,-12.1824
12.549,-10.2225
12.549,-10.2225
12.549,-10.2225
13.0707,-9.799499999999998
14.0154,-9.799499999999998
14.0154,-7.0782
16.0599,-7.0782
16.0599,-7.0782
16.0599,-6.0066
16.4829,-6.0066
16.8354,-6.0066
16.2291,-7.797300000000001
17.061,-7.797300000000001
16.3701,-7.797300000000001
16.8777,-6.2322
17.526300000000003,-6.2322
17.526300000000003,-6.2322
16.5534,-6.5706
17.1738,-6.5706
17.3994,-6.5706
17.907,-6.5706
18.2454,-6.5706
19.006800000000002,-6.5706
18.3723,-5.8374
18.456899999999997,-5.8374
19.2465,-5.8374
19.2465,-2.9328
19.0914,-2.9328
17.540399999999998,-2.9328
17.540399999999998,-0.6909
17.413500000000003,-0.6909
17.3853,-0.6909
17.3853,0.7755
17.1174,0.7755
17.413500000000003,0.7755
17.413500000000003,0.7755
17.8788,2.6226
18.837600000000002,2.6226
18.837600000000002,2.6226
17.6109,4.3145999999999995
19.3875,4.3145999999999995
19.3875,4.3145999999999995
20.2758,4.6812000000000005
20.2758,3.7506
20.6001,3.7506
20.6001,3.7506
20.3745,2.3688000000000002
20.8962,2.3688000000000002
20.8962,2.3688000000000002
21.9396,2.2983000000000002
21.9396,2.2983000000000002
21.7422,2.2983000000000002
21.4602,2.2983000000000002
23.998199999999997,3.1584
23.603399999999997,3.1584
23.603399999999997,3.1584
21.4743,3.4968
21.0513,3.4968
21.8268,3.4968
24.6327,4.7517000000000005
23.8572,4.7517000000000005
25.168499999999998,4.7517000000000005
25.168499999999998,7.05
24.4071,7.05
24.4071,7.05
21.615299999999998,9.221400000000001
20.7975,9.221400000000001
21.1359,9.221400000000001
24.2097,11.3505
23.194499999999998,11.3505
24.1251,11.3505
24.1251,12.0696
23.081699999999998,12.0696
23.081699999999998,12.0696
21.6435,12.4503
21.6435,12.4503
21.0372,12.4503
24.5763,13.7334
24.5763,13.7334
24.3366,13.7334
24.3366,12.2529
23.5047,12.2529
23.5047,12.2529
20.6565,10.4481
20.6565,10.4481
23.2791,11.1249
24.0828,11.1249
24.0828,11.1249
18.724800000000002,11.1813
18.724800000000002,11.1813
18.724800000000002,11.1813
17.836499999999997,10.4622
17.836499999999997,10.4622
17.836499999999997,10.4622
20.3745,10.3776
20.9244,10.3776
20.9244,10.3776
16.2855,12.2247
16.2855,12.2247
16.2855,12.2247
13.1976,13.775699999999999
13.521899999999999,13.775699999999999
13.521899999999999,13.775699999999999
14.5512,13.1694
15.129299999999999,13.1694
15.129299999999999,13.1694
11.688899999999999,11.576099999999999
11.604299999999999,11.576099999999999
11.604299999999999,11.576099999999999
12.9579,13.0143
12.972,13.0143
12.972,13.0143
12.2529,12.8592
10.4058,12.8592
10.4058,12.8592
10.011,12.8592
10.011,8.6433
10.011,8.6433
9.4329,8.6433
11.985,7.614
11.985,7.614
11.3223,7.614
10.6878,7.994699999999999
12.972,7.1346
12.6759,7.1346
12.6759,7.1346
10.4058,6.1053
10.0674,6.1053
10.0674,6.1053
12.3375,4.8222000000000005
11.562,4.8222000000000005
11.886299999999999,4.8222000000000005
11.886299999999999,5.724600000000001
10.998,5.724600000000001
11.562,5.724600000000001
11.562,8.5869
8.3331,8.5869
7.2615,8.5869
7.2615,8.5869
8.657399999999999,10.8711
8.798399999999999,10.8711
8.798399999999999,10.8711
7.797300000000001,11.5056
7.966499999999999,11.5056
7.966499999999999,11.5056
8.0229,12.2952
8.0229,12.2952
8.0229,12.2952
7.4307,13.0707
7.4589,13.0707
7.4589,13.0707
6.9654,10.6596
6.9513,10.6596
6.9513,10.6596
6.8244,7.769100000000001
6.8244,7.769100000000001
6.8244,7.769100000000001
10.5609,6.3309
11.0685,6.3309
11.0685,6.3309
6.5847,5.1606
6.9936,5.1606
6.9936,5.1606
10.8429,4.2722999999999995
10.8429,4.2722999999999995
6.7398,3.8493000000000004
6.345,3.8493000000000004
6.4296,3.8493000000000004
6.4296,4.5261
5.7669,4.5261
5.9079,4.5261
9.9969,5.5272
8.544599999999999,5.5272
8.544599999999999,5.5272
8.544599999999999,8.798399999999999
7.5717,8.798399999999999
7.5717,8.798399999999999
3.5532,10.4763
2.7072,10.4763
2.6085,10.4763
2.6085,9.799499999999998
1.9176000000000002,9.799499999999998
1.9176000000000002,9.799499999999998
1.9176000000000002,9.884099999999998
-2.4111000000000002,9.884099999999998
-2.4111000000000002,9.884099999999998
-2.4111000000000002,10.7724
-3.1584,10.7724
-3.1584,10.7724
-3.1584,9.7854
-3.2007,9.7854
-3.2007,9.7854
-3.2007,5.9079
-3.1302,5.9079
-3.1302,5.9079
-5.3157,2.3970000000000002
-4.9068,2.3970000000000002
2.4534,2.3970000000000002
2.4534,2.3970000000000002
4.9491,-0.3807
4.9491,-0.3807
4.9491,-0.3807
5.1465,-3.5814
5.1465,-4.4697
5.1465,-4.4697
5.5131,-4.4697
3.0738,-3.6519
3.0738,-3.6519
3.0174,-3.6519
5.1606,-2.2419
5.1606,-2.2419
4.7658000000000005,-2.2419
4.7658000000000005,0.6486
4.7658000000000005,0.6486
3.7929,0.6486
-1.5651,5.5695
-1.5651,5.5695
-2.4957,5.5695
-0.6909,9.771299999999998
-0.6909,9.771299999999998
-1.7625,9.771299999999998
-1.7625,11.7876
-3.7365,11.7876
-4.6530000000000005,11.7876
-5.9361,11.7876
-5.9361,11.576099999999999
-6.1758,11.576099999999999
-6.5988,11.576099999999999
-4.7517000000000005,11.0967
-4.9068,11.0967
-4.9068,11.0967
-6.7398,7.4589
-6.2181,7.4589
-6.2181,7.4589
-4.3427999999999995,1.6215
-3.525,1.6215
-3.5109,1.6215
-0.25379999999999997,-2.9892
0.0,-2.9892
0.0,-2.9892
-3.1866,-7.5012
-2.3970000000000002,-7.5012
-2.3970000000000002,-7.5012
0.8601,-9.390600000000001
1.5933,-9.390600000000001
-0.26789999999999997,-9.418800000000001
-0.26789999999999997,-9.418800000000001
-0.5075999999999999,-9.418800000000001
2.7636,-9.2355
2.7636,-9.2355
2.6226,-9.2355
2.2701,-6.6975
2.2701,-6.6975
2.0021999999999998,-6.6975
2.0585999999999998,-0.9588000000000001
2.0585999999999998,-0.9588000000000001
1.3536,-0.9588000000000001
0.3807,3.666
0.3807,3.666
-0.4512,3.666
-1.3959000000000001,6.9231
-1.3959000000000001,6.9231
-2.1854999999999998,6.9231
-2.3406000000000002,10.7724
-2.3406000000000002,10.7724
-2.6931,10.7724
-2.6931,11.604299999999999
-2.6931,11.604299999999999
-2.679,11.604299999999999
-7.0077,8.5305
-7.0077,8.5305
-6.8667,8.5305
-4.4133,4.4415
-4.4133,4.4415
-3.6801,4.4415
-3.8352000000000004,-0.0141
-3.8352000000000004,-0.0141
-2.9328,-0.0141
-5.696400000000001,-4.5825000000000005
-5.696400000000001,-4.5825000000000005
-4.7517000000000005,-4.5825000000000005
-4.3568999999999996,-7.910100000000001
-4.3568999999999996,-7.910100000000001
-3.7365,-9.940499999999998
-4.1171999999999995,-9.940499999999998
-4.1171999999999995,-9.940499999999998
-0.6909,-9.306000000000001
-0.9729000000000001,-9.306000000000001
-0.9729000000000001,-9.306000000000001
-3.6942,-6.5424
-3.7647,-6.5424
-3.7647,-6.5424
-3.807,-4.5684000000000005
-3.7647,-4.5684000000000005
-3.7647,-4.5684000000000005
-6.7539,-1.2549
-6.7539,-1.2549
-6.7539,-1.2549
-5.8233,2.3124000000000002
-6.2745,2.3124000000000002
-6.2745,2.3124000000000002
-7.938299999999999,6.0348
-8.1921,6.0348
-8.1921,6.0348
-8.318999999999999,5.7528
-8.318999999999999,5.7528
-8.318999999999999,5.7528
-7.853700000000001,2.6508
-7.5999,2.6508
-7.5999,2.6508
-7.5999,-0.5075999999999999
-8.4741,-0.5075999999999999
-8.4741,-0.5075999999999999
-8.7843,-0.5075999999999999
-6.3873,-4.4274
-6.3873,-4.4274
-5.4285,-4.4274
-6.6834,-7.924200000000001
-6.6834,-7.924200000000001
-5.7528,-7.924200000000001
-4.2581999999999995,-11.336400000000001
-4.2581999999999995,-11.336400000000001
-2.4111000000000002,-11.336400000000001
-2.4111000000000002,-11.336400000000001
-0.0423,-9.362400000000001
0.6063,-9.362400000000001
0.1551,-9.362400000000001
-2.1572999999999998,-8.5869
-2.1572999999999998,-8.5869
-1.9880999999999998,-8.5869
-1.9880999999999998,-6.5706
-2.0444999999999998,-6.5706
-2.0444999999999998,-6.5706
0.282,-2.2983000000000002
-0.141,-2.2983000000000002
-1.4664,-2.2983000000000002
-1.4664,-2.2983000000000002
-4.0325999999999995,1.269
-4.4415,1.269
-4.4415,1.269
-4.8081000000000005,5.5695
-4.8081000000000005,5.5695
-4.8081000000000005,5.5695
-4.8081000000000005,5.5131
-5.0901,5.5131
-5.0901,5.5131
-4.9209,3.6801
-5.3157,3.6801
-5.3157,3.6801
-5.682300000000001,2.1149999999999998
-5.668200000000001,2.1149999999999998
-5.668200000000001,2.1149999999999998
-4.6248000000000005,-0.9165
-3.4827,-0.9165
-3.4827,-0.9165
-3.4827,-5.597700000000001
-3.2571,-5.597700000000001
-3.2571,-5.597700000000001
-3.2571,-9.024
-2.5098,-9.024
-2.5098,-9.024
-1.8471,-9.531600000000001
-1.8753,-9.531600000000001
-1.8753,-9.024
-1.269,-9.024
-1.0151999999999999,-9.024
-1.0151999999999999,-7.642200000000001
-0.7332,-7.642200000000001
-1.0715999999999999,-7.642200000000001
-1.0715999999999999,-5.710500000000001
-1.7202,-5.710500000000001
-1.7202,-5.710500000000001
-1.7202,-3.2994
-1.833,-3.2994
-2.0021999999999998,-3.2994
-2.0021999999999998,0.29610000000000003
-2.2842000000000002,0.29610000000000003
-1.9317000000000002,0.29610000000000003
-1.9317000000000002,2.6226
-2.3970000000000002,2.6226
-2.3970000000000002,2.6226
-3.4263,3.1725
-3.3417,3.1725
-3.7929,3.1725
-2.8341000000000003,2.8341000000000003
-2.5803,2.8341000000000003
-2.5521,2.8341000000000003
-3.5109,1.2267
-3.5109,1.2267
-2.6226,1.2267
-1.551,-1.4805
-1.551,-1.4805
-2.7213,-1.4805
-2.7213,-3.8916000000000004
-2.7213,-3.8916000000000004
-2.3547000000000002,-3.8916000000000004
-2.3547000000000002,-5.8092
-2.3547000000000002,-5.8092
-1.5792,-5.8092
-1.5792,-6.7962
-1.5792,-6.7962
-0.0705,-6.7962
-0.0705,-6.7539
-0.0705,-6.7539
0.0282,-4.5261
0.0282,-4.5261
0.0282,-4.5261
-0.0987,-3.0174
-0.0987,-3.0174
-0.1551,-3.0174
0.25379999999999997,-2.7777
0.25379999999999997,-2.7777
0.25379999999999997,-2.7777
-0.29610000000000003,-0.1833
-0.29610000000000003,-0.1833
-0.29610000000000003,-0.1833
-1.0151999999999999,1.9176000000000002
-1.0151999999999999,1.9176000000000002
-1.0433999999999999,1.9176000000000002
-1.0715999999999999,2.7213
-1.0715999999999999,2.7213
-1.0715999999999999,2.7213
-0.4371,1.6779
-0.4371,1.6779
-0.4371,1.6779
-3.6237,0.9870000000000001
-3.6237,0.9870000000000001
-3.6237,0.9870000000000001
-3.5814,0.9870000000000001
-3.5814,-0.3243
-3.5814,-0.3243
-2.9892,-0.3243
-2.9892,-2.256
2.1008999999999998,-2.256
2.4534,-2.256
2.4534,-3.9057000000000004
2.4534,-3.9057000000000004
2.3124000000000002,-3.9057000000000004
2.3124000000000002,-4.1171999999999995
2.3124000000000002,-4.1171999999999995
2.5521,-4.1171999999999995
2.5521,-4.2440999999999995
2.8905,-4.9773
3.0033,-4.9773
3.0033,-4.9773
3.0033,-3.9621000000000004
2.8905,-3.9621000000000004
2.8905,-3.9621000000000004
1.8753,0.0423
0.0987,0.0423
0.0987,0.0423
0.9588000000000001,2.3406000000000002
0.564,2.3406000000000002
0.564,2.3406000000000002
0.564,2.3406000000000002
0.0846,3.3981
0.0846,3.3981
0.0846,3.3981
0.4089,4.4979
0.4089,4.4979
0.4653,4.4979
-0.4371,5.1606
-0.4371,5.1606
-0.4371,5.1606
0.5498999999999999,3.0315
0.5498999999999999,3.0315
0.5498999999999999,3.0315
0.0846,-0.9165
0.0846,-0.9165
0.5357999999999999,-0.9165
2.1713999999999998,-2.2983000000000002
2.1713999999999998,-2.2983000000000002
2.1713999999999998,-2.2983000000000002
0.1833,-3.5814
0.1833,-3.5814
0.1833,-3.5814
0.423,-4.6530000000000005
0.423,-4.6530000000000005
0.423,-4.6530000000000005
0.6345,-4.5261
0.6345,-4.5261
0.6345,-4.5261
0.8319,-2.0162999999999998
0.8319,-2.0162999999999998
-0.35250000000000004,0.9447
-0.9306,0.9447
-0.9306,0.9447
0.12689999999999999,2.3406000000000002
-0.0282,2.3406000000000002
-0.0282,2.3406000000000002
-1.128,2.3970000000000002
-1.3113,2.3970000000000002
-1.3113,2.3970000000000002
-0.1974,2.7072
0.9447,2.7072
0.9447,2.7072
-0.2256,3.6237
-0.4512,3.6237
-0.4512,3.6237
-0.6909,1.5228
-0.423,1.5228
-0.423,1.5228
0.6486,-1.4805
1.2408,-1.4805
1.2408,-1.4805
0.0987,-2.3829000000000002
-0.0987,-2.3829000000000002
-0.0987,-2.3829000000000002
1.128,-2.961
1.0715999999999999,-2.961
1.0715999999999999,-2.961
1.0715999999999999,-3.3276
1.0715999999999999,-3.3276
1.0715999999999999,-3.3276
-0.0987,-3.4686
0.0564,-3.4686
0.0564,-3.4686
1.2831,-0.6909
2.5239,-0.6909
2.5239,-0.6909
2.5239,1.0151999999999999
1.8894,1.0151999999999999
0.6627,1.7766
0.6627,1.7766
0.35250000000000004,1.7766
1.5369,2.8059000000000003
1.5369,2.8059000000000003
1.3113,2.8059000000000003
1.5087,3.1584
1.5087,3.1584
2.3970000000000002,3.1584
2.3970000000000002,3.1866
2.3970000000000002,3.1866
1.7625,3.1866
1.7625,2.8623000000000003
1.7625,2.8623000000000003
1.9035,2.8623000000000003
1.7484,1.0574999999999999
1.7484,1.0574999999999999
2.0867999999999998,1.0574999999999999
2.0867999999999998,-0.7614
2.0867999999999998,-0.7614
2.7213,-0.7614
2.7213,-1.0715999999999999
2.7213,-1.0715999999999999
2.9187,-1.0715999999999999
1.9740000000000002,-1.1562000000000001
1.9740000000000002,-1.1562000000000001
1.8048,-1.1562000000000001
1.8048,-0.9729000000000001
1.8048,-0.9729000000000001
1.7766,-0.9729000000000001
1.7484,-0.9729000000000001
1.7484,-0.2256
1.6215,-0.2256
2.1290999999999998,-0.2256
2.1290999999999998,1.2972
1.9176000000000002,1.2972
2.0303999999999998,1.2972
2.0303999999999998,2.6508
1.8471,2.6508
1.3959000000000001,2.6508
1.3959000000000001,3.0597
1.2549,3.0597
1.269,3.0597
1.269,3.0597
1.0433999999999999,2.8905
1.0433999999999999,2.8905
1.1844000000000001,2.8905
3.3276,2.7495
3.9480000000000004,2.7495
3.9480000000000004,2.7495
3.9621000000000004,2.0444999999999998
0.4371,2.0444999999999998
0.4371,2.0444999999999998
0.47940000000000005,2.0444999999999998
0.47940000000000005,0.7050000000000001
0.23970000000000002,0.7050000000000001
0.23970000000000002,0.7050000000000001
0.1833,-0.4512
0.1833,-0.4512
0.1692,-0.4512
2.9187,-0.7332
2.9187,-0.7332
2.9187,-0.7332
0.6063,0.141
1.3254,0.141
1.3395,0.141
2.9187,0.5357999999999999
2.9187,0.5357999999999999
2.8905,0.5357999999999999
0.3807,-0.12689999999999999
0.3807,-0.12689999999999999
0.1833,-0.12689999999999999
2.3688000000000002,0.5781000000000001
2.3688000000000002,0.5781000000000001
2.3265000000000002,0.5781000000000001
0.35250000000000004,2.2701
0.35250000000000004,2.2701
0.141,2.2701
3.1161,2.4534
3.1161,2.4534
-0.4512,2.0867999999999998
-0.4512,2.0867999999999998
-0.4512,2.0867999999999998
1.0574999999999999,2.1572999999999998
1.0574999999999999,2.1572999999999998
1.0574999999999999,2.1572999999999998
-1.128,1.3959000000000001
-1.128,1.3959000000000001
-1.128,1.3959000000000001
-0.8319,1.6074
-0.8319,1.6074
-0.8319,1.6074
1.9740000000000002,0.9306
1.9740000000000002,0.9306
1.9740000000000002,0.9306
2.0303999999999998,-0.7614
2.1995999999999998,-0.7614
2.1995999999999998,-0.7614
-0.3384,-0.7614
-0.3384,-0.7614
-0.3384,-0.7614
1.7907,-0.6627
1.7907,-0.6627
1.7907,-0.6627
-0.4371,-1.1421000000000001
-0.4371,-1.1421000000000001
-0.4371,-1.1421000000000001
2.0162999999999998,-0.1551
2.0162999999999998,-0.1551
2.0162999999999998,-0.1551
-0.282,2.0867999999999998
-0.282,2.0867999999999998
-0.282,2.0867999999999998
1.1421000000000001,2.0303999999999998
1.1421000000000001,2.0303999999999998
1.1421000000000001,2.0303999999999998
-1.0715999999999999,1.7625
-1.3677,1.7625
-1.3677,1.7625
-1.6215,2.1572999999999998
-1.6215,2.1572999999999998
-1.6215,2.0867999999999998
-1.6779,2.0867999999999998
-1.551,2.0867999999999998
-1.551,2.6508
-1.5369,2.6508
-1.0010999999999999,2.6508
-1.0010999999999999,1.2408
-1.2126,1.2408
-1.2126,1.2408
-1.2126,-0.25379999999999997
-1.0574999999999999,-0.25379999999999997
-1.5228,-0.25379999999999997
0.5498999999999999,-0.6909
0.7755,-0.6909
0.564,-0.6909
-1.4805,-1.9458000000000002
-1.2408,-1.9458000000000002
-1.3254,-1.9458000000000002
-1.3254,-2.7072
-1.1703000000000001,-2.7072
-0.7755,-2.7072
-0.7755,-2.5803
-0.7473,-2.5803
0.0282,-2.5803
0.0282,-1.0715999999999999
0.0,-1.0715999999999999
0.0,-1.0715999999999999
0.0,0.1692
2.2842000000000002,0.1692
1.1562000000000001,0.1692
1.1562000000000001,0.1692
-1.0292999999999999,0.8601
-1.2126,0.8601
-1.2126,0.8601
-1.2549,0.9165
-1.0715999999999999,0.9165
-1.0715999999999999,0.9165
-2.3265000000000002,1.3818
-0.564,1.5228
-0.564,1.5228
-0.6909,1.5228
-3.1725,1.551
-3.1725,1.551
-3.1302,1.551
-1.9458000000000002,1.6497
-2.5239,1.6497
-2.3547000000000002,1.6497
-2.4534,0.0423
-3.5391,0.0423
-3.4827,0.0423
-2.1854999999999998,-1.2408
-2.1854999999999998,-1.2408
-1.7907,-1.2408
-1.7907,-1.2408
-3.102,-1.3959000000000001
-2.8764,-1.3959000000000001
-3.1866,-1.3959000000000001
-2.0867999999999998,-2.6508
-1.7343,-2.6508
-1.7202,-2.6508
-2.8341000000000003,-3.8352000000000004
-2.6367,-3.8352000000000004
-2.4534,-3.8352000000000004
-1.2831,-3.8634000000000004
-1.0433999999999999,-3.8634000000000004
0.7191,-3.8634000000000004
0.7191,-2.6367
0.9306,-2.6367
0.141,-2.6367
0.141,-1.8612
0.1833,-1.8612
-0.282,-1.8612
-0.282,-1.3818
-0.29610000000000003,-1.3818
-0.1974,-1.3818
-0.1974,-0.1974
-0.3666,-0.1974
-1.2408,-0.1974
-2.3970000000000002,0.5781000000000001
-2.4393,0.5781000000000001
-1.8189,1.6779
-1.8189,1.6779
-1.9458000000000002,1.6779
-2.961,1.9176000000000002
-2.961,1.9176000000000002
-3.0597,1.9176000000000002
-1.6779,1.551
-1.6779,1.551
-1.5087,1.551
-2.1431999999999998,0.8883
-2.1431999999999998,0.8883
-1.8612,0.8883
-0.9024,-0.1692
-0.9024,-0.1692
-0.47940000000000005,-0.1692
-1.3113,-2.0726999999999998
-1.3113,-2.0726999999999998
-0.9447,-2.0726999999999998
-2.8059000000000003,-3.807
-2.8059000000000003,-3.807
-2.4957,-3.807
-2.7636,-4.2440999999999995
-2.7636,-4.2440999999999995
-2.5803,-4.2440999999999995
-3.5391,-3.6237
-3.5391,-3.6237
-3.4545,-3.6237
0.1551,-2.679
0.1551,-2.679
0.2256,-2.679
-1.269,-1.2408
-1.269,-1.2408
-1.2267,-1.2408
-0.1833,-0.5075999999999999
-0.1833,-0.5075999999999999
-0.0423,-0.5075999999999999
-0.7755,-0.1833
-0.7755,-0.1833
-0.8742,-0.1833
-1.5933,-0.1833
-1.5933,-0.1833
-1.6638,0.0987
-1.8612,0.0987
-1.8612,0.0987
-0.7896,1.2267
-0.5781000000000001,1.2267
-0.5781000000000001,1.2267
-1.5933,0.5216999999999999
-0.9024,0.5216999999999999
-0.9024,0.5216999999999999
0.3102,-0.5357999999999999
0.0282,-0.5357999999999999
0.0282,-0.5357999999999999
-0.7473,-0.8178
-0.5498999999999999,-0.8178
-0.5498999999999999,-0.8178
0.29610000000000003,-1.7907
0.29610000000000003,-1.7907
0.29610000000000003,-1.7907
0.5357999999999999,-2.4816
0.12689999999999999,-2.4816
0.12689999999999999,-2.4816
0.2115,-2.6085
0.3384,-2.6085
0.3384,-2.6085
0.4512,-1.7907
1.0574999999999999,-1.7907
1.0574999999999999,-1.7907
0.9870000000000001,-0.9447
-0.49350000000000005,-0.9447
-0.49350000000000005,-0.9447
-0.47940000000000005,-0.9447
-0.49350000000000005,-0.3807
-0.49350000000000005,-0.3807
-0.5922000000000001,-0.3807
-0.5922000000000001,0.7050000000000001
-0.1692,0.7050000000000001
-0.2256,0.7050000000000001
2.1290999999999998,1.2126
0.141,1.4946
0.0705,1.4946
-0.141,1.4946
1.7625,1.5792
1.7766,1.5792
1.7766,1.5792
0.0141,1.0151999999999999
0.0282,1.0151999999999999
0.7614,1.0151999999999999
0.7614,-0.25379999999999997
0.8742,-0.25379999999999997
0.3666,-0.25379999999999997
2.3124000000000002,-0.8883
2.4252,-0.8883
2.4252,-0.8883
2.2983000000000002,-1.5369
0.4653,-1.5369
0.6768,-1.5369
0.6768,-1.5369
2.8341000000000003,-1.4523
0.3384,-1.4523
0.3384,-1.4523
-1.8471,-0.9870000000000001
-1.8471,-0.9870000000000001
-2.2701,-0.9870000000000001
-2.2983000000000002,-0.7896
-2.4252,-0.7896
-2.4252,-0.7896
-2.5944,0.9870000000000001
-2.3265000000000002,0.9870000000000001
-2.3265000000000002,0.9870000000000001
-2.3547000000000002,1.6779
1.128,1.6779
1.128,1.6779
1.2267,2.0021999999999998
0.7473,2.0021999999999998
0.7473,2.0021999999999998
0.9306,1.4241000000000001
0.9588000000000001,-1.1421000000000001
0.9588000000000001,-1.1421000000000001
1.269,-1.1421000000000001
1.3818,-2.1713999999999998
0.25379999999999997,-2.1713999999999998
0.5075999999999999,-2.1713999999999998
0.9447,-2.1713999999999998
2.1572999999999998,-3.1161
2.3265000000000002,-3.1161
1.4664,-3.1161
1.4664,-2.3688000000000002
1.551,-2.3688000000000002
1.3818,-2.3688000000000002
1.3818,-1.3959000000000001
1.5933,-1.3959000000000001
1.5933,-1.3959000000000001
1.5933,-0.4371
1.3818,-0.4371
0.0282,-0.4371
0.0282,1.1985000000000001
-0.26789999999999997,1.1985000000000001
-0.6486,1.1985000000000001
-0.6486,3.1443
-0.846,3.1443
-0.846,3.1443
-0.846,3.7224
-1.0433999999999999,3.7224
-0.7050000000000001,3.7224
-0.7050000000000001,2.9328
-0.7755,2.9328
-0.0564,2.9328
-0.0564,2.2983000000000002
0.0,2.2983000000000002
0.0,2.2983000000000002
0.0,0.7896
0.1692,0.7896
0.3807,0.7896
2.4534,-1.4805
2.7777,-1.4805
2.5944,-1.4805
0.3948,-2.9892
0.141,-2.9892
2.2419,-3.3981
2.2419,-3.3981
2.4534,-3.3981
5.5131,-3.2007
5.5131,-3.2007
5.611800000000001,-3.2007
2.9892,-2.538
2.9892,-2.538
2.256,-2.538
5.4285,-1.5651
5.4285,-1.5651
4.8504,-1.5651
4.8504,1.1139
4.8504,1.1139
4.3991999999999996,1.1139
1.4100000000000001,3.5673
1.4100000000000001,3.5673
5.3721,3.5673
8.5587,5.7387
8.5587,5.7387
8.1357,5.7387
7.5153,6.4296
7.5153,6.4296
7.332,6.4296
7.0359,5.9784
7.0359,5.9784
7.332,5.9784
7.332,5.9079
7.332,5.9079
7.1346,5.9079
7.5294,2.5662
7.5294,2.5662
7.5153,2.5662
10.2225,1.7484
10.2225,1.7484
10.0251,1.7484
10.0251,1.7484
3.6237,3.2853
9.5457,2.8059000000000003
9.306000000000001,2.8059000000000003
9.306000000000001,2.8059000000000003
9.221400000000001,2.7495
9.2073,2.7495
9.2073,2.7495
8.9817,2.8764
8.9817,2.8764
9.3483,2.8764
8.8689,4.3145999999999995
9.5739,4.3145999999999995
9.5739,4.3145999999999995
9.1509,7.698600000000001
9.7854,7.698600000000001
9.7854,7.698600000000001
9.334200000000001,8.8407
9.334200000000001,8.8407
10.293,8.8407
3.4263,8.6433
3.6378,8.6433
3.6378,8.6433
3.2994,8.6433
8.6151,8.6433
8.6151,8.6433
8.375399999999999,8.6433
8.375399999999999,8.6433
8.093399999999999,8.6433
7.726800000000001,8.6433
1.5087,7.5858
1.5087,7.5858
1.5651,7.5858
1.4805,5.2311
1.4805,5.2311
1.1703000000000001,5.2311
1.1703000000000001,2.8059000000000003
1.1703000000000001,2.8059000000000003
1.1139,2.8059000000000003
1.0574999999999999,2.1149999999999998
1.0574999999999999,2.1149999999999998
1.1562000000000001,2.1149999999999998
1.2831,3.9339000000000004
-1.5228,1.7766
-1.4523,1.7766
-1.2972,1.7766
1.551,-0.8319
1.5792,-0.8319
1.9458000000000002,-0.8319
1.9458000000000002,-0.8319
-1.0856999999999999,-0.5922000000000001
-0.6768,-0.5922000000000001
-0.6768,-0.5922000000000001
-0.3666,0.9588000000000001
-0.3666,0.9588000000000001
-0.3666,0.9588000000000001
-0.5216999999999999,2.1854999999999998
-0.5216999999999999,2.1854999999999998
-0.5216999999999999,2.1854999999999998
-0.8601,1.833
-1.4241000000000001,1.833
-1.4241000000000001,1.833
-1.5228,2.5239
-1.5228,2.5239
-1.5228,2.5239
-4.1171999999999995,4.0325999999999995
-4.1171999999999995,4.0325999999999995
-4.1171999999999995,4.0325999999999995
-4.0889999999999995,2.6508
-4.0184999999999995,2.6508
-4.0184999999999995,2.6508
-2.2842000000000002,1.7484
-2.1149999999999998,1.7484
-2.1149999999999998,1.7484
-3.807,0.9588000000000001
-3.807,0.9588000000000001
-3.807,0.9588000000000001
-1.5087,0.26789999999999997
-2.0444999999999998,0.26789999999999997
-2.0444999999999998,0.26789999999999997
-3.7788,-2.1995999999999998
-3.9339000000000004,-2.1995999999999998
-2.1290999999999998,-3.7365
-1.7061,-3.7365
-1.7061,-3.7365
-3.5532,-2.5521
-3.3981,-2.5521
-3.0315,-2.5521
-1.0715999999999999,-1.5228
-0.8742,-1.5228
-0.49350000000000005,-1.5228
-2.6226,-1.7061
-2.6931,-1.7061
-3.4122,-1.7061
-1.4946,-1.7625
-1.551,-1.7625
-2.2278,-1.7625
-2.2278,0.7755
-2.1995999999999998,0.7755
-2.4111000000000002,0.7755
-2.4111000000000002,1.4946
-2.5239,1.4946
-2.3688000000000002,1.4946
-2.3688000000000002,0.7896
-2.3547000000000002,0.7896
-1.9740000000000002,0.7896
-1.9740000000000002,0.9588000000000001
-2.0162999999999998,0.9588000000000001
-2.5944,0.9588000000000001
-2.5944,0.8178
-3.3699,0.8178
-3.3699,0.8178
-3.3699,0.25379999999999997
-3.5532,0.25379999999999997
-3.5532,0.25379999999999997
-1.2126,-1.692
-1.0574999999999999,-1.692
-1.2831,-1.692
-3.5673,-2.1431999999999998
-3.0033,-2.1431999999999998
-3.0033,-2.1431999999999998
-0.564,-2.1713999999999998
-0.3243,-2.1713999999999998
-2.7777,-2.2137
-2.7777,-2.2137
-2.1431999999999998,-2.2137
-2.1431999999999998,-2.961
-2.1431999999999998,-2.961
-2.8482000000000003,-2.961
-2.8482000000000003,-3.1725
-2.8482000000000003,-3.1725
-3.0174,-3.1725
-0.8178,-1.9599000000000002
-0.8178,-1.9599000000000002
-0.49350000000000005,-1.9599000000000002
-2.7636,-0.3807
-2.7636,-0.3807
-2.538,-0.3807
-2.538,-0.5075999999999999
-2.538,-0.5075999999999999
-1.833,-0.5075999999999999
-3.5673,-0.2256
-3.5673,-0.2256
-3.5673,-0.2256
-1.9458000000000002,0.26789999999999997
-1.9458000000000002,0.26789999999999997
-1.7766,0.26789999999999997
-1.7766,0.423
-3.3981,0.423
-4.0184999999999995,0.423
-4.0184999999999995,0.423
-4.0184999999999995,-0.3243
-3.7929,-0.3243
-3.7083,-0.3243
-3.7083,-1.7061
-3.2571,-1.7061
-3.2571,-1.7061
-3.2571,-2.256
-2.2842000000000002,-2.256
-2.2842000000000002,-2.256
-3.243,-2.7072
-1.9880999999999998,-2.9892
-5.5131,-2.9892
-5.5131,-2.9892
-5.2029,-3.7083
-5.7669,-3.7083
-5.7669,-3.7083
-5.696400000000001,-3.807
-5.696400000000001,-3.807
-5.696400000000001,-3.807
-6.0912,-3.3558
-6.0912,-3.3558
-6.0912,-3.3558
-5.8233,-3.3558
-1.3677,-1.9176000000000002
-1.3677,-1.9176000000000002
-1.8612,-1.9458000000000002
-1.8612,-1.9458000000000002
-1.8612,-1.9458000000000002
-1.6215,-1.9458000000000002
-2.0867999999999998,-2.9187
-2.0867999999999998,-2.9187
-1.8048,-2.9187
-0.35250000000000004,-2.961
-0.35250000000000004,-2.961
0.8319,-2.961
-0.7896,-3.2148
-0.7896,-3.2148
-1.9458000000000002,-3.2148
-1.9458000000000002,-2.8059000000000003
-1.9458000000000002,-2.8059000000000003
-1.9458000000000002,-2.8059000000000003
-2.4816,-1.5369
-2.4816,-1.5369
-2.1995999999999998,-1.5369
-0.8319,-1.3254
-0.8319,-1.3254
0.0564,-1.3254
0.0564,-0.29610000000000003
0.0564,-0.29610000000000003
0.12689999999999999,-0.29610000000000003
-1.6356,0.47940000000000005
-1.6356,0.47940000000000005
-0.6627,0.2115
-0.6627,0.2115
-0.6627,0.2115
-1.8048,-0.47940000000000005
-1.8048,-0.47940000000000005
-1.8048,-0.47940000000000005
-1.7625,-1.1139
-1.1139,-1.1139
-1.1139,-1.1139
-0.423,-1.2408
-0.423,-1.2408
-0.423,-1.2408
-2.3688000000000002,-0.6063
-2.3688000000000002,-0.6063
-2.3688000000000002,-0.6063
-2.1713999999999998,-1.1985000000000001
-2.1995999999999998,-1.1985000000000001
-2.1995999999999998,-1.1985000000000001
-1.6779,-2.0726999999999998
-1.6779,-2.0726999999999998
-1.6779,-2.0726999999999998
2.2278,-2.2701
2.2278,-2.2701
2.2278,-2.2701
0.7473,-1.4100000000000001
0.0705,-1.4100000000000001
0.0705,-1.4100000000000001
-0.0846,-1.5651
-0.0846,-1.5651
-0.0846,-1.5651
0.0423,-2.3970000000000002
0.0423,-2.3970000000000002
0.0423,-2.3970000000000002
0.0,-2.1008999999999998
0.5216999999999999,-2.1008999999999998
0.5216999999999999,-2.1008999999999998
-1.1562000000000001,0.29610000000000003
-1.1562000000000001,0.29610000000000003
-2.0726999999999998,1.1421000000000001
-2.3829000000000002,1.1421000000000001
-2.3829000000000002,1.1421000000000001
-1.5369,0.0423
-1.4946,0.0423
-1.5369,0.0423
-2.3829000000000002,0.0141
-2.0303999999999998,0.0141
-2.0303999999999998,0.0141
-1.0997999999999999,0.141
-1.9599000000000002,0.141
-1.9599000000000002,0.141
-2.9046,0.9870000000000001
-2.5803,0.9870000000000001
-3.0597,0.9870000000000001
-3.0597,-0.6345
-2.9469,-0.6345
-2.9469,-0.6345
-2.9469,-2.7636
-2.2983000000000002,-2.7636
-2.2983000000000002,-2.7636
-1.3677,-2.7354
-1.0574999999999999,-2.7354
0.8601,-2.7354
-0.12689999999999999,-2.7354
0.23970000000000002,-2.7354
-0.1974,-2.7354
0.7191,-3.4545
0.6486,-3.4545
0.6486,-3.4545
0.6486,-3.4545
0.7332,-4.0466999999999995
1.2831,-4.0466999999999995
1.2831,-4.0466999999999995
1.5933,-2.6085
1.5933,-2.6085
1.5933,-2.6085
0.6768,-0.9729000000000001
0.6768,-0.9729000000000001
0.6768,-0.9729000000000001
0.6909,0.12689999999999999
0.6063,1.2972
0.6063,1.2972
0.3384,1.2972
0.7050000000000001,1.9035
0.7050000000000001,1.9035
0.5216999999999999,1.9035
2.2983000000000002,2.4816
2.2983000000000002,2.4816
2.1572999999999998,2.4816
-1.7343,3.1443
-1.7343,3.1443
-1.7061,3.1443
-0.282,1.9599000000000002
-0.282,1.9599000000000002
-0.0705,1.9599000000000002
-0.0705,1.9599000000000002
-1.7907,0.0705
-1.6638,0.0705
-0.7755,0.0705
-0.7755,-1.1562000000000001
-0.47940000000000005,-1.1562000000000001
2.1008999999999998,-1.1562000000000001
3.9621000000000004,-1.3536
3.5814,-1.3536
3.5814,-1.3536
3.5814,-2.3547000000000002
3.8211000000000004,-2.3547000000000002
3.8493000000000004,-2.3547000000000002
2.0867999999999998,-3.807
2.2842000000000002,-3.807
2.7354,-3.807
4.6389000000000005,-2.8905
4.4274,-2.8905
4.4274,-2.8905
4.4274,-1.7343
4.2581999999999995,-1.7343
4.2581999999999995,-1.7343
2.3688000000000002,1.0997999999999999
1.9880999999999998,3.4686
-0.0141,3.4686
-0.0141,3.4686
-0.6486,3.4686
-0.6486,4.0607999999999995
-0.6486,4.0607999999999995
-1.1562000000000001,4.0607999999999995
-0.9870000000000001,4.6248000000000005
-0.9870000000000001,4.6248000000000005
-1.4664,4.6248000000000005
-0.9165,5.5131
-0.9165,5.5131
0.6063,5.5131
0.6063,5.8797
0.6063,5.8797
0.8601,5.8797
-0.8037,3.2853
-0.8037,3.2853
-0.3666,3.2853
0.6204,-1.5087
0.6204,-1.5087
1.2126,-1.5087
0.12689999999999999,-3.4686
0.12689999999999999,-3.4686
0.12689999999999999,-3.4686
2.0444999999999998,-4.6248000000000005
2.0444999999999998,-4.6248000000000005
2.3970000000000002,-4.6248000000000005
1.8189,-5.0619
1.8189,-5.0619
1.0574999999999999,-5.0619
1.0574999999999999,-4.7517000000000005
1.0574999999999999,-4.7517000000000005
0.8178,-4.7517000000000005
1.9880999999999998,-1.9176000000000002
1.9880999999999998,-1.9176000000000002
1.4805,-1.9176000000000002
0.423,1.2972
0.423,1.2972
0.423,1.2972
0.423,3.1866
0.423,3.1866
-0.0282,4.9773
0.3384,4.9773
0.3384,4.9773
-0.9729000000000001,5.2452
-1.4805,5.2452
-1.4805,5.2452
-0.846,5.1042
-1.0010999999999999,5.1042
-1.0010999999999999,5.1042
-0.9447,4.2863999999999995
-0.7050000000000001,4.2863999999999995
-0.7050000000000001,4.2863999999999995
0.8601,1.9599000000000002
1.5228,1.9599000000000002
1.5228,1.9599000000000002
0.0,-2.3265000000000002
0.0,-2.3265000000000002
0.0,-2.3265000000000002
0.29610000000000003,-3.9902999999999995
0.29610000000000003,-3.9902999999999995
0.29610000000000003,-3.9902999999999995
1.833,-4.7799000000000005
2.2278,-4.7799000000000005
2.2278,-4.7799000000000005
1.6497,-4.8363000000000005
1.6497,-4.8363000000000005
1.6497,-4.8363000000000005
2.9328,-3.3699
1.7484,-3.3699
1.7484,-3.3699
1.4382,-0.25379999999999997
1.1844000000000001,-0.25379999999999997
1.1844000000000001,-0.25379999999999997
0.9870000000000001,-0.25379999999999997
0.9870000000000001,1.7061
0.9870000000000001,1.7061
0.6204,1.7061
0.5498999999999999,3.9057000000000004
0.5498999999999999,5.2593
0.2115,5.2593
-0.49350000000000005,5.2593
-0.49350000000000005,5.2311
-0.7755,5.2311
-1.0433999999999999,5.2311
-2.1854999999999998,4.7235000000000005
-2.1290999999999998,4.7235000000000005
-2.1290999999999998,4.7235000000000005
1.1421000000000001,3.2148
1.2831,3.2148
2.0303999999999998,3.2148
-0.2256,1.1139
1.2549,1.1139
